Loaded 30 ground truth split cases from /home/arnau-marcos-almansa/workspace/Team4/qsd1_w4/split_ground_truth.txt
====================================================================================================
SPLIT DETECTION GRID SEARCH
====================================================================================================
Dataset: /home/arnau-marcos-almansa/workspace/Team4/qsd1_w4
Total images: 30
Ground truth entries: 30
Total configurations to test: 6590
====================================================================================================

[   1/6590] GradDet(th=5.0,vf=0.03)+GradSplit(th=6.0,vf=0.03)                      | ✗ 1 fail
           └─ Failures: 00024(pred:single,gt:horizontal)
[   2/6590] GradDet(th=5.0,vf=0.03)+GradSplit(th=6.0,vf=0.04)                      | ✗ 1 fail
           └─ Failures: 00024(pred:single,gt:horizontal)
[   3/6590] GradDet(th=5.0,vf=0.03)+GradSplit(th=6.0,vf=0.05)                      | ✗ 1 fail
           └─ Failures: 00024(pred:single,gt:horizontal)
[   4/6590] GradDet(th=5.0,vf=0.03)+GradSplit(th=6.0,vf=0.06)                      | ✗ 1 fail
           └─ Failures: 00024(pred:single,gt:horizontal)
[   5/6590] GradDet(th=5.0,vf=0.03)+GradSplit(th=6.0,vf=0.07)                      | ✗ 1 fail
           └─ Failures: 00024(pred:single,gt:horizontal)
[   6/6590] GradDet(th=5.0,vf=0.03)+GradSplit(th=6.0,vf=0.08)                      | ✗ 1 fail
           └─ Failures: 00024(pred:single,gt:horizontal)
[   7/6590] GradDet(th=5.0,vf=0.03)+GradSplit(th=7.0,vf=0.03)                      | ✗ 1 fail
           └─ Failures: 00024(pred:single,gt:horizontal)
[   8/6590] GradDet(th=5.0,vf=0.03)+GradSplit(th=7.0,vf=0.04)                      | ✗ 1 fail
           └─ Failures: 00024(pred:single,gt:horizontal)
[   9/6590] GradDet(th=5.0,vf=0.03)+GradSplit(th=7.0,vf=0.05)                      | ✗ 1 fail
           └─ Failures: 00024(pred:single,gt:horizontal)
[  10/6590] GradDet(th=5.0,vf=0.03)+GradSplit(th=7.0,vf=0.06)                      | ✗ 1 fail
           └─ Failures: 00024(pred:single,gt:horizontal)
[  11/6590] GradDet(th=5.0,vf=0.03)+GradSplit(th=7.0,vf=0.07)                      | ✗ 1 fail
           └─ Failures: 00024(pred:single,gt:horizontal)
[  12/6590] GradDet(th=5.0,vf=0.03)+GradSplit(th=7.0,vf=0.08)                      | ✗ 1 fail
           └─ Failures: 00024(pred:single,gt:horizontal)
[  13/6590] GradDet(th=5.0,vf=0.03)+GradSplit(th=8.0,vf=0.03)                      | ✗ 1 fail
           └─ Failures: 00024(pred:single,gt:horizontal)
[  14/6590] GradDet(th=5.0,vf=0.03)+GradSplit(th=8.0,vf=0.04)                      | ✗ 1 fail
           └─ Failures: 00024(pred:single,gt:horizontal)
[  15/6590] GradDet(th=5.0,vf=0.03)+GradSplit(th=8.0,vf=0.05)                      | ✗ 1 fail
           └─ Failures: 00024(pred:single,gt:horizontal)
[  16/6590] GradDet(th=5.0,vf=0.03)+GradSplit(th=8.0,vf=0.06)                      | ✗ 1 fail
           └─ Failures: 00024(pred:single,gt:horizontal)
[  17/6590] GradDet(th=5.0,vf=0.03)+GradSplit(th=8.0,vf=0.07)                      | ✗ 1 fail
           └─ Failures: 00024(pred:single,gt:horizontal)
[  18/6590] GradDet(th=5.0,vf=0.03)+GradSplit(th=8.0,vf=0.08)                      | ✗ 1 fail
           └─ Failures: 00024(pred:single,gt:horizontal)
[  19/6590] GradDet(th=5.0,vf=0.03)+GradSplit(th=8.5,vf=0.03)                      | ✗ 1 fail
           └─ Failures: 00024(pred:single,gt:horizontal)
[  20/6590] GradDet(th=5.0,vf=0.03)+GradSplit(th=8.5,vf=0.04)                      | ✗ 1 fail
           └─ Failures: 00024(pred:single,gt:horizontal)
[  21/6590] GradDet(th=5.0,vf=0.03)+GradSplit(th=8.5,vf=0.05)                      | ✗ 1 fail
           └─ Failures: 00024(pred:single,gt:horizontal)
[  22/6590] GradDet(th=5.0,vf=0.03)+GradSplit(th=8.5,vf=0.06)                      | ✗ 1 fail
           └─ Failures: 00024(pred:single,gt:horizontal)
[  23/6590] GradDet(th=5.0,vf=0.03)+GradSplit(th=8.5,vf=0.07)                      | ✗ 1 fail
           └─ Failures: 00024(pred:single,gt:horizontal)
[  24/6590] GradDet(th=5.0,vf=0.03)+GradSplit(th=8.5,vf=0.08)                      | ✗ 1 fail
           └─ Failures: 00024(pred:single,gt:horizontal)
[  25/6590] GradDet(th=5.0,vf=0.03)+GradSplit(th=9.0,vf=0.03)                      | ✗ 1 fail
           └─ Failures: 00024(pred:single,gt:horizontal)
[  26/6590] GradDet(th=5.0,vf=0.03)+GradSplit(th=9.0,vf=0.04)                      | ✗ 1 fail
           └─ Failures: 00024(pred:single,gt:horizontal)
[  27/6590] GradDet(th=5.0,vf=0.03)+GradSplit(th=9.0,vf=0.05)                      | ✗ 1 fail
           └─ Failures: 00024(pred:single,gt:horizontal)
[  28/6590] GradDet(th=5.0,vf=0.03)+GradSplit(th=9.0,vf=0.06)                      | ✗ 1 fail
           └─ Failures: 00024(pred:single,gt:horizontal)
[  29/6590] GradDet(th=5.0,vf=0.03)+GradSplit(th=9.0,vf=0.07)                      | ✗ 1 fail
           └─ Failures: 00024(pred:single,gt:horizontal)
[  30/6590] GradDet(th=5.0,vf=0.03)+GradSplit(th=9.0,vf=0.08)                      | ✗ 1 fail
           └─ Failures: 00024(pred:single,gt:horizontal)
[  31/6590] GradDet(th=5.0,vf=0.03)+GradSplit(th=10.0,vf=0.03)                     | ✗ 1 fail
           └─ Failures: 00024(pred:single,gt:horizontal)
[  32/6590] GradDet(th=5.0,vf=0.03)+GradSplit(th=10.0,vf=0.04)                     | ✗ 1 fail
           └─ Failures: 00024(pred:single,gt:horizontal)
[  33/6590] GradDet(th=5.0,vf=0.03)+GradSplit(th=10.0,vf=0.05)                     | ✗ 1 fail
           └─ Failures: 00024(pred:single,gt:horizontal)
[  34/6590] GradDet(th=5.0,vf=0.03)+GradSplit(th=10.0,vf=0.06)                     | ✗ 1 fail
           └─ Failures: 00024(pred:single,gt:horizontal)
[  35/6590] GradDet(th=5.0,vf=0.03)+GradSplit(th=10.0,vf=0.07)                     | ✗ 1 fail
           └─ Failures: 00024(pred:single,gt:horizontal)
[  36/6590] GradDet(th=5.0,vf=0.03)+GradSplit(th=10.0,vf=0.08)                     | ✗ 1 fail
           └─ Failures: 00024(pred:single,gt:horizontal)
[  37/6590] GradDet(th=5.0,vf=0.03)+GradSplit(th=11.0,vf=0.03)                     | ✗ 1 fail
           └─ Failures: 00024(pred:single,gt:horizontal)
[  38/6590] GradDet(th=5.0,vf=0.03)+GradSplit(th=11.0,vf=0.04)                     | ✗ 1 fail
           └─ Failures: 00024(pred:single,gt:horizontal)
[  39/6590] GradDet(th=5.0,vf=0.03)+GradSplit(th=11.0,vf=0.05)                     | ✗ 1 fail
           └─ Failures: 00024(pred:single,gt:horizontal)
[  40/6590] GradDet(th=5.0,vf=0.03)+GradSplit(th=11.0,vf=0.06)                     | ✗ 1 fail
           └─ Failures: 00024(pred:single,gt:horizontal)
[  41/6590] GradDet(th=5.0,vf=0.03)+GradSplit(th=11.0,vf=0.07)                     | ✗ 1 fail
           └─ Failures: 00024(pred:single,gt:horizontal)
[  42/6590] GradDet(th=5.0,vf=0.03)+GradSplit(th=11.0,vf=0.08)                     | ✗ 1 fail
           └─ Failures: 00024(pred:single,gt:horizontal)
[  43/6590] GradDet(th=5.0,vf=0.03)+GradSplit(th=12.0,vf=0.03)                     | ✗ 1 fail
           └─ Failures: 00024(pred:single,gt:horizontal)
[  44/6590] GradDet(th=5.0,vf=0.03)+GradSplit(th=12.0,vf=0.04)                     | ✗ 1 fail
           └─ Failures: 00024(pred:single,gt:horizontal)
[  45/6590] GradDet(th=5.0,vf=0.03)+GradSplit(th=12.0,vf=0.05)                     | ✗ 1 fail
           └─ Failures: 00024(pred:single,gt:horizontal)
[  46/6590] GradDet(th=5.0,vf=0.03)+GradSplit(th=12.0,vf=0.06)                     | ✗ 1 fail
           └─ Failures: 00024(pred:single,gt:horizontal)
[  47/6590] GradDet(th=5.0,vf=0.03)+GradSplit(th=12.0,vf=0.07)                     | ✗ 1 fail
           └─ Failures: 00024(pred:single,gt:horizontal)
[  48/6590] GradDet(th=5.0,vf=0.03)+GradSplit(th=12.0,vf=0.08)                     | ✗ 1 fail
           └─ Failures: 00024(pred:single,gt:horizontal)
[  49/6590] GradDet(th=5.0,vf=0.03)+GradSplit(th=13.0,vf=0.03)                     | ✗ 1 fail
           └─ Failures: 00024(pred:single,gt:horizontal)
[  50/6590] GradDet(th=5.0,vf=0.03)+GradSplit(th=13.0,vf=0.04)                     | ✗ 1 fail
           └─ Failures: 00024(pred:single,gt:horizontal)
[  51/6590] GradDet(th=5.0,vf=0.03)+GradSplit(th=13.0,vf=0.05)                     | ✗ 1 fail
           └─ Failures: 00024(pred:single,gt:horizontal)
[  52/6590] GradDet(th=5.0,vf=0.03)+GradSplit(th=13.0,vf=0.06)                     | ✗ 1 fail
           └─ Failures: 00024(pred:single,gt:horizontal)
[  53/6590] GradDet(th=5.0,vf=0.03)+GradSplit(th=13.0,vf=0.07)                     | ✗ 1 fail
           └─ Failures: 00024(pred:single,gt:horizontal)
[  54/6590] GradDet(th=5.0,vf=0.03)+GradSplit(th=13.0,vf=0.08)                     | ✗ 1 fail
           └─ Failures: 00024(pred:single,gt:horizontal)
[  55/6590] GradDet(th=5.0,vf=0.04)+GradSplit(th=6.0,vf=0.03)                      | ✗ 1 fail
           └─ Failures: 00024(pred:single,gt:horizontal)
[  56/6590] GradDet(th=5.0,vf=0.04)+GradSplit(th=6.0,vf=0.04)                      | ✗ 1 fail
           └─ Failures: 00024(pred:single,gt:horizontal)
[  57/6590] GradDet(th=5.0,vf=0.04)+GradSplit(th=6.0,vf=0.05)                      | ✗ 1 fail
           └─ Failures: 00024(pred:single,gt:horizontal)
[  58/6590] GradDet(th=5.0,vf=0.04)+GradSplit(th=6.0,vf=0.06)                      | ✗ 1 fail
           └─ Failures: 00024(pred:single,gt:horizontal)
[  59/6590] GradDet(th=5.0,vf=0.04)+GradSplit(th=6.0,vf=0.07)                      | ✗ 1 fail
           └─ Failures: 00024(pred:single,gt:horizontal)
[  60/6590] GradDet(th=5.0,vf=0.04)+GradSplit(th=6.0,vf=0.08)                      | ✗ 1 fail
           └─ Failures: 00024(pred:single,gt:horizontal)
[  61/6590] GradDet(th=5.0,vf=0.04)+GradSplit(th=7.0,vf=0.03)                      | ✗ 1 fail
           └─ Failures: 00024(pred:single,gt:horizontal)
[  62/6590] GradDet(th=5.0,vf=0.04)+GradSplit(th=7.0,vf=0.04)                      | ✗ 1 fail
           └─ Failures: 00024(pred:single,gt:horizontal)
[  63/6590] GradDet(th=5.0,vf=0.04)+GradSplit(th=7.0,vf=0.05)                      | ✗ 1 fail
           └─ Failures: 00024(pred:single,gt:horizontal)
[  64/6590] GradDet(th=5.0,vf=0.04)+GradSplit(th=7.0,vf=0.06)                      | ✗ 1 fail
           └─ Failures: 00024(pred:single,gt:horizontal)
[  65/6590] GradDet(th=5.0,vf=0.04)+GradSplit(th=7.0,vf=0.07)                      | ✗ 1 fail
           └─ Failures: 00024(pred:single,gt:horizontal)
[  66/6590] GradDet(th=5.0,vf=0.04)+GradSplit(th=7.0,vf=0.08)                      | ✗ 1 fail
           └─ Failures: 00024(pred:single,gt:horizontal)
[  67/6590] GradDet(th=5.0,vf=0.04)+GradSplit(th=8.0,vf=0.03)                      | ✗ 1 fail
           └─ Failures: 00024(pred:single,gt:horizontal)
[  68/6590] GradDet(th=5.0,vf=0.04)+GradSplit(th=8.0,vf=0.04)                      | ✗ 1 fail
           └─ Failures: 00024(pred:single,gt:horizontal)
[  69/6590] GradDet(th=5.0,vf=0.04)+GradSplit(th=8.0,vf=0.05)                      | ✗ 1 fail
           └─ Failures: 00024(pred:single,gt:horizontal)
[  70/6590] GradDet(th=5.0,vf=0.04)+GradSplit(th=8.0,vf=0.06)                      | ✗ 1 fail
           └─ Failures: 00024(pred:single,gt:horizontal)
[  71/6590] GradDet(th=5.0,vf=0.04)+GradSplit(th=8.0,vf=0.07)                      | ✗ 1 fail
           └─ Failures: 00024(pred:single,gt:horizontal)
[  72/6590] GradDet(th=5.0,vf=0.04)+GradSplit(th=8.0,vf=0.08)                      | ✗ 1 fail
           └─ Failures: 00024(pred:single,gt:horizontal)
[  73/6590] GradDet(th=5.0,vf=0.04)+GradSplit(th=8.5,vf=0.03)                      | ✗ 1 fail
           └─ Failures: 00024(pred:single,gt:horizontal)
[  74/6590] GradDet(th=5.0,vf=0.04)+GradSplit(th=8.5,vf=0.04)                      | ✗ 1 fail
           └─ Failures: 00024(pred:single,gt:horizontal)
[  75/6590] GradDet(th=5.0,vf=0.04)+GradSplit(th=8.5,vf=0.05)                      | ✗ 1 fail
           └─ Failures: 00024(pred:single,gt:horizontal)
[  76/6590] GradDet(th=5.0,vf=0.04)+GradSplit(th=8.5,vf=0.06)                      | ✗ 1 fail
           └─ Failures: 00024(pred:single,gt:horizontal)
[  77/6590] GradDet(th=5.0,vf=0.04)+GradSplit(th=8.5,vf=0.07)                      | ✗ 1 fail
           └─ Failures: 00024(pred:single,gt:horizontal)
[  78/6590] GradDet(th=5.0,vf=0.04)+GradSplit(th=8.5,vf=0.08)                      | ✗ 1 fail
           └─ Failures: 00024(pred:single,gt:horizontal)
[  79/6590] GradDet(th=5.0,vf=0.04)+GradSplit(th=9.0,vf=0.03)                      | ✗ 1 fail
           └─ Failures: 00024(pred:single,gt:horizontal)
[  80/6590] GradDet(th=5.0,vf=0.04)+GradSplit(th=9.0,vf=0.04)                      | ✗ 1 fail
           └─ Failures: 00024(pred:single,gt:horizontal)
[  81/6590] GradDet(th=5.0,vf=0.04)+GradSplit(th=9.0,vf=0.05)                      | ✗ 1 fail
           └─ Failures: 00024(pred:single,gt:horizontal)
[  82/6590] GradDet(th=5.0,vf=0.04)+GradSplit(th=9.0,vf=0.06)                      | ✗ 1 fail
           └─ Failures: 00024(pred:single,gt:horizontal)
[  83/6590] GradDet(th=5.0,vf=0.04)+GradSplit(th=9.0,vf=0.07)                      | ✗ 1 fail
           └─ Failures: 00024(pred:single,gt:horizontal)
[  84/6590] GradDet(th=5.0,vf=0.04)+GradSplit(th=9.0,vf=0.08)                      | ✗ 1 fail
           └─ Failures: 00024(pred:single,gt:horizontal)
[  85/6590] GradDet(th=5.0,vf=0.04)+GradSplit(th=10.0,vf=0.03)                     | ✗ 1 fail
           └─ Failures: 00024(pred:single,gt:horizontal)
[  86/6590] GradDet(th=5.0,vf=0.04)+GradSplit(th=10.0,vf=0.04)                     | ✗ 1 fail
           └─ Failures: 00024(pred:single,gt:horizontal)
[  87/6590] GradDet(th=5.0,vf=0.04)+GradSplit(th=10.0,vf=0.05)                     | ✗ 1 fail
           └─ Failures: 00024(pred:single,gt:horizontal)
[  88/6590] GradDet(th=5.0,vf=0.04)+GradSplit(th=10.0,vf=0.06)                     | ✗ 1 fail
           └─ Failures: 00024(pred:single,gt:horizontal)
[  89/6590] GradDet(th=5.0,vf=0.04)+GradSplit(th=10.0,vf=0.07)                     | ✗ 1 fail
           └─ Failures: 00024(pred:single,gt:horizontal)
[  90/6590] GradDet(th=5.0,vf=0.04)+GradSplit(th=10.0,vf=0.08)                     | ✗ 1 fail
           └─ Failures: 00024(pred:single,gt:horizontal)
[  91/6590] GradDet(th=5.0,vf=0.04)+GradSplit(th=11.0,vf=0.03)                     | ✗ 1 fail
           └─ Failures: 00024(pred:single,gt:horizontal)
[  92/6590] GradDet(th=5.0,vf=0.04)+GradSplit(th=11.0,vf=0.04)                     | ✗ 1 fail
           └─ Failures: 00024(pred:single,gt:horizontal)
[  93/6590] GradDet(th=5.0,vf=0.04)+GradSplit(th=11.0,vf=0.05)                     | ✗ 1 fail
           └─ Failures: 00024(pred:single,gt:horizontal)
[  94/6590] GradDet(th=5.0,vf=0.04)+GradSplit(th=11.0,vf=0.06)                     | ✗ 1 fail
           └─ Failures: 00024(pred:single,gt:horizontal)
[  95/6590] GradDet(th=5.0,vf=0.04)+GradSplit(th=11.0,vf=0.07)                     | ✗ 1 fail
           └─ Failures: 00024(pred:single,gt:horizontal)
[  96/6590] GradDet(th=5.0,vf=0.04)+GradSplit(th=11.0,vf=0.08)                     | ✗ 1 fail
           └─ Failures: 00024(pred:single,gt:horizontal)
[  97/6590] GradDet(th=5.0,vf=0.04)+GradSplit(th=12.0,vf=0.03)                     | ✗ 1 fail
           └─ Failures: 00024(pred:single,gt:horizontal)
[  98/6590] GradDet(th=5.0,vf=0.04)+GradSplit(th=12.0,vf=0.04)                     | ✗ 1 fail
           └─ Failures: 00024(pred:single,gt:horizontal)
[  99/6590] GradDet(th=5.0,vf=0.04)+GradSplit(th=12.0,vf=0.05)                     | ✗ 1 fail
           └─ Failures: 00024(pred:single,gt:horizontal)
[ 100/6590] GradDet(th=5.0,vf=0.04)+GradSplit(th=12.0,vf=0.06)                     | ✗ 1 fail
           └─ Failures: 00024(pred:single,gt:horizontal)
[ 101/6590] GradDet(th=5.0,vf=0.04)+GradSplit(th=12.0,vf=0.07)                     | ✗ 1 fail
           └─ Failures: 00024(pred:single,gt:horizontal)
[ 102/6590] GradDet(th=5.0,vf=0.04)+GradSplit(th=12.0,vf=0.08)                     | ✗ 1 fail
           └─ Failures: 00024(pred:single,gt:horizontal)
[ 103/6590] GradDet(th=5.0,vf=0.04)+GradSplit(th=13.0,vf=0.03)                     | ✗ 1 fail
           └─ Failures: 00024(pred:single,gt:horizontal)
[ 104/6590] GradDet(th=5.0,vf=0.04)+GradSplit(th=13.0,vf=0.04)                     | ✗ 1 fail
           └─ Failures: 00024(pred:single,gt:horizontal)
[ 105/6590] GradDet(th=5.0,vf=0.04)+GradSplit(th=13.0,vf=0.05)                     | ✗ 1 fail
           └─ Failures: 00024(pred:single,gt:horizontal)
[ 106/6590] GradDet(th=5.0,vf=0.04)+GradSplit(th=13.0,vf=0.06)                     | ✗ 1 fail
           └─ Failures: 00024(pred:single,gt:horizontal)
[ 107/6590] GradDet(th=5.0,vf=0.04)+GradSplit(th=13.0,vf=0.07)                     | ✗ 1 fail
           └─ Failures: 00024(pred:single,gt:horizontal)
[ 108/6590] GradDet(th=5.0,vf=0.04)+GradSplit(th=13.0,vf=0.08)                     | ✗ 1 fail
           └─ Failures: 00024(pred:single,gt:horizontal)
[ 109/6590] GradDet(th=5.0,vf=0.05)+GradSplit(th=6.0,vf=0.03)                      | ✗ 2 fail
           └─ Failures: 00017(pred:horizontal,gt:single), 00024(pred:single,gt:horizontal)
[ 110/6590] GradDet(th=5.0,vf=0.05)+GradSplit(th=6.0,vf=0.04)                      | ✗ 2 fail
           └─ Failures: 00017(pred:horizontal,gt:single), 00024(pred:single,gt:horizontal)
[ 111/6590] GradDet(th=5.0,vf=0.05)+GradSplit(th=6.0,vf=0.05)                      | ✗ 2 fail
           └─ Failures: 00017(pred:horizontal,gt:single), 00024(pred:single,gt:horizontal)
[ 112/6590] GradDet(th=5.0,vf=0.05)+GradSplit(th=6.0,vf=0.06)                      | ✗ 2 fail
           └─ Failures: 00017(pred:horizontal,gt:single), 00024(pred:single,gt:horizontal)
[ 113/6590] GradDet(th=5.0,vf=0.05)+GradSplit(th=6.0,vf=0.07)                      | ✗ 2 fail
           └─ Failures: 00017(pred:horizontal,gt:single), 00024(pred:single,gt:horizontal)
[ 114/6590] GradDet(th=5.0,vf=0.05)+GradSplit(th=6.0,vf=0.08)                      | ✗ 2 fail
           └─ Failures: 00017(pred:horizontal,gt:single), 00024(pred:single,gt:horizontal)
[ 115/6590] GradDet(th=5.0,vf=0.05)+GradSplit(th=7.0,vf=0.03)                      | ✗ 2 fail
           └─ Failures: 00017(pred:horizontal,gt:single), 00024(pred:single,gt:horizontal)
[ 116/6590] GradDet(th=5.0,vf=0.05)+GradSplit(th=7.0,vf=0.04)                      | ✗ 2 fail
           └─ Failures: 00017(pred:horizontal,gt:single), 00024(pred:single,gt:horizontal)
[ 117/6590] GradDet(th=5.0,vf=0.05)+GradSplit(th=7.0,vf=0.05)                      | ✗ 2 fail
           └─ Failures: 00017(pred:horizontal,gt:single), 00024(pred:single,gt:horizontal)
[ 118/6590] GradDet(th=5.0,vf=0.05)+GradSplit(th=7.0,vf=0.06)                      | ✗ 2 fail
           └─ Failures: 00017(pred:horizontal,gt:single), 00024(pred:single,gt:horizontal)
[ 119/6590] GradDet(th=5.0,vf=0.05)+GradSplit(th=7.0,vf=0.07)                      | ✗ 2 fail
           └─ Failures: 00017(pred:horizontal,gt:single), 00024(pred:single,gt:horizontal)
[ 120/6590] GradDet(th=5.0,vf=0.05)+GradSplit(th=7.0,vf=0.08)                      | ✗ 2 fail
           └─ Failures: 00017(pred:horizontal,gt:single), 00024(pred:single,gt:horizontal)
[ 121/6590] GradDet(th=5.0,vf=0.05)+GradSplit(th=8.0,vf=0.03)                      | ✗ 2 fail
           └─ Failures: 00017(pred:horizontal,gt:single), 00024(pred:single,gt:horizontal)
[ 122/6590] GradDet(th=5.0,vf=0.05)+GradSplit(th=8.0,vf=0.04)                      | ✗ 2 fail
           └─ Failures: 00017(pred:horizontal,gt:single), 00024(pred:single,gt:horizontal)
[ 123/6590] GradDet(th=5.0,vf=0.05)+GradSplit(th=8.0,vf=0.05)                      | ✗ 2 fail
           └─ Failures: 00017(pred:horizontal,gt:single), 00024(pred:single,gt:horizontal)
[ 124/6590] GradDet(th=5.0,vf=0.05)+GradSplit(th=8.0,vf=0.06)                      | ✗ 2 fail
           └─ Failures: 00017(pred:horizontal,gt:single), 00024(pred:single,gt:horizontal)
[ 125/6590] GradDet(th=5.0,vf=0.05)+GradSplit(th=8.0,vf=0.07)                      | ✗ 2 fail
           └─ Failures: 00017(pred:horizontal,gt:single), 00024(pred:single,gt:horizontal)
[ 126/6590] GradDet(th=5.0,vf=0.05)+GradSplit(th=8.0,vf=0.08)                      | ✗ 2 fail
           └─ Failures: 00017(pred:horizontal,gt:single), 00024(pred:single,gt:horizontal)
[ 127/6590] GradDet(th=5.0,vf=0.05)+GradSplit(th=8.5,vf=0.03)                      | ✗ 2 fail
           └─ Failures: 00017(pred:horizontal,gt:single), 00024(pred:single,gt:horizontal)
[ 128/6590] GradDet(th=5.0,vf=0.05)+GradSplit(th=8.5,vf=0.04)                      | ✗ 2 fail
           └─ Failures: 00017(pred:horizontal,gt:single), 00024(pred:single,gt:horizontal)
[ 129/6590] GradDet(th=5.0,vf=0.05)+GradSplit(th=8.5,vf=0.05)                      | ✗ 2 fail
           └─ Failures: 00017(pred:horizontal,gt:single), 00024(pred:single,gt:horizontal)
[ 130/6590] GradDet(th=5.0,vf=0.05)+GradSplit(th=8.5,vf=0.06)                      | ✗ 2 fail
           └─ Failures: 00017(pred:horizontal,gt:single), 00024(pred:single,gt:horizontal)
[ 131/6590] GradDet(th=5.0,vf=0.05)+GradSplit(th=8.5,vf=0.07)                      | ✗ 2 fail
           └─ Failures: 00017(pred:horizontal,gt:single), 00024(pred:single,gt:horizontal)
[ 132/6590] GradDet(th=5.0,vf=0.05)+GradSplit(th=8.5,vf=0.08)                      | ✗ 2 fail
           └─ Failures: 00017(pred:horizontal,gt:single), 00024(pred:single,gt:horizontal)
[ 133/6590] GradDet(th=5.0,vf=0.05)+GradSplit(th=9.0,vf=0.03)                      | ✗ 2 fail
           └─ Failures: 00017(pred:horizontal,gt:single), 00024(pred:single,gt:horizontal)
[ 134/6590] GradDet(th=5.0,vf=0.05)+GradSplit(th=9.0,vf=0.04)                      | ✗ 2 fail
           └─ Failures: 00017(pred:horizontal,gt:single), 00024(pred:single,gt:horizontal)
[ 135/6590] GradDet(th=5.0,vf=0.05)+GradSplit(th=9.0,vf=0.05)                      | ✗ 2 fail
           └─ Failures: 00017(pred:horizontal,gt:single), 00024(pred:single,gt:horizontal)
[ 136/6590] GradDet(th=5.0,vf=0.05)+GradSplit(th=9.0,vf=0.06)                      | ✗ 2 fail
           └─ Failures: 00017(pred:horizontal,gt:single), 00024(pred:single,gt:horizontal)
[ 137/6590] GradDet(th=5.0,vf=0.05)+GradSplit(th=9.0,vf=0.07)                      | ✗ 2 fail
           └─ Failures: 00017(pred:horizontal,gt:single), 00024(pred:single,gt:horizontal)
[ 138/6590] GradDet(th=5.0,vf=0.05)+GradSplit(th=9.0,vf=0.08)                      | ✗ 2 fail
           └─ Failures: 00017(pred:horizontal,gt:single), 00024(pred:single,gt:horizontal)
[ 139/6590] GradDet(th=5.0,vf=0.05)+GradSplit(th=10.0,vf=0.03)                     | ✗ 2 fail
           └─ Failures: 00017(pred:horizontal,gt:single), 00024(pred:single,gt:horizontal)
[ 140/6590] GradDet(th=5.0,vf=0.05)+GradSplit(th=10.0,vf=0.04)                     | ✗ 2 fail
           └─ Failures: 00017(pred:horizontal,gt:single), 00024(pred:single,gt:horizontal)
[ 141/6590] GradDet(th=5.0,vf=0.05)+GradSplit(th=10.0,vf=0.05)                     | ✗ 2 fail
           └─ Failures: 00017(pred:horizontal,gt:single), 00024(pred:single,gt:horizontal)
[ 142/6590] GradDet(th=5.0,vf=0.05)+GradSplit(th=10.0,vf=0.06)                     | ✗ 2 fail
           └─ Failures: 00017(pred:horizontal,gt:single), 00024(pred:single,gt:horizontal)
[ 143/6590] GradDet(th=5.0,vf=0.05)+GradSplit(th=10.0,vf=0.07)                     | ✗ 2 fail
           └─ Failures: 00017(pred:horizontal,gt:single), 00024(pred:single,gt:horizontal)
[ 144/6590] GradDet(th=5.0,vf=0.05)+GradSplit(th=10.0,vf=0.08)                     | ✗ 2 fail
           └─ Failures: 00017(pred:horizontal,gt:single), 00024(pred:single,gt:horizontal)
[ 145/6590] GradDet(th=5.0,vf=0.05)+GradSplit(th=11.0,vf=0.03)                     | ✗ 2 fail
           └─ Failures: 00017(pred:horizontal,gt:single), 00024(pred:single,gt:horizontal)
[ 146/6590] GradDet(th=5.0,vf=0.05)+GradSplit(th=11.0,vf=0.04)                     | ✗ 2 fail
           └─ Failures: 00017(pred:horizontal,gt:single), 00024(pred:single,gt:horizontal)
[ 147/6590] GradDet(th=5.0,vf=0.05)+GradSplit(th=11.0,vf=0.05)                     | ✗ 2 fail
           └─ Failures: 00017(pred:horizontal,gt:single), 00024(pred:single,gt:horizontal)
[ 148/6590] GradDet(th=5.0,vf=0.05)+GradSplit(th=11.0,vf=0.06)                     | ✗ 2 fail
           └─ Failures: 00017(pred:horizontal,gt:single), 00024(pred:single,gt:horizontal)
[ 149/6590] GradDet(th=5.0,vf=0.05)+GradSplit(th=11.0,vf=0.07)                     | ✗ 2 fail
           └─ Failures: 00017(pred:horizontal,gt:single), 00024(pred:single,gt:horizontal)
[ 150/6590] GradDet(th=5.0,vf=0.05)+GradSplit(th=11.0,vf=0.08)                     | ✗ 2 fail
           └─ Failures: 00017(pred:horizontal,gt:single), 00024(pred:single,gt:horizontal)
[ 151/6590] GradDet(th=5.0,vf=0.05)+GradSplit(th=12.0,vf=0.03)                     | ✗ 2 fail
           └─ Failures: 00017(pred:horizontal,gt:single), 00024(pred:single,gt:horizontal)
[ 152/6590] GradDet(th=5.0,vf=0.05)+GradSplit(th=12.0,vf=0.04)                     | ✗ 2 fail
           └─ Failures: 00017(pred:horizontal,gt:single), 00024(pred:single,gt:horizontal)
[ 153/6590] GradDet(th=5.0,vf=0.05)+GradSplit(th=12.0,vf=0.05)                     | ✗ 2 fail
           └─ Failures: 00017(pred:horizontal,gt:single), 00024(pred:single,gt:horizontal)
[ 154/6590] GradDet(th=5.0,vf=0.05)+GradSplit(th=12.0,vf=0.06)                     | ✗ 2 fail
           └─ Failures: 00017(pred:horizontal,gt:single), 00024(pred:single,gt:horizontal)
[ 155/6590] GradDet(th=5.0,vf=0.05)+GradSplit(th=12.0,vf=0.07)                     | ✗ 2 fail
           └─ Failures: 00017(pred:horizontal,gt:single), 00024(pred:single,gt:horizontal)
[ 156/6590] GradDet(th=5.0,vf=0.05)+GradSplit(th=12.0,vf=0.08)                     | ✗ 2 fail
           └─ Failures: 00017(pred:horizontal,gt:single), 00024(pred:single,gt:horizontal)
[ 157/6590] GradDet(th=5.0,vf=0.05)+GradSplit(th=13.0,vf=0.03)                     | ✗ 2 fail
           └─ Failures: 00017(pred:horizontal,gt:single), 00024(pred:single,gt:horizontal)
[ 158/6590] GradDet(th=5.0,vf=0.05)+GradSplit(th=13.0,vf=0.04)                     | ✗ 2 fail
           └─ Failures: 00017(pred:horizontal,gt:single), 00024(pred:single,gt:horizontal)
[ 159/6590] GradDet(th=5.0,vf=0.05)+GradSplit(th=13.0,vf=0.05)                     | ✗ 2 fail
           └─ Failures: 00017(pred:horizontal,gt:single), 00024(pred:single,gt:horizontal)
[ 160/6590] GradDet(th=5.0,vf=0.05)+GradSplit(th=13.0,vf=0.06)                     | ✗ 2 fail
           └─ Failures: 00017(pred:horizontal,gt:single), 00024(pred:single,gt:horizontal)
[ 161/6590] GradDet(th=5.0,vf=0.05)+GradSplit(th=13.0,vf=0.07)                     | ✗ 2 fail
           └─ Failures: 00017(pred:horizontal,gt:single), 00024(pred:single,gt:horizontal)
[ 162/6590] GradDet(th=5.0,vf=0.05)+GradSplit(th=13.0,vf=0.08)                     | ✗ 2 fail
           └─ Failures: 00017(pred:horizontal,gt:single), 00024(pred:single,gt:horizontal)
[ 163/6590] GradDet(th=5.0,vf=0.06)+GradSplit(th=6.0,vf=0.03)                      | ✗ 1 fail
           └─ Failures: 00024(pred:single,gt:horizontal)
[ 164/6590] GradDet(th=5.0,vf=0.06)+GradSplit(th=6.0,vf=0.04)                      | ✗ 1 fail
           └─ Failures: 00024(pred:single,gt:horizontal)
[ 165/6590] GradDet(th=5.0,vf=0.06)+GradSplit(th=6.0,vf=0.05)                      | ✗ 1 fail
           └─ Failures: 00024(pred:single,gt:horizontal)
[ 166/6590] GradDet(th=5.0,vf=0.06)+GradSplit(th=6.0,vf=0.06)                      | ✗ 1 fail
           └─ Failures: 00024(pred:single,gt:horizontal)
[ 167/6590] GradDet(th=5.0,vf=0.06)+GradSplit(th=6.0,vf=0.07)                      | ✗ 1 fail
           └─ Failures: 00024(pred:single,gt:horizontal)
[ 168/6590] GradDet(th=5.0,vf=0.06)+GradSplit(th=6.0,vf=0.08)                      | ✗ 1 fail
           └─ Failures: 00024(pred:single,gt:horizontal)
[ 169/6590] GradDet(th=5.0,vf=0.06)+GradSplit(th=7.0,vf=0.03)                      | ✗ 1 fail
           └─ Failures: 00024(pred:single,gt:horizontal)
[ 170/6590] GradDet(th=5.0,vf=0.06)+GradSplit(th=7.0,vf=0.04)                      | ✗ 1 fail
           └─ Failures: 00024(pred:single,gt:horizontal)
[ 171/6590] GradDet(th=5.0,vf=0.06)+GradSplit(th=7.0,vf=0.05)                      | ✗ 1 fail
           └─ Failures: 00024(pred:single,gt:horizontal)
[ 172/6590] GradDet(th=5.0,vf=0.06)+GradSplit(th=7.0,vf=0.06)                      | ✗ 1 fail
           └─ Failures: 00024(pred:single,gt:horizontal)
[ 173/6590] GradDet(th=5.0,vf=0.06)+GradSplit(th=7.0,vf=0.07)                      | ✗ 1 fail
           └─ Failures: 00024(pred:single,gt:horizontal)
[ 174/6590] GradDet(th=5.0,vf=0.06)+GradSplit(th=7.0,vf=0.08)                      | ✗ 1 fail
           └─ Failures: 00024(pred:single,gt:horizontal)
[ 175/6590] GradDet(th=5.0,vf=0.06)+GradSplit(th=8.0,vf=0.03)                      | ✗ 1 fail
           └─ Failures: 00024(pred:single,gt:horizontal)
[ 176/6590] GradDet(th=5.0,vf=0.06)+GradSplit(th=8.0,vf=0.04)                      | ✗ 1 fail
           └─ Failures: 00024(pred:single,gt:horizontal)
[ 177/6590] GradDet(th=5.0,vf=0.06)+GradSplit(th=8.0,vf=0.05)                      | ✗ 1 fail
           └─ Failures: 00024(pred:single,gt:horizontal)
[ 178/6590] GradDet(th=5.0,vf=0.06)+GradSplit(th=8.0,vf=0.06)                      | ✗ 1 fail
           └─ Failures: 00024(pred:single,gt:horizontal)
[ 179/6590] GradDet(th=5.0,vf=0.06)+GradSplit(th=8.0,vf=0.07)                      | ✗ 1 fail
           └─ Failures: 00024(pred:single,gt:horizontal)
[ 180/6590] GradDet(th=5.0,vf=0.06)+GradSplit(th=8.0,vf=0.08)                      | ✗ 1 fail
           └─ Failures: 00024(pred:single,gt:horizontal)
[ 181/6590] GradDet(th=5.0,vf=0.06)+GradSplit(th=8.5,vf=0.03)                      | ✗ 1 fail
           └─ Failures: 00024(pred:single,gt:horizontal)
[ 182/6590] GradDet(th=5.0,vf=0.06)+GradSplit(th=8.5,vf=0.04)                      | ✗ 1 fail
           └─ Failures: 00024(pred:single,gt:horizontal)
[ 183/6590] GradDet(th=5.0,vf=0.06)+GradSplit(th=8.5,vf=0.05)                      | ✗ 1 fail
           └─ Failures: 00024(pred:single,gt:horizontal)
[ 184/6590] GradDet(th=5.0,vf=0.06)+GradSplit(th=8.5,vf=0.06)                      | ✗ 1 fail
           └─ Failures: 00024(pred:single,gt:horizontal)
[ 185/6590] GradDet(th=5.0,vf=0.06)+GradSplit(th=8.5,vf=0.07)                      | ✗ 1 fail
           └─ Failures: 00024(pred:single,gt:horizontal)
[ 186/6590] GradDet(th=5.0,vf=0.06)+GradSplit(th=8.5,vf=0.08)                      | ✗ 1 fail
           └─ Failures: 00024(pred:single,gt:horizontal)
[ 187/6590] GradDet(th=5.0,vf=0.06)+GradSplit(th=9.0,vf=0.03)                      | ✗ 1 fail
           └─ Failures: 00024(pred:single,gt:horizontal)
[ 188/6590] GradDet(th=5.0,vf=0.06)+GradSplit(th=9.0,vf=0.04)                      | ✗ 1 fail
           └─ Failures: 00024(pred:single,gt:horizontal)
[ 189/6590] GradDet(th=5.0,vf=0.06)+GradSplit(th=9.0,vf=0.05)                      | ✗ 1 fail
           └─ Failures: 00024(pred:single,gt:horizontal)
[ 190/6590] GradDet(th=5.0,vf=0.06)+GradSplit(th=9.0,vf=0.06)                      | ✗ 1 fail
           └─ Failures: 00024(pred:single,gt:horizontal)
[ 191/6590] GradDet(th=5.0,vf=0.06)+GradSplit(th=9.0,vf=0.07)                      | ✗ 1 fail
           └─ Failures: 00024(pred:single,gt:horizontal)
[ 192/6590] GradDet(th=5.0,vf=0.06)+GradSplit(th=9.0,vf=0.08)                      | ✗ 1 fail
           └─ Failures: 00024(pred:single,gt:horizontal)
[ 193/6590] GradDet(th=5.0,vf=0.06)+GradSplit(th=10.0,vf=0.03)                     | ✗ 1 fail
           └─ Failures: 00024(pred:single,gt:horizontal)
[ 194/6590] GradDet(th=5.0,vf=0.06)+GradSplit(th=10.0,vf=0.04)                     | ✗ 1 fail
           └─ Failures: 00024(pred:single,gt:horizontal)
[ 195/6590] GradDet(th=5.0,vf=0.06)+GradSplit(th=10.0,vf=0.05)                     | ✗ 1 fail
           └─ Failures: 00024(pred:single,gt:horizontal)
[ 196/6590] GradDet(th=5.0,vf=0.06)+GradSplit(th=10.0,vf=0.06)                     | ✗ 1 fail
           └─ Failures: 00024(pred:single,gt:horizontal)
[ 197/6590] GradDet(th=5.0,vf=0.06)+GradSplit(th=10.0,vf=0.07)                     | ✗ 1 fail
           └─ Failures: 00024(pred:single,gt:horizontal)
[ 198/6590] GradDet(th=5.0,vf=0.06)+GradSplit(th=10.0,vf=0.08)                     | ✗ 1 fail
           └─ Failures: 00024(pred:single,gt:horizontal)
[ 199/6590] GradDet(th=5.0,vf=0.06)+GradSplit(th=11.0,vf=0.03)                     | ✗ 1 fail
           └─ Failures: 00024(pred:single,gt:horizontal)
[ 200/6590] GradDet(th=5.0,vf=0.06)+GradSplit(th=11.0,vf=0.04)                     | ✗ 1 fail
           └─ Failures: 00024(pred:single,gt:horizontal)
[ 201/6590] GradDet(th=5.0,vf=0.06)+GradSplit(th=11.0,vf=0.05)                     | ✗ 1 fail
           └─ Failures: 00024(pred:single,gt:horizontal)
[ 202/6590] GradDet(th=5.0,vf=0.06)+GradSplit(th=11.0,vf=0.06)                     | ✗ 1 fail
           └─ Failures: 00024(pred:single,gt:horizontal)
[ 203/6590] GradDet(th=5.0,vf=0.06)+GradSplit(th=11.0,vf=0.07)                     | ✗ 1 fail
           └─ Failures: 00024(pred:single,gt:horizontal)
[ 204/6590] GradDet(th=5.0,vf=0.06)+GradSplit(th=11.0,vf=0.08)                     | ✗ 1 fail
           └─ Failures: 00024(pred:single,gt:horizontal)
[ 205/6590] GradDet(th=5.0,vf=0.06)+GradSplit(th=12.0,vf=0.03)                     | ✗ 1 fail
           └─ Failures: 00024(pred:single,gt:horizontal)
[ 206/6590] GradDet(th=5.0,vf=0.06)+GradSplit(th=12.0,vf=0.04)                     | ✗ 1 fail
           └─ Failures: 00024(pred:single,gt:horizontal)
[ 207/6590] GradDet(th=5.0,vf=0.06)+GradSplit(th=12.0,vf=0.05)                     | ✗ 1 fail
           └─ Failures: 00024(pred:single,gt:horizontal)
[ 208/6590] GradDet(th=5.0,vf=0.06)+GradSplit(th=12.0,vf=0.06)                     | ✗ 1 fail
           └─ Failures: 00024(pred:single,gt:horizontal)
[ 209/6590] GradDet(th=5.0,vf=0.06)+GradSplit(th=12.0,vf=0.07)                     | ✗ 1 fail
           └─ Failures: 00024(pred:single,gt:horizontal)
[ 210/6590] GradDet(th=5.0,vf=0.06)+GradSplit(th=12.0,vf=0.08)                     | ✗ 1 fail
           └─ Failures: 00024(pred:single,gt:horizontal)
[ 211/6590] GradDet(th=5.0,vf=0.06)+GradSplit(th=13.0,vf=0.03)                     | ✗ 1 fail
           └─ Failures: 00024(pred:single,gt:horizontal)
[ 212/6590] GradDet(th=5.0,vf=0.06)+GradSplit(th=13.0,vf=0.04)                     | ✗ 1 fail
           └─ Failures: 00024(pred:single,gt:horizontal)
[ 213/6590] GradDet(th=5.0,vf=0.06)+GradSplit(th=13.0,vf=0.05)                     | ✗ 1 fail
           └─ Failures: 00024(pred:single,gt:horizontal)
[ 214/6590] GradDet(th=5.0,vf=0.06)+GradSplit(th=13.0,vf=0.06)                     | ✗ 1 fail
           └─ Failures: 00024(pred:single,gt:horizontal)
[ 215/6590] GradDet(th=5.0,vf=0.06)+GradSplit(th=13.0,vf=0.07)                     | ✗ 1 fail
           └─ Failures: 00024(pred:single,gt:horizontal)
[ 216/6590] GradDet(th=5.0,vf=0.06)+GradSplit(th=13.0,vf=0.08)                     | ✗ 1 fail
           └─ Failures: 00024(pred:single,gt:horizontal)
[ 217/6590] GradDet(th=5.0,vf=0.07)+GradSplit(th=6.0,vf=0.03)                      | ✗ 1 fail
           └─ Failures: 00024(pred:single,gt:horizontal)
[ 218/6590] GradDet(th=5.0,vf=0.07)+GradSplit(th=6.0,vf=0.04)                      | ✗ 1 fail
           └─ Failures: 00024(pred:single,gt:horizontal)
[ 219/6590] GradDet(th=5.0,vf=0.07)+GradSplit(th=6.0,vf=0.05)                      | ✗ 1 fail
           └─ Failures: 00024(pred:single,gt:horizontal)
[ 220/6590] GradDet(th=5.0,vf=0.07)+GradSplit(th=6.0,vf=0.06)                      | ✗ 1 fail
           └─ Failures: 00024(pred:single,gt:horizontal)
[ 221/6590] GradDet(th=5.0,vf=0.07)+GradSplit(th=6.0,vf=0.07)                      | ✗ 1 fail
           └─ Failures: 00024(pred:single,gt:horizontal)
[ 222/6590] GradDet(th=5.0,vf=0.07)+GradSplit(th=6.0,vf=0.08)                      | ✗ 1 fail
           └─ Failures: 00024(pred:single,gt:horizontal)
[ 223/6590] GradDet(th=5.0,vf=0.07)+GradSplit(th=7.0,vf=0.03)                      | ✗ 1 fail
           └─ Failures: 00024(pred:single,gt:horizontal)
[ 224/6590] GradDet(th=5.0,vf=0.07)+GradSplit(th=7.0,vf=0.04)                      | ✗ 1 fail
           └─ Failures: 00024(pred:single,gt:horizontal)
[ 225/6590] GradDet(th=5.0,vf=0.07)+GradSplit(th=7.0,vf=0.05)                      | ✗ 1 fail
           └─ Failures: 00024(pred:single,gt:horizontal)
[ 226/6590] GradDet(th=5.0,vf=0.07)+GradSplit(th=7.0,vf=0.06)                      | ✗ 1 fail
           └─ Failures: 00024(pred:single,gt:horizontal)
[ 227/6590] GradDet(th=5.0,vf=0.07)+GradSplit(th=7.0,vf=0.07)                      | ✗ 1 fail
           └─ Failures: 00024(pred:single,gt:horizontal)
[ 228/6590] GradDet(th=5.0,vf=0.07)+GradSplit(th=7.0,vf=0.08)                      | ✗ 1 fail
           └─ Failures: 00024(pred:single,gt:horizontal)
[ 229/6590] GradDet(th=5.0,vf=0.07)+GradSplit(th=8.0,vf=0.03)                      | ✗ 1 fail
           └─ Failures: 00024(pred:single,gt:horizontal)
[ 230/6590] GradDet(th=5.0,vf=0.07)+GradSplit(th=8.0,vf=0.04)                      | ✗ 1 fail
           └─ Failures: 00024(pred:single,gt:horizontal)
[ 231/6590] GradDet(th=5.0,vf=0.07)+GradSplit(th=8.0,vf=0.05)                      | ✗ 1 fail
           └─ Failures: 00024(pred:single,gt:horizontal)
[ 232/6590] GradDet(th=5.0,vf=0.07)+GradSplit(th=8.0,vf=0.06)                      | ✗ 1 fail
           └─ Failures: 00024(pred:single,gt:horizontal)
[ 233/6590] GradDet(th=5.0,vf=0.07)+GradSplit(th=8.0,vf=0.07)                      | ✗ 1 fail
           └─ Failures: 00024(pred:single,gt:horizontal)
[ 234/6590] GradDet(th=5.0,vf=0.07)+GradSplit(th=8.0,vf=0.08)                      | ✗ 1 fail
           └─ Failures: 00024(pred:single,gt:horizontal)
[ 235/6590] GradDet(th=5.0,vf=0.07)+GradSplit(th=8.5,vf=0.03)                      | ✗ 1 fail
           └─ Failures: 00024(pred:single,gt:horizontal)
[ 236/6590] GradDet(th=5.0,vf=0.07)+GradSplit(th=8.5,vf=0.04)                      | ✗ 1 fail
           └─ Failures: 00024(pred:single,gt:horizontal)
[ 237/6590] GradDet(th=5.0,vf=0.07)+GradSplit(th=8.5,vf=0.05)                      | ✗ 1 fail
           └─ Failures: 00024(pred:single,gt:horizontal)
[ 238/6590] GradDet(th=5.0,vf=0.07)+GradSplit(th=8.5,vf=0.06)                      | ✗ 1 fail
           └─ Failures: 00024(pred:single,gt:horizontal)
[ 239/6590] GradDet(th=5.0,vf=0.07)+GradSplit(th=8.5,vf=0.07)                      | ✗ 1 fail
           └─ Failures: 00024(pred:single,gt:horizontal)
[ 240/6590] GradDet(th=5.0,vf=0.07)+GradSplit(th=8.5,vf=0.08)                      | ✗ 1 fail
           └─ Failures: 00024(pred:single,gt:horizontal)
[ 241/6590] GradDet(th=5.0,vf=0.07)+GradSplit(th=9.0,vf=0.03)                      | ✗ 1 fail
           └─ Failures: 00024(pred:single,gt:horizontal)
[ 242/6590] GradDet(th=5.0,vf=0.07)+GradSplit(th=9.0,vf=0.04)                      | ✗ 1 fail
           └─ Failures: 00024(pred:single,gt:horizontal)
[ 243/6590] GradDet(th=5.0,vf=0.07)+GradSplit(th=9.0,vf=0.05)                      | ✗ 1 fail
           └─ Failures: 00024(pred:single,gt:horizontal)
[ 244/6590] GradDet(th=5.0,vf=0.07)+GradSplit(th=9.0,vf=0.06)                      | ✗ 1 fail
           └─ Failures: 00024(pred:single,gt:horizontal)
[ 245/6590] GradDet(th=5.0,vf=0.07)+GradSplit(th=9.0,vf=0.07)                      | ✗ 1 fail
           └─ Failures: 00024(pred:single,gt:horizontal)
[ 246/6590] GradDet(th=5.0,vf=0.07)+GradSplit(th=9.0,vf=0.08)                      | ✗ 1 fail
           └─ Failures: 00024(pred:single,gt:horizontal)
[ 247/6590] GradDet(th=5.0,vf=0.07)+GradSplit(th=10.0,vf=0.03)                     | ✗ 1 fail
           └─ Failures: 00024(pred:single,gt:horizontal)
[ 248/6590] GradDet(th=5.0,vf=0.07)+GradSplit(th=10.0,vf=0.04)                     | ✗ 1 fail
           └─ Failures: 00024(pred:single,gt:horizontal)
[ 249/6590] GradDet(th=5.0,vf=0.07)+GradSplit(th=10.0,vf=0.05)                     | ✗ 1 fail
           └─ Failures: 00024(pred:single,gt:horizontal)
[ 250/6590] GradDet(th=5.0,vf=0.07)+GradSplit(th=10.0,vf=0.06)                     | ✗ 1 fail
           └─ Failures: 00024(pred:single,gt:horizontal)
[ 251/6590] GradDet(th=5.0,vf=0.07)+GradSplit(th=10.0,vf=0.07)                     | ✗ 1 fail
           └─ Failures: 00024(pred:single,gt:horizontal)
[ 252/6590] GradDet(th=5.0,vf=0.07)+GradSplit(th=10.0,vf=0.08)                     | ✗ 1 fail
           └─ Failures: 00024(pred:single,gt:horizontal)
[ 253/6590] GradDet(th=5.0,vf=0.07)+GradSplit(th=11.0,vf=0.03)                     | ✗ 1 fail
           └─ Failures: 00024(pred:single,gt:horizontal)
[ 254/6590] GradDet(th=5.0,vf=0.07)+GradSplit(th=11.0,vf=0.04)                     | ✗ 1 fail
           └─ Failures: 00024(pred:single,gt:horizontal)
[ 255/6590] GradDet(th=5.0,vf=0.07)+GradSplit(th=11.0,vf=0.05)                     | ✗ 1 fail
           └─ Failures: 00024(pred:single,gt:horizontal)
[ 256/6590] GradDet(th=5.0,vf=0.07)+GradSplit(th=11.0,vf=0.06)                     | ✗ 1 fail
           └─ Failures: 00024(pred:single,gt:horizontal)
[ 257/6590] GradDet(th=5.0,vf=0.07)+GradSplit(th=11.0,vf=0.07)                     | ✗ 1 fail
           └─ Failures: 00024(pred:single,gt:horizontal)
[ 258/6590] GradDet(th=5.0,vf=0.07)+GradSplit(th=11.0,vf=0.08)                     | ✗ 1 fail
           └─ Failures: 00024(pred:single,gt:horizontal)
[ 259/6590] GradDet(th=5.0,vf=0.07)+GradSplit(th=12.0,vf=0.03)                     | ✗ 1 fail
           └─ Failures: 00024(pred:single,gt:horizontal)
[ 260/6590] GradDet(th=5.0,vf=0.07)+GradSplit(th=12.0,vf=0.04)                     | ✗ 1 fail
           └─ Failures: 00024(pred:single,gt:horizontal)
[ 261/6590] GradDet(th=5.0,vf=0.07)+GradSplit(th=12.0,vf=0.05)                     | ✗ 1 fail
           └─ Failures: 00024(pred:single,gt:horizontal)
[ 262/6590] GradDet(th=5.0,vf=0.07)+GradSplit(th=12.0,vf=0.06)                     | ✗ 1 fail
           └─ Failures: 00024(pred:single,gt:horizontal)
[ 263/6590] GradDet(th=5.0,vf=0.07)+GradSplit(th=12.0,vf=0.07)                     | ✗ 1 fail
           └─ Failures: 00024(pred:single,gt:horizontal)
[ 264/6590] GradDet(th=5.0,vf=0.07)+GradSplit(th=12.0,vf=0.08)                     | ✗ 1 fail
           └─ Failures: 00024(pred:single,gt:horizontal)
[ 265/6590] GradDet(th=5.0,vf=0.07)+GradSplit(th=13.0,vf=0.03)                     | ✗ 1 fail
           └─ Failures: 00024(pred:single,gt:horizontal)
[ 266/6590] GradDet(th=5.0,vf=0.07)+GradSplit(th=13.0,vf=0.04)                     | ✗ 1 fail
           └─ Failures: 00024(pred:single,gt:horizontal)
[ 267/6590] GradDet(th=5.0,vf=0.07)+GradSplit(th=13.0,vf=0.05)                     | ✗ 1 fail
           └─ Failures: 00024(pred:single,gt:horizontal)
[ 268/6590] GradDet(th=5.0,vf=0.07)+GradSplit(th=13.0,vf=0.06)                     | ✗ 1 fail
           └─ Failures: 00024(pred:single,gt:horizontal)
[ 269/6590] GradDet(th=5.0,vf=0.07)+GradSplit(th=13.0,vf=0.07)                     | ✗ 1 fail
           └─ Failures: 00024(pred:single,gt:horizontal)
[ 270/6590] GradDet(th=5.0,vf=0.07)+GradSplit(th=13.0,vf=0.08)                     | ✗ 1 fail
           └─ Failures: 00024(pred:single,gt:horizontal)
[ 271/6590] GradDet(th=5.0,vf=0.08)+GradSplit(th=6.0,vf=0.03)                      | ✗ 1 fail
           └─ Failures: 00024(pred:single,gt:horizontal)
[ 272/6590] GradDet(th=5.0,vf=0.08)+GradSplit(th=6.0,vf=0.04)                      | ✗ 1 fail
           └─ Failures: 00024(pred:single,gt:horizontal)
[ 273/6590] GradDet(th=5.0,vf=0.08)+GradSplit(th=6.0,vf=0.05)                      | ✗ 1 fail
           └─ Failures: 00024(pred:single,gt:horizontal)
[ 274/6590] GradDet(th=5.0,vf=0.08)+GradSplit(th=6.0,vf=0.06)                      | ✗ 1 fail
           └─ Failures: 00024(pred:single,gt:horizontal)
[ 275/6590] GradDet(th=5.0,vf=0.08)+GradSplit(th=6.0,vf=0.07)                      | ✗ 1 fail
           └─ Failures: 00024(pred:single,gt:horizontal)
[ 276/6590] GradDet(th=5.0,vf=0.08)+GradSplit(th=6.0,vf=0.08)                      | ✗ 1 fail
           └─ Failures: 00024(pred:single,gt:horizontal)
[ 277/6590] GradDet(th=5.0,vf=0.08)+GradSplit(th=7.0,vf=0.03)                      | ✗ 1 fail
           └─ Failures: 00024(pred:single,gt:horizontal)
[ 278/6590] GradDet(th=5.0,vf=0.08)+GradSplit(th=7.0,vf=0.04)                      | ✗ 1 fail
           └─ Failures: 00024(pred:single,gt:horizontal)
[ 279/6590] GradDet(th=5.0,vf=0.08)+GradSplit(th=7.0,vf=0.05)                      | ✗ 1 fail
           └─ Failures: 00024(pred:single,gt:horizontal)
[ 280/6590] GradDet(th=5.0,vf=0.08)+GradSplit(th=7.0,vf=0.06)                      | ✗ 1 fail
           └─ Failures: 00024(pred:single,gt:horizontal)
[ 281/6590] GradDet(th=5.0,vf=0.08)+GradSplit(th=7.0,vf=0.07)                      | ✗ 1 fail
           └─ Failures: 00024(pred:single,gt:horizontal)
[ 282/6590] GradDet(th=5.0,vf=0.08)+GradSplit(th=7.0,vf=0.08)                      | ✗ 1 fail
           └─ Failures: 00024(pred:single,gt:horizontal)
[ 283/6590] GradDet(th=5.0,vf=0.08)+GradSplit(th=8.0,vf=0.03)                      | ✗ 1 fail
           └─ Failures: 00024(pred:single,gt:horizontal)
[ 284/6590] GradDet(th=5.0,vf=0.08)+GradSplit(th=8.0,vf=0.04)                      | ✗ 1 fail
           └─ Failures: 00024(pred:single,gt:horizontal)
[ 285/6590] GradDet(th=5.0,vf=0.08)+GradSplit(th=8.0,vf=0.05)                      | ✗ 1 fail
           └─ Failures: 00024(pred:single,gt:horizontal)
[ 286/6590] GradDet(th=5.0,vf=0.08)+GradSplit(th=8.0,vf=0.06)                      | ✗ 1 fail
           └─ Failures: 00024(pred:single,gt:horizontal)
[ 287/6590] GradDet(th=5.0,vf=0.08)+GradSplit(th=8.0,vf=0.07)                      | ✗ 1 fail
           └─ Failures: 00024(pred:single,gt:horizontal)
[ 288/6590] GradDet(th=5.0,vf=0.08)+GradSplit(th=8.0,vf=0.08)                      | ✗ 1 fail
           └─ Failures: 00024(pred:single,gt:horizontal)
[ 289/6590] GradDet(th=5.0,vf=0.08)+GradSplit(th=8.5,vf=0.03)                      | ✗ 1 fail
           └─ Failures: 00024(pred:single,gt:horizontal)
[ 290/6590] GradDet(th=5.0,vf=0.08)+GradSplit(th=8.5,vf=0.04)                      | ✗ 1 fail
           └─ Failures: 00024(pred:single,gt:horizontal)
[ 291/6590] GradDet(th=5.0,vf=0.08)+GradSplit(th=8.5,vf=0.05)                      | ✗ 1 fail
           └─ Failures: 00024(pred:single,gt:horizontal)
[ 292/6590] GradDet(th=5.0,vf=0.08)+GradSplit(th=8.5,vf=0.06)                      | ✗ 1 fail
           └─ Failures: 00024(pred:single,gt:horizontal)
[ 293/6590] GradDet(th=5.0,vf=0.08)+GradSplit(th=8.5,vf=0.07)                      | ✗ 1 fail
           └─ Failures: 00024(pred:single,gt:horizontal)
[ 294/6590] GradDet(th=5.0,vf=0.08)+GradSplit(th=8.5,vf=0.08)                      | ✗ 1 fail
           └─ Failures: 00024(pred:single,gt:horizontal)
[ 295/6590] GradDet(th=5.0,vf=0.08)+GradSplit(th=9.0,vf=0.03)                      | ✗ 1 fail
           └─ Failures: 00024(pred:single,gt:horizontal)
[ 296/6590] GradDet(th=5.0,vf=0.08)+GradSplit(th=9.0,vf=0.04)                      | ✗ 1 fail
           └─ Failures: 00024(pred:single,gt:horizontal)
[ 297/6590] GradDet(th=5.0,vf=0.08)+GradSplit(th=9.0,vf=0.05)                      | ✗ 1 fail
           └─ Failures: 00024(pred:single,gt:horizontal)
[ 298/6590] GradDet(th=5.0,vf=0.08)+GradSplit(th=9.0,vf=0.06)                      | ✗ 1 fail
           └─ Failures: 00024(pred:single,gt:horizontal)
[ 299/6590] GradDet(th=5.0,vf=0.08)+GradSplit(th=9.0,vf=0.07)                      | ✗ 1 fail
           └─ Failures: 00024(pred:single,gt:horizontal)
[ 300/6590] GradDet(th=5.0,vf=0.08)+GradSplit(th=9.0,vf=0.08)                      | ✗ 1 fail
           └─ Failures: 00024(pred:single,gt:horizontal)
[ 301/6590] GradDet(th=5.0,vf=0.08)+GradSplit(th=10.0,vf=0.03)                     | ✗ 1 fail
           └─ Failures: 00024(pred:single,gt:horizontal)
[ 302/6590] GradDet(th=5.0,vf=0.08)+GradSplit(th=10.0,vf=0.04)                     | ✗ 1 fail
           └─ Failures: 00024(pred:single,gt:horizontal)
[ 303/6590] GradDet(th=5.0,vf=0.08)+GradSplit(th=10.0,vf=0.05)                     | ✗ 1 fail
           └─ Failures: 00024(pred:single,gt:horizontal)
[ 304/6590] GradDet(th=5.0,vf=0.08)+GradSplit(th=10.0,vf=0.06)                     | ✗ 1 fail
           └─ Failures: 00024(pred:single,gt:horizontal)
[ 305/6590] GradDet(th=5.0,vf=0.08)+GradSplit(th=10.0,vf=0.07)                     | ✗ 1 fail
           └─ Failures: 00024(pred:single,gt:horizontal)
[ 306/6590] GradDet(th=5.0,vf=0.08)+GradSplit(th=10.0,vf=0.08)                     | ✗ 1 fail
           └─ Failures: 00024(pred:single,gt:horizontal)
[ 307/6590] GradDet(th=5.0,vf=0.08)+GradSplit(th=11.0,vf=0.03)                     | ✗ 1 fail
           └─ Failures: 00024(pred:single,gt:horizontal)
[ 308/6590] GradDet(th=5.0,vf=0.08)+GradSplit(th=11.0,vf=0.04)                     | ✗ 1 fail
           └─ Failures: 00024(pred:single,gt:horizontal)
[ 309/6590] GradDet(th=5.0,vf=0.08)+GradSplit(th=11.0,vf=0.05)                     | ✗ 1 fail
           └─ Failures: 00024(pred:single,gt:horizontal)
[ 310/6590] GradDet(th=5.0,vf=0.08)+GradSplit(th=11.0,vf=0.06)                     | ✗ 1 fail
           └─ Failures: 00024(pred:single,gt:horizontal)
[ 311/6590] GradDet(th=5.0,vf=0.08)+GradSplit(th=11.0,vf=0.07)                     | ✗ 1 fail
           └─ Failures: 00024(pred:single,gt:horizontal)
[ 312/6590] GradDet(th=5.0,vf=0.08)+GradSplit(th=11.0,vf=0.08)                     | ✗ 1 fail
           └─ Failures: 00024(pred:single,gt:horizontal)
[ 313/6590] GradDet(th=5.0,vf=0.08)+GradSplit(th=12.0,vf=0.03)                     | ✗ 1 fail
           └─ Failures: 00024(pred:single,gt:horizontal)
[ 314/6590] GradDet(th=5.0,vf=0.08)+GradSplit(th=12.0,vf=0.04)                     | ✗ 1 fail
           └─ Failures: 00024(pred:single,gt:horizontal)
[ 315/6590] GradDet(th=5.0,vf=0.08)+GradSplit(th=12.0,vf=0.05)                     | ✗ 1 fail
           └─ Failures: 00024(pred:single,gt:horizontal)
[ 316/6590] GradDet(th=5.0,vf=0.08)+GradSplit(th=12.0,vf=0.06)                     | ✗ 1 fail
           └─ Failures: 00024(pred:single,gt:horizontal)
[ 317/6590] GradDet(th=5.0,vf=0.08)+GradSplit(th=12.0,vf=0.07)                     | ✗ 1 fail
           └─ Failures: 00024(pred:single,gt:horizontal)
[ 318/6590] GradDet(th=5.0,vf=0.08)+GradSplit(th=12.0,vf=0.08)                     | ✗ 1 fail
           └─ Failures: 00024(pred:single,gt:horizontal)
[ 319/6590] GradDet(th=5.0,vf=0.08)+GradSplit(th=13.0,vf=0.03)                     | ✗ 1 fail
           └─ Failures: 00024(pred:single,gt:horizontal)
[ 320/6590] GradDet(th=5.0,vf=0.08)+GradSplit(th=13.0,vf=0.04)                     | ✗ 1 fail
           └─ Failures: 00024(pred:single,gt:horizontal)
[ 321/6590] GradDet(th=5.0,vf=0.08)+GradSplit(th=13.0,vf=0.05)                     | ✗ 1 fail
           └─ Failures: 00024(pred:single,gt:horizontal)
[ 322/6590] GradDet(th=5.0,vf=0.08)+GradSplit(th=13.0,vf=0.06)                     | ✗ 1 fail
           └─ Failures: 00024(pred:single,gt:horizontal)
[ 323/6590] GradDet(th=5.0,vf=0.08)+GradSplit(th=13.0,vf=0.07)                     | ✗ 1 fail
           └─ Failures: 00024(pred:single,gt:horizontal)
[ 324/6590] GradDet(th=5.0,vf=0.08)+GradSplit(th=13.0,vf=0.08)                     | ✗ 1 fail
           └─ Failures: 00024(pred:single,gt:horizontal)
[ 325/6590] GradDet(th=6.0,vf=0.03)+GradSplit(th=6.0,vf=0.03)                      | ✗ 1 fail
           └─ Failures: 00024(pred:single,gt:horizontal)
[ 326/6590] GradDet(th=6.0,vf=0.03)+GradSplit(th=6.0,vf=0.04)                      | ✗ 1 fail
           └─ Failures: 00024(pred:single,gt:horizontal)
[ 327/6590] GradDet(th=6.0,vf=0.03)+GradSplit(th=6.0,vf=0.05)                      | ✗ 1 fail
           └─ Failures: 00024(pred:single,gt:horizontal)
[ 328/6590] GradDet(th=6.0,vf=0.03)+GradSplit(th=6.0,vf=0.06)                      | ✗ 1 fail
           └─ Failures: 00024(pred:single,gt:horizontal)
[ 329/6590] GradDet(th=6.0,vf=0.03)+GradSplit(th=6.0,vf=0.07)                      | ✗ 1 fail
           └─ Failures: 00024(pred:single,gt:horizontal)
[ 330/6590] GradDet(th=6.0,vf=0.03)+GradSplit(th=6.0,vf=0.08)                      | ✗ 1 fail
           └─ Failures: 00024(pred:single,gt:horizontal)
[ 331/6590] GradDet(th=6.0,vf=0.03)+GradSplit(th=7.0,vf=0.03)                      | ✗ 1 fail
           └─ Failures: 00024(pred:single,gt:horizontal)
[ 332/6590] GradDet(th=6.0,vf=0.03)+GradSplit(th=7.0,vf=0.04)                      | ✗ 1 fail
           └─ Failures: 00024(pred:single,gt:horizontal)
[ 333/6590] GradDet(th=6.0,vf=0.03)+GradSplit(th=7.0,vf=0.05)                      | ✗ 1 fail
           └─ Failures: 00024(pred:single,gt:horizontal)
[ 334/6590] GradDet(th=6.0,vf=0.03)+GradSplit(th=7.0,vf=0.06)                      | ✗ 1 fail
           └─ Failures: 00024(pred:single,gt:horizontal)
[ 335/6590] GradDet(th=6.0,vf=0.03)+GradSplit(th=7.0,vf=0.07)                      | ✗ 1 fail
           └─ Failures: 00024(pred:single,gt:horizontal)
[ 336/6590] GradDet(th=6.0,vf=0.03)+GradSplit(th=7.0,vf=0.08)                      | ✗ 1 fail
           └─ Failures: 00024(pred:single,gt:horizontal)
[ 337/6590] GradDet(th=6.0,vf=0.03)+GradSplit(th=8.0,vf=0.03)                      | ✗ 1 fail
           └─ Failures: 00024(pred:single,gt:horizontal)
[ 338/6590] GradDet(th=6.0,vf=0.03)+GradSplit(th=8.0,vf=0.04)                      | ✗ 1 fail
           └─ Failures: 00024(pred:single,gt:horizontal)
[ 339/6590] GradDet(th=6.0,vf=0.03)+GradSplit(th=8.0,vf=0.05)                      | ✗ 1 fail
           └─ Failures: 00024(pred:single,gt:horizontal)
[ 340/6590] GradDet(th=6.0,vf=0.03)+GradSplit(th=8.0,vf=0.06)                      | ✗ 1 fail
           └─ Failures: 00024(pred:single,gt:horizontal)
[ 341/6590] GradDet(th=6.0,vf=0.03)+GradSplit(th=8.0,vf=0.07)                      | ✗ 1 fail
           └─ Failures: 00024(pred:single,gt:horizontal)
[ 342/6590] GradDet(th=6.0,vf=0.03)+GradSplit(th=8.0,vf=0.08)                      | ✗ 1 fail
           └─ Failures: 00024(pred:single,gt:horizontal)
[ 343/6590] GradDet(th=6.0,vf=0.03)+GradSplit(th=8.5,vf=0.03)                      | ✗ 1 fail
           └─ Failures: 00024(pred:single,gt:horizontal)
[ 344/6590] GradDet(th=6.0,vf=0.03)+GradSplit(th=8.5,vf=0.04)                      | ✗ 1 fail
           └─ Failures: 00024(pred:single,gt:horizontal)
[ 345/6590] GradDet(th=6.0,vf=0.03)+GradSplit(th=8.5,vf=0.05)                      | ✗ 1 fail
           └─ Failures: 00024(pred:single,gt:horizontal)
[ 346/6590] GradDet(th=6.0,vf=0.03)+GradSplit(th=8.5,vf=0.06)                      | ✗ 1 fail
           └─ Failures: 00024(pred:single,gt:horizontal)
[ 347/6590] GradDet(th=6.0,vf=0.03)+GradSplit(th=8.5,vf=0.07)                      | ✗ 1 fail
           └─ Failures: 00024(pred:single,gt:horizontal)
[ 348/6590] GradDet(th=6.0,vf=0.03)+GradSplit(th=8.5,vf=0.08)                      | ✗ 1 fail
           └─ Failures: 00024(pred:single,gt:horizontal)
[ 349/6590] GradDet(th=6.0,vf=0.03)+GradSplit(th=9.0,vf=0.03)                      | ✗ 1 fail
           └─ Failures: 00024(pred:single,gt:horizontal)
[ 350/6590] GradDet(th=6.0,vf=0.03)+GradSplit(th=9.0,vf=0.04)                      | ✗ 1 fail
           └─ Failures: 00024(pred:single,gt:horizontal)
[ 351/6590] GradDet(th=6.0,vf=0.03)+GradSplit(th=9.0,vf=0.05)                      | ✗ 1 fail
           └─ Failures: 00024(pred:single,gt:horizontal)
[ 352/6590] GradDet(th=6.0,vf=0.03)+GradSplit(th=9.0,vf=0.06)                      | ✗ 1 fail
           └─ Failures: 00024(pred:single,gt:horizontal)
[ 353/6590] GradDet(th=6.0,vf=0.03)+GradSplit(th=9.0,vf=0.07)                      | ✗ 1 fail
           └─ Failures: 00024(pred:single,gt:horizontal)
[ 354/6590] GradDet(th=6.0,vf=0.03)+GradSplit(th=9.0,vf=0.08)                      | ✗ 1 fail
           └─ Failures: 00024(pred:single,gt:horizontal)
[ 355/6590] GradDet(th=6.0,vf=0.03)+GradSplit(th=10.0,vf=0.03)                     | ✗ 1 fail
           └─ Failures: 00024(pred:single,gt:horizontal)
[ 356/6590] GradDet(th=6.0,vf=0.03)+GradSplit(th=10.0,vf=0.04)                     | ✗ 1 fail
           └─ Failures: 00024(pred:single,gt:horizontal)
[ 357/6590] GradDet(th=6.0,vf=0.03)+GradSplit(th=10.0,vf=0.05)                     | ✗ 1 fail
           └─ Failures: 00024(pred:single,gt:horizontal)
[ 358/6590] GradDet(th=6.0,vf=0.03)+GradSplit(th=10.0,vf=0.06)                     | ✗ 1 fail
           └─ Failures: 00024(pred:single,gt:horizontal)
[ 359/6590] GradDet(th=6.0,vf=0.03)+GradSplit(th=10.0,vf=0.07)                     | ✗ 1 fail
           └─ Failures: 00024(pred:single,gt:horizontal)
[ 360/6590] GradDet(th=6.0,vf=0.03)+GradSplit(th=10.0,vf=0.08)                     | ✗ 1 fail
           └─ Failures: 00024(pred:single,gt:horizontal)
[ 361/6590] GradDet(th=6.0,vf=0.03)+GradSplit(th=11.0,vf=0.03)                     | ✗ 1 fail
           └─ Failures: 00024(pred:single,gt:horizontal)
[ 362/6590] GradDet(th=6.0,vf=0.03)+GradSplit(th=11.0,vf=0.04)                     | ✗ 1 fail
           └─ Failures: 00024(pred:single,gt:horizontal)
[ 363/6590] GradDet(th=6.0,vf=0.03)+GradSplit(th=11.0,vf=0.05)                     | ✗ 1 fail
           └─ Failures: 00024(pred:single,gt:horizontal)
[ 364/6590] GradDet(th=6.0,vf=0.03)+GradSplit(th=11.0,vf=0.06)                     | ✗ 1 fail
           └─ Failures: 00024(pred:single,gt:horizontal)
[ 365/6590] GradDet(th=6.0,vf=0.03)+GradSplit(th=11.0,vf=0.07)                     | ✗ 1 fail
           └─ Failures: 00024(pred:single,gt:horizontal)
[ 366/6590] GradDet(th=6.0,vf=0.03)+GradSplit(th=11.0,vf=0.08)                     | ✗ 1 fail
           └─ Failures: 00024(pred:single,gt:horizontal)
[ 367/6590] GradDet(th=6.0,vf=0.03)+GradSplit(th=12.0,vf=0.03)                     | ✗ 1 fail
           └─ Failures: 00024(pred:single,gt:horizontal)
[ 368/6590] GradDet(th=6.0,vf=0.03)+GradSplit(th=12.0,vf=0.04)                     | ✗ 1 fail
           └─ Failures: 00024(pred:single,gt:horizontal)
[ 369/6590] GradDet(th=6.0,vf=0.03)+GradSplit(th=12.0,vf=0.05)                     | ✗ 1 fail
           └─ Failures: 00024(pred:single,gt:horizontal)
[ 370/6590] GradDet(th=6.0,vf=0.03)+GradSplit(th=12.0,vf=0.06)                     | ✗ 1 fail
           └─ Failures: 00024(pred:single,gt:horizontal)
[ 371/6590] GradDet(th=6.0,vf=0.03)+GradSplit(th=12.0,vf=0.07)                     | ✗ 1 fail
           └─ Failures: 00024(pred:single,gt:horizontal)
[ 372/6590] GradDet(th=6.0,vf=0.03)+GradSplit(th=12.0,vf=0.08)                     | ✗ 1 fail
           └─ Failures: 00024(pred:single,gt:horizontal)
[ 373/6590] GradDet(th=6.0,vf=0.03)+GradSplit(th=13.0,vf=0.03)                     | ✗ 1 fail
           └─ Failures: 00024(pred:single,gt:horizontal)
[ 374/6590] GradDet(th=6.0,vf=0.03)+GradSplit(th=13.0,vf=0.04)                     | ✗ 1 fail
           └─ Failures: 00024(pred:single,gt:horizontal)
[ 375/6590] GradDet(th=6.0,vf=0.03)+GradSplit(th=13.0,vf=0.05)                     | ✗ 1 fail
           └─ Failures: 00024(pred:single,gt:horizontal)
[ 376/6590] GradDet(th=6.0,vf=0.03)+GradSplit(th=13.0,vf=0.06)                     | ✗ 1 fail
           └─ Failures: 00024(pred:single,gt:horizontal)
[ 377/6590] GradDet(th=6.0,vf=0.03)+GradSplit(th=13.0,vf=0.07)                     | ✗ 1 fail
           └─ Failures: 00024(pred:single,gt:horizontal)
[ 378/6590] GradDet(th=6.0,vf=0.03)+GradSplit(th=13.0,vf=0.08)                     | ✗ 1 fail
           └─ Failures: 00024(pred:single,gt:horizontal)
[ 379/6590] GradDet(th=6.0,vf=0.04)+GradSplit(th=6.0,vf=0.03)                      | ✗ 1 fail
           └─ Failures: 00024(pred:single,gt:horizontal)
[ 380/6590] GradDet(th=6.0,vf=0.04)+GradSplit(th=6.0,vf=0.04)                      | ✗ 1 fail
           └─ Failures: 00024(pred:single,gt:horizontal)
[ 381/6590] GradDet(th=6.0,vf=0.04)+GradSplit(th=6.0,vf=0.05)                      | ✗ 1 fail
           └─ Failures: 00024(pred:single,gt:horizontal)
[ 382/6590] GradDet(th=6.0,vf=0.04)+GradSplit(th=6.0,vf=0.06)                      | ✗ 1 fail
           └─ Failures: 00024(pred:single,gt:horizontal)
[ 383/6590] GradDet(th=6.0,vf=0.04)+GradSplit(th=6.0,vf=0.07)                      | ✗ 1 fail
           └─ Failures: 00024(pred:single,gt:horizontal)
[ 384/6590] GradDet(th=6.0,vf=0.04)+GradSplit(th=6.0,vf=0.08)                      | ✗ 1 fail
           └─ Failures: 00024(pred:single,gt:horizontal)
[ 385/6590] GradDet(th=6.0,vf=0.04)+GradSplit(th=7.0,vf=0.03)                      | ✗ 1 fail
           └─ Failures: 00024(pred:single,gt:horizontal)
[ 386/6590] GradDet(th=6.0,vf=0.04)+GradSplit(th=7.0,vf=0.04)                      | ✗ 1 fail
           └─ Failures: 00024(pred:single,gt:horizontal)
[ 387/6590] GradDet(th=6.0,vf=0.04)+GradSplit(th=7.0,vf=0.05)                      | ✗ 1 fail
           └─ Failures: 00024(pred:single,gt:horizontal)
[ 388/6590] GradDet(th=6.0,vf=0.04)+GradSplit(th=7.0,vf=0.06)                      | ✗ 1 fail
           └─ Failures: 00024(pred:single,gt:horizontal)
[ 389/6590] GradDet(th=6.0,vf=0.04)+GradSplit(th=7.0,vf=0.07)                      | ✗ 1 fail
           └─ Failures: 00024(pred:single,gt:horizontal)
[ 390/6590] GradDet(th=6.0,vf=0.04)+GradSplit(th=7.0,vf=0.08)                      | ✗ 1 fail
           └─ Failures: 00024(pred:single,gt:horizontal)
[ 391/6590] GradDet(th=6.0,vf=0.04)+GradSplit(th=8.0,vf=0.03)                      | ✗ 1 fail
           └─ Failures: 00024(pred:single,gt:horizontal)
[ 392/6590] GradDet(th=6.0,vf=0.04)+GradSplit(th=8.0,vf=0.04)                      | ✗ 1 fail
           └─ Failures: 00024(pred:single,gt:horizontal)
[ 393/6590] GradDet(th=6.0,vf=0.04)+GradSplit(th=8.0,vf=0.05)                      | ✗ 1 fail
           └─ Failures: 00024(pred:single,gt:horizontal)
[ 394/6590] GradDet(th=6.0,vf=0.04)+GradSplit(th=8.0,vf=0.06)                      | ✗ 1 fail
           └─ Failures: 00024(pred:single,gt:horizontal)
[ 395/6590] GradDet(th=6.0,vf=0.04)+GradSplit(th=8.0,vf=0.07)                      | ✗ 1 fail
           └─ Failures: 00024(pred:single,gt:horizontal)
[ 396/6590] GradDet(th=6.0,vf=0.04)+GradSplit(th=8.0,vf=0.08)                      | ✗ 1 fail
           └─ Failures: 00024(pred:single,gt:horizontal)
[ 397/6590] GradDet(th=6.0,vf=0.04)+GradSplit(th=8.5,vf=0.03)                      | ✗ 1 fail
           └─ Failures: 00024(pred:single,gt:horizontal)
[ 398/6590] GradDet(th=6.0,vf=0.04)+GradSplit(th=8.5,vf=0.04)                      | ✗ 1 fail
           └─ Failures: 00024(pred:single,gt:horizontal)
[ 399/6590] GradDet(th=6.0,vf=0.04)+GradSplit(th=8.5,vf=0.05)                      | ✗ 1 fail
           └─ Failures: 00024(pred:single,gt:horizontal)
[ 400/6590] GradDet(th=6.0,vf=0.04)+GradSplit(th=8.5,vf=0.06)                      | ✗ 1 fail
           └─ Failures: 00024(pred:single,gt:horizontal)
[ 401/6590] GradDet(th=6.0,vf=0.04)+GradSplit(th=8.5,vf=0.07)                      | ✗ 1 fail
           └─ Failures: 00024(pred:single,gt:horizontal)
[ 402/6590] GradDet(th=6.0,vf=0.04)+GradSplit(th=8.5,vf=0.08)                      | ✗ 1 fail
           └─ Failures: 00024(pred:single,gt:horizontal)
[ 403/6590] GradDet(th=6.0,vf=0.04)+GradSplit(th=9.0,vf=0.03)                      | ✗ 1 fail
           └─ Failures: 00024(pred:single,gt:horizontal)
[ 404/6590] GradDet(th=6.0,vf=0.04)+GradSplit(th=9.0,vf=0.04)                      | ✗ 1 fail
           └─ Failures: 00024(pred:single,gt:horizontal)
[ 405/6590] GradDet(th=6.0,vf=0.04)+GradSplit(th=9.0,vf=0.05)                      | ✗ 1 fail
           └─ Failures: 00024(pred:single,gt:horizontal)
[ 406/6590] GradDet(th=6.0,vf=0.04)+GradSplit(th=9.0,vf=0.06)                      | ✗ 1 fail
           └─ Failures: 00024(pred:single,gt:horizontal)
[ 407/6590] GradDet(th=6.0,vf=0.04)+GradSplit(th=9.0,vf=0.07)                      | ✗ 1 fail
           └─ Failures: 00024(pred:single,gt:horizontal)
[ 408/6590] GradDet(th=6.0,vf=0.04)+GradSplit(th=9.0,vf=0.08)                      | ✗ 1 fail
           └─ Failures: 00024(pred:single,gt:horizontal)
[ 409/6590] GradDet(th=6.0,vf=0.04)+GradSplit(th=10.0,vf=0.03)                     | ✗ 1 fail
           └─ Failures: 00024(pred:single,gt:horizontal)
[ 410/6590] GradDet(th=6.0,vf=0.04)+GradSplit(th=10.0,vf=0.04)                     | ✗ 1 fail
           └─ Failures: 00024(pred:single,gt:horizontal)
[ 411/6590] GradDet(th=6.0,vf=0.04)+GradSplit(th=10.0,vf=0.05)                     | ✗ 1 fail
           └─ Failures: 00024(pred:single,gt:horizontal)
[ 412/6590] GradDet(th=6.0,vf=0.04)+GradSplit(th=10.0,vf=0.06)                     | ✗ 1 fail
           └─ Failures: 00024(pred:single,gt:horizontal)
[ 413/6590] GradDet(th=6.0,vf=0.04)+GradSplit(th=10.0,vf=0.07)                     | ✗ 1 fail
           └─ Failures: 00024(pred:single,gt:horizontal)
[ 414/6590] GradDet(th=6.0,vf=0.04)+GradSplit(th=10.0,vf=0.08)                     | ✗ 1 fail
           └─ Failures: 00024(pred:single,gt:horizontal)
[ 415/6590] GradDet(th=6.0,vf=0.04)+GradSplit(th=11.0,vf=0.03)                     | ✗ 1 fail
           └─ Failures: 00024(pred:single,gt:horizontal)
[ 416/6590] GradDet(th=6.0,vf=0.04)+GradSplit(th=11.0,vf=0.04)                     | ✗ 1 fail
           └─ Failures: 00024(pred:single,gt:horizontal)
[ 417/6590] GradDet(th=6.0,vf=0.04)+GradSplit(th=11.0,vf=0.05)                     | ✗ 1 fail
           └─ Failures: 00024(pred:single,gt:horizontal)
[ 418/6590] GradDet(th=6.0,vf=0.04)+GradSplit(th=11.0,vf=0.06)                     | ✗ 1 fail
           └─ Failures: 00024(pred:single,gt:horizontal)
[ 419/6590] GradDet(th=6.0,vf=0.04)+GradSplit(th=11.0,vf=0.07)                     | ✗ 1 fail
           └─ Failures: 00024(pred:single,gt:horizontal)
[ 420/6590] GradDet(th=6.0,vf=0.04)+GradSplit(th=11.0,vf=0.08)                     | ✗ 1 fail
           └─ Failures: 00024(pred:single,gt:horizontal)
[ 421/6590] GradDet(th=6.0,vf=0.04)+GradSplit(th=12.0,vf=0.03)                     | ✗ 1 fail
           └─ Failures: 00024(pred:single,gt:horizontal)
[ 422/6590] GradDet(th=6.0,vf=0.04)+GradSplit(th=12.0,vf=0.04)                     | ✗ 1 fail
           └─ Failures: 00024(pred:single,gt:horizontal)
[ 423/6590] GradDet(th=6.0,vf=0.04)+GradSplit(th=12.0,vf=0.05)                     | ✗ 1 fail
           └─ Failures: 00024(pred:single,gt:horizontal)
[ 424/6590] GradDet(th=6.0,vf=0.04)+GradSplit(th=12.0,vf=0.06)                     | ✗ 1 fail
           └─ Failures: 00024(pred:single,gt:horizontal)
[ 425/6590] GradDet(th=6.0,vf=0.04)+GradSplit(th=12.0,vf=0.07)                     | ✗ 1 fail
           └─ Failures: 00024(pred:single,gt:horizontal)
[ 426/6590] GradDet(th=6.0,vf=0.04)+GradSplit(th=12.0,vf=0.08)                     | ✗ 1 fail
           └─ Failures: 00024(pred:single,gt:horizontal)
[ 427/6590] GradDet(th=6.0,vf=0.04)+GradSplit(th=13.0,vf=0.03)                     | ✗ 1 fail
           └─ Failures: 00024(pred:single,gt:horizontal)
[ 428/6590] GradDet(th=6.0,vf=0.04)+GradSplit(th=13.0,vf=0.04)                     | ✗ 1 fail
           └─ Failures: 00024(pred:single,gt:horizontal)
[ 429/6590] GradDet(th=6.0,vf=0.04)+GradSplit(th=13.0,vf=0.05)                     | ✗ 1 fail
           └─ Failures: 00024(pred:single,gt:horizontal)
[ 430/6590] GradDet(th=6.0,vf=0.04)+GradSplit(th=13.0,vf=0.06)                     | ✗ 1 fail
           └─ Failures: 00024(pred:single,gt:horizontal)
[ 431/6590] GradDet(th=6.0,vf=0.04)+GradSplit(th=13.0,vf=0.07)                     | ✗ 1 fail
           └─ Failures: 00024(pred:single,gt:horizontal)
[ 432/6590] GradDet(th=6.0,vf=0.04)+GradSplit(th=13.0,vf=0.08)                     | ✗ 1 fail
           └─ Failures: 00024(pred:single,gt:horizontal)
[ 433/6590] GradDet(th=6.0,vf=0.05)+GradSplit(th=6.0,vf=0.03)                      | ✗ 2 fail
           └─ Failures: 00017(pred:horizontal,gt:single), 00024(pred:single,gt:horizontal)
[ 434/6590] GradDet(th=6.0,vf=0.05)+GradSplit(th=6.0,vf=0.04)                      | ✗ 2 fail
           └─ Failures: 00017(pred:horizontal,gt:single), 00024(pred:single,gt:horizontal)
[ 435/6590] GradDet(th=6.0,vf=0.05)+GradSplit(th=6.0,vf=0.05)                      | ✗ 2 fail
           └─ Failures: 00017(pred:horizontal,gt:single), 00024(pred:single,gt:horizontal)
[ 436/6590] GradDet(th=6.0,vf=0.05)+GradSplit(th=6.0,vf=0.06)                      | ✗ 2 fail
           └─ Failures: 00017(pred:horizontal,gt:single), 00024(pred:single,gt:horizontal)
[ 437/6590] GradDet(th=6.0,vf=0.05)+GradSplit(th=6.0,vf=0.07)                      | ✗ 2 fail
           └─ Failures: 00017(pred:horizontal,gt:single), 00024(pred:single,gt:horizontal)
[ 438/6590] GradDet(th=6.0,vf=0.05)+GradSplit(th=6.0,vf=0.08)                      | ✗ 2 fail
           └─ Failures: 00017(pred:horizontal,gt:single), 00024(pred:single,gt:horizontal)
[ 439/6590] GradDet(th=6.0,vf=0.05)+GradSplit(th=7.0,vf=0.03)                      | ✗ 2 fail
           └─ Failures: 00017(pred:horizontal,gt:single), 00024(pred:single,gt:horizontal)
[ 440/6590] GradDet(th=6.0,vf=0.05)+GradSplit(th=7.0,vf=0.04)                      | ✗ 2 fail
           └─ Failures: 00017(pred:horizontal,gt:single), 00024(pred:single,gt:horizontal)
[ 441/6590] GradDet(th=6.0,vf=0.05)+GradSplit(th=7.0,vf=0.05)                      | ✗ 2 fail
           └─ Failures: 00017(pred:horizontal,gt:single), 00024(pred:single,gt:horizontal)
[ 442/6590] GradDet(th=6.0,vf=0.05)+GradSplit(th=7.0,vf=0.06)                      | ✗ 2 fail
           └─ Failures: 00017(pred:horizontal,gt:single), 00024(pred:single,gt:horizontal)
[ 443/6590] GradDet(th=6.0,vf=0.05)+GradSplit(th=7.0,vf=0.07)                      | ✗ 2 fail
           └─ Failures: 00017(pred:horizontal,gt:single), 00024(pred:single,gt:horizontal)
[ 444/6590] GradDet(th=6.0,vf=0.05)+GradSplit(th=7.0,vf=0.08)                      | ✗ 2 fail
           └─ Failures: 00017(pred:horizontal,gt:single), 00024(pred:single,gt:horizontal)
[ 445/6590] GradDet(th=6.0,vf=0.05)+GradSplit(th=8.0,vf=0.03)                      | ✗ 2 fail
           └─ Failures: 00017(pred:horizontal,gt:single), 00024(pred:single,gt:horizontal)
[ 446/6590] GradDet(th=6.0,vf=0.05)+GradSplit(th=8.0,vf=0.04)                      | ✗ 2 fail
           └─ Failures: 00017(pred:horizontal,gt:single), 00024(pred:single,gt:horizontal)
[ 447/6590] GradDet(th=6.0,vf=0.05)+GradSplit(th=8.0,vf=0.05)                      | ✗ 2 fail
           └─ Failures: 00017(pred:horizontal,gt:single), 00024(pred:single,gt:horizontal)
[ 448/6590] GradDet(th=6.0,vf=0.05)+GradSplit(th=8.0,vf=0.06)                      | ✗ 2 fail
           └─ Failures: 00017(pred:horizontal,gt:single), 00024(pred:single,gt:horizontal)
[ 449/6590] GradDet(th=6.0,vf=0.05)+GradSplit(th=8.0,vf=0.07)                      | ✗ 2 fail
           └─ Failures: 00017(pred:horizontal,gt:single), 00024(pred:single,gt:horizontal)
[ 450/6590] GradDet(th=6.0,vf=0.05)+GradSplit(th=8.0,vf=0.08)                      | ✗ 2 fail
           └─ Failures: 00017(pred:horizontal,gt:single), 00024(pred:single,gt:horizontal)
[ 451/6590] GradDet(th=6.0,vf=0.05)+GradSplit(th=8.5,vf=0.03)                      | ✗ 2 fail
           └─ Failures: 00017(pred:horizontal,gt:single), 00024(pred:single,gt:horizontal)
[ 452/6590] GradDet(th=6.0,vf=0.05)+GradSplit(th=8.5,vf=0.04)                      | ✗ 2 fail
           └─ Failures: 00017(pred:horizontal,gt:single), 00024(pred:single,gt:horizontal)
[ 453/6590] GradDet(th=6.0,vf=0.05)+GradSplit(th=8.5,vf=0.05)                      | ✗ 2 fail
           └─ Failures: 00017(pred:horizontal,gt:single), 00024(pred:single,gt:horizontal)
[ 454/6590] GradDet(th=6.0,vf=0.05)+GradSplit(th=8.5,vf=0.06)                      | ✗ 2 fail
           └─ Failures: 00017(pred:horizontal,gt:single), 00024(pred:single,gt:horizontal)
[ 455/6590] GradDet(th=6.0,vf=0.05)+GradSplit(th=8.5,vf=0.07)                      | ✗ 2 fail
           └─ Failures: 00017(pred:horizontal,gt:single), 00024(pred:single,gt:horizontal)
[ 456/6590] GradDet(th=6.0,vf=0.05)+GradSplit(th=8.5,vf=0.08)                      | ✗ 2 fail
           └─ Failures: 00017(pred:horizontal,gt:single), 00024(pred:single,gt:horizontal)
[ 457/6590] GradDet(th=6.0,vf=0.05)+GradSplit(th=9.0,vf=0.03)                      | ✗ 2 fail
           └─ Failures: 00017(pred:horizontal,gt:single), 00024(pred:single,gt:horizontal)
[ 458/6590] GradDet(th=6.0,vf=0.05)+GradSplit(th=9.0,vf=0.04)                      | ✗ 2 fail
           └─ Failures: 00017(pred:horizontal,gt:single), 00024(pred:single,gt:horizontal)
[ 459/6590] GradDet(th=6.0,vf=0.05)+GradSplit(th=9.0,vf=0.05)                      | ✗ 2 fail
           └─ Failures: 00017(pred:horizontal,gt:single), 00024(pred:single,gt:horizontal)
[ 460/6590] GradDet(th=6.0,vf=0.05)+GradSplit(th=9.0,vf=0.06)                      | ✗ 2 fail
           └─ Failures: 00017(pred:horizontal,gt:single), 00024(pred:single,gt:horizontal)
[ 461/6590] GradDet(th=6.0,vf=0.05)+GradSplit(th=9.0,vf=0.07)                      | ✗ 2 fail
           └─ Failures: 00017(pred:horizontal,gt:single), 00024(pred:single,gt:horizontal)
[ 462/6590] GradDet(th=6.0,vf=0.05)+GradSplit(th=9.0,vf=0.08)                      | ✗ 2 fail
           └─ Failures: 00017(pred:horizontal,gt:single), 00024(pred:single,gt:horizontal)
[ 463/6590] GradDet(th=6.0,vf=0.05)+GradSplit(th=10.0,vf=0.03)                     | ✗ 2 fail
           └─ Failures: 00017(pred:horizontal,gt:single), 00024(pred:single,gt:horizontal)
[ 464/6590] GradDet(th=6.0,vf=0.05)+GradSplit(th=10.0,vf=0.04)                     | ✗ 2 fail
           └─ Failures: 00017(pred:horizontal,gt:single), 00024(pred:single,gt:horizontal)
[ 465/6590] GradDet(th=6.0,vf=0.05)+GradSplit(th=10.0,vf=0.05)                     | ✗ 2 fail
           └─ Failures: 00017(pred:horizontal,gt:single), 00024(pred:single,gt:horizontal)
[ 466/6590] GradDet(th=6.0,vf=0.05)+GradSplit(th=10.0,vf=0.06)                     | ✗ 2 fail
           └─ Failures: 00017(pred:horizontal,gt:single), 00024(pred:single,gt:horizontal)
[ 467/6590] GradDet(th=6.0,vf=0.05)+GradSplit(th=10.0,vf=0.07)                     | ✗ 2 fail
           └─ Failures: 00017(pred:horizontal,gt:single), 00024(pred:single,gt:horizontal)
[ 468/6590] GradDet(th=6.0,vf=0.05)+GradSplit(th=10.0,vf=0.08)                     | ✗ 2 fail
           └─ Failures: 00017(pred:horizontal,gt:single), 00024(pred:single,gt:horizontal)
[ 469/6590] GradDet(th=6.0,vf=0.05)+GradSplit(th=11.0,vf=0.03)                     | ✗ 2 fail
           └─ Failures: 00017(pred:horizontal,gt:single), 00024(pred:single,gt:horizontal)
[ 470/6590] GradDet(th=6.0,vf=0.05)+GradSplit(th=11.0,vf=0.04)                     | ✗ 2 fail
           └─ Failures: 00017(pred:horizontal,gt:single), 00024(pred:single,gt:horizontal)
[ 471/6590] GradDet(th=6.0,vf=0.05)+GradSplit(th=11.0,vf=0.05)                     | ✗ 2 fail
           └─ Failures: 00017(pred:horizontal,gt:single), 00024(pred:single,gt:horizontal)
[ 472/6590] GradDet(th=6.0,vf=0.05)+GradSplit(th=11.0,vf=0.06)                     | ✗ 2 fail
           └─ Failures: 00017(pred:horizontal,gt:single), 00024(pred:single,gt:horizontal)
[ 473/6590] GradDet(th=6.0,vf=0.05)+GradSplit(th=11.0,vf=0.07)                     | ✗ 2 fail
           └─ Failures: 00017(pred:horizontal,gt:single), 00024(pred:single,gt:horizontal)
[ 474/6590] GradDet(th=6.0,vf=0.05)+GradSplit(th=11.0,vf=0.08)                     | ✗ 2 fail
           └─ Failures: 00017(pred:horizontal,gt:single), 00024(pred:single,gt:horizontal)
[ 475/6590] GradDet(th=6.0,vf=0.05)+GradSplit(th=12.0,vf=0.03)                     | ✗ 2 fail
           └─ Failures: 00017(pred:horizontal,gt:single), 00024(pred:single,gt:horizontal)
[ 476/6590] GradDet(th=6.0,vf=0.05)+GradSplit(th=12.0,vf=0.04)                     | ✗ 2 fail
           └─ Failures: 00017(pred:horizontal,gt:single), 00024(pred:single,gt:horizontal)
[ 477/6590] GradDet(th=6.0,vf=0.05)+GradSplit(th=12.0,vf=0.05)                     | ✗ 2 fail
           └─ Failures: 00017(pred:horizontal,gt:single), 00024(pred:single,gt:horizontal)
[ 478/6590] GradDet(th=6.0,vf=0.05)+GradSplit(th=12.0,vf=0.06)                     | ✗ 2 fail
           └─ Failures: 00017(pred:horizontal,gt:single), 00024(pred:single,gt:horizontal)
[ 479/6590] GradDet(th=6.0,vf=0.05)+GradSplit(th=12.0,vf=0.07)                     | ✗ 2 fail
           └─ Failures: 00017(pred:horizontal,gt:single), 00024(pred:single,gt:horizontal)
[ 480/6590] GradDet(th=6.0,vf=0.05)+GradSplit(th=12.0,vf=0.08)                     | ✗ 2 fail
           └─ Failures: 00017(pred:horizontal,gt:single), 00024(pred:single,gt:horizontal)
[ 481/6590] GradDet(th=6.0,vf=0.05)+GradSplit(th=13.0,vf=0.03)                     | ✗ 2 fail
           └─ Failures: 00017(pred:horizontal,gt:single), 00024(pred:single,gt:horizontal)
[ 482/6590] GradDet(th=6.0,vf=0.05)+GradSplit(th=13.0,vf=0.04)                     | ✗ 2 fail
           └─ Failures: 00017(pred:horizontal,gt:single), 00024(pred:single,gt:horizontal)
[ 483/6590] GradDet(th=6.0,vf=0.05)+GradSplit(th=13.0,vf=0.05)                     | ✗ 2 fail
           └─ Failures: 00017(pred:horizontal,gt:single), 00024(pred:single,gt:horizontal)
[ 484/6590] GradDet(th=6.0,vf=0.05)+GradSplit(th=13.0,vf=0.06)                     | ✗ 2 fail
           └─ Failures: 00017(pred:horizontal,gt:single), 00024(pred:single,gt:horizontal)
[ 485/6590] GradDet(th=6.0,vf=0.05)+GradSplit(th=13.0,vf=0.07)                     | ✗ 2 fail
           └─ Failures: 00017(pred:horizontal,gt:single), 00024(pred:single,gt:horizontal)
[ 486/6590] GradDet(th=6.0,vf=0.05)+GradSplit(th=13.0,vf=0.08)                     | ✗ 2 fail
           └─ Failures: 00017(pred:horizontal,gt:single), 00024(pred:single,gt:horizontal)
[ 487/6590] GradDet(th=6.0,vf=0.06)+GradSplit(th=6.0,vf=0.03)                      | ✗ 1 fail
           └─ Failures: 00024(pred:single,gt:horizontal)
[ 488/6590] GradDet(th=6.0,vf=0.06)+GradSplit(th=6.0,vf=0.04)                      | ✗ 1 fail
           └─ Failures: 00024(pred:single,gt:horizontal)
[ 489/6590] GradDet(th=6.0,vf=0.06)+GradSplit(th=6.0,vf=0.05)                      | ✗ 1 fail
           └─ Failures: 00024(pred:single,gt:horizontal)
[ 490/6590] GradDet(th=6.0,vf=0.06)+GradSplit(th=6.0,vf=0.06)                      | ✗ 1 fail
           └─ Failures: 00024(pred:single,gt:horizontal)
[ 491/6590] GradDet(th=6.0,vf=0.06)+GradSplit(th=6.0,vf=0.07)                      | ✗ 1 fail
           └─ Failures: 00024(pred:single,gt:horizontal)
[ 492/6590] GradDet(th=6.0,vf=0.06)+GradSplit(th=6.0,vf=0.08)                      | ✗ 1 fail
           └─ Failures: 00024(pred:single,gt:horizontal)
[ 493/6590] GradDet(th=6.0,vf=0.06)+GradSplit(th=7.0,vf=0.03)                      | ✗ 1 fail
           └─ Failures: 00024(pred:single,gt:horizontal)
[ 494/6590] GradDet(th=6.0,vf=0.06)+GradSplit(th=7.0,vf=0.04)                      | ✗ 1 fail
           └─ Failures: 00024(pred:single,gt:horizontal)
[ 495/6590] GradDet(th=6.0,vf=0.06)+GradSplit(th=7.0,vf=0.05)                      | ✗ 1 fail
           └─ Failures: 00024(pred:single,gt:horizontal)
[ 496/6590] GradDet(th=6.0,vf=0.06)+GradSplit(th=7.0,vf=0.06)                      | ✗ 1 fail
           └─ Failures: 00024(pred:single,gt:horizontal)
[ 497/6590] GradDet(th=6.0,vf=0.06)+GradSplit(th=7.0,vf=0.07)                      | ✗ 1 fail
           └─ Failures: 00024(pred:single,gt:horizontal)
[ 498/6590] GradDet(th=6.0,vf=0.06)+GradSplit(th=7.0,vf=0.08)                      | ✗ 1 fail
           └─ Failures: 00024(pred:single,gt:horizontal)
[ 499/6590] GradDet(th=6.0,vf=0.06)+GradSplit(th=8.0,vf=0.03)                      | ✗ 1 fail
           └─ Failures: 00024(pred:single,gt:horizontal)
[ 500/6590] GradDet(th=6.0,vf=0.06)+GradSplit(th=8.0,vf=0.04)                      | ✗ 1 fail
           └─ Failures: 00024(pred:single,gt:horizontal)
[ 501/6590] GradDet(th=6.0,vf=0.06)+GradSplit(th=8.0,vf=0.05)                      | ✗ 1 fail
           └─ Failures: 00024(pred:single,gt:horizontal)
[ 502/6590] GradDet(th=6.0,vf=0.06)+GradSplit(th=8.0,vf=0.06)                      | ✗ 1 fail
           └─ Failures: 00024(pred:single,gt:horizontal)
[ 503/6590] GradDet(th=6.0,vf=0.06)+GradSplit(th=8.0,vf=0.07)                      | ✗ 1 fail
           └─ Failures: 00024(pred:single,gt:horizontal)
[ 504/6590] GradDet(th=6.0,vf=0.06)+GradSplit(th=8.0,vf=0.08)                      | ✗ 1 fail
           └─ Failures: 00024(pred:single,gt:horizontal)
[ 505/6590] GradDet(th=6.0,vf=0.06)+GradSplit(th=8.5,vf=0.03)                      | ✗ 1 fail
           └─ Failures: 00024(pred:single,gt:horizontal)
[ 506/6590] GradDet(th=6.0,vf=0.06)+GradSplit(th=8.5,vf=0.04)                      | ✗ 1 fail
           └─ Failures: 00024(pred:single,gt:horizontal)
[ 507/6590] GradDet(th=6.0,vf=0.06)+GradSplit(th=8.5,vf=0.05)                      | ✗ 1 fail
           └─ Failures: 00024(pred:single,gt:horizontal)
[ 508/6590] GradDet(th=6.0,vf=0.06)+GradSplit(th=8.5,vf=0.06)                      | ✗ 1 fail
           └─ Failures: 00024(pred:single,gt:horizontal)
[ 509/6590] GradDet(th=6.0,vf=0.06)+GradSplit(th=8.5,vf=0.07)                      | ✗ 1 fail
           └─ Failures: 00024(pred:single,gt:horizontal)
[ 510/6590] GradDet(th=6.0,vf=0.06)+GradSplit(th=8.5,vf=0.08)                      | ✗ 1 fail
           └─ Failures: 00024(pred:single,gt:horizontal)
[ 511/6590] GradDet(th=6.0,vf=0.06)+GradSplit(th=9.0,vf=0.03)                      | ✗ 1 fail
           └─ Failures: 00024(pred:single,gt:horizontal)
[ 512/6590] GradDet(th=6.0,vf=0.06)+GradSplit(th=9.0,vf=0.04)                      | ✗ 1 fail
           └─ Failures: 00024(pred:single,gt:horizontal)
[ 513/6590] GradDet(th=6.0,vf=0.06)+GradSplit(th=9.0,vf=0.05)                      | ✗ 1 fail
           └─ Failures: 00024(pred:single,gt:horizontal)
[ 514/6590] GradDet(th=6.0,vf=0.06)+GradSplit(th=9.0,vf=0.06)                      | ✗ 1 fail
           └─ Failures: 00024(pred:single,gt:horizontal)
[ 515/6590] GradDet(th=6.0,vf=0.06)+GradSplit(th=9.0,vf=0.07)                      | ✗ 1 fail
           └─ Failures: 00024(pred:single,gt:horizontal)
[ 516/6590] GradDet(th=6.0,vf=0.06)+GradSplit(th=9.0,vf=0.08)                      | ✗ 1 fail
           └─ Failures: 00024(pred:single,gt:horizontal)
[ 517/6590] GradDet(th=6.0,vf=0.06)+GradSplit(th=10.0,vf=0.03)                     | ✗ 1 fail
           └─ Failures: 00024(pred:single,gt:horizontal)
[ 518/6590] GradDet(th=6.0,vf=0.06)+GradSplit(th=10.0,vf=0.04)                     | ✗ 1 fail
           └─ Failures: 00024(pred:single,gt:horizontal)
[ 519/6590] GradDet(th=6.0,vf=0.06)+GradSplit(th=10.0,vf=0.05)                     | ✗ 1 fail
           └─ Failures: 00024(pred:single,gt:horizontal)
[ 520/6590] GradDet(th=6.0,vf=0.06)+GradSplit(th=10.0,vf=0.06)                     | ✗ 1 fail
           └─ Failures: 00024(pred:single,gt:horizontal)
[ 521/6590] GradDet(th=6.0,vf=0.06)+GradSplit(th=10.0,vf=0.07)                     | ✗ 1 fail
           └─ Failures: 00024(pred:single,gt:horizontal)
[ 522/6590] GradDet(th=6.0,vf=0.06)+GradSplit(th=10.0,vf=0.08)                     | ✗ 1 fail
           └─ Failures: 00024(pred:single,gt:horizontal)
[ 523/6590] GradDet(th=6.0,vf=0.06)+GradSplit(th=11.0,vf=0.03)                     | ✗ 1 fail
           └─ Failures: 00024(pred:single,gt:horizontal)
[ 524/6590] GradDet(th=6.0,vf=0.06)+GradSplit(th=11.0,vf=0.04)                     | ✗ 1 fail
           └─ Failures: 00024(pred:single,gt:horizontal)
[ 525/6590] GradDet(th=6.0,vf=0.06)+GradSplit(th=11.0,vf=0.05)                     | ✗ 1 fail
           └─ Failures: 00024(pred:single,gt:horizontal)
[ 526/6590] GradDet(th=6.0,vf=0.06)+GradSplit(th=11.0,vf=0.06)                     | ✗ 1 fail
           └─ Failures: 00024(pred:single,gt:horizontal)
[ 527/6590] GradDet(th=6.0,vf=0.06)+GradSplit(th=11.0,vf=0.07)                     | ✗ 1 fail
           └─ Failures: 00024(pred:single,gt:horizontal)
[ 528/6590] GradDet(th=6.0,vf=0.06)+GradSplit(th=11.0,vf=0.08)                     | ✗ 1 fail
           └─ Failures: 00024(pred:single,gt:horizontal)
[ 529/6590] GradDet(th=6.0,vf=0.06)+GradSplit(th=12.0,vf=0.03)                     | ✗ 1 fail
           └─ Failures: 00024(pred:single,gt:horizontal)
[ 530/6590] GradDet(th=6.0,vf=0.06)+GradSplit(th=12.0,vf=0.04)                     | ✗ 1 fail
           └─ Failures: 00024(pred:single,gt:horizontal)
[ 531/6590] GradDet(th=6.0,vf=0.06)+GradSplit(th=12.0,vf=0.05)                     | ✗ 1 fail
           └─ Failures: 00024(pred:single,gt:horizontal)
[ 532/6590] GradDet(th=6.0,vf=0.06)+GradSplit(th=12.0,vf=0.06)                     | ✗ 1 fail
           └─ Failures: 00024(pred:single,gt:horizontal)
[ 533/6590] GradDet(th=6.0,vf=0.06)+GradSplit(th=12.0,vf=0.07)                     | ✗ 1 fail
           └─ Failures: 00024(pred:single,gt:horizontal)
[ 534/6590] GradDet(th=6.0,vf=0.06)+GradSplit(th=12.0,vf=0.08)                     | ✗ 1 fail
           └─ Failures: 00024(pred:single,gt:horizontal)
[ 535/6590] GradDet(th=6.0,vf=0.06)+GradSplit(th=13.0,vf=0.03)                     | ✗ 1 fail
           └─ Failures: 00024(pred:single,gt:horizontal)
[ 536/6590] GradDet(th=6.0,vf=0.06)+GradSplit(th=13.0,vf=0.04)                     | ✗ 1 fail
           └─ Failures: 00024(pred:single,gt:horizontal)
[ 537/6590] GradDet(th=6.0,vf=0.06)+GradSplit(th=13.0,vf=0.05)                     | ✗ 1 fail
           └─ Failures: 00024(pred:single,gt:horizontal)
[ 538/6590] GradDet(th=6.0,vf=0.06)+GradSplit(th=13.0,vf=0.06)                     | ✗ 1 fail
           └─ Failures: 00024(pred:single,gt:horizontal)
[ 539/6590] GradDet(th=6.0,vf=0.06)+GradSplit(th=13.0,vf=0.07)                     | ✗ 1 fail
           └─ Failures: 00024(pred:single,gt:horizontal)
[ 540/6590] GradDet(th=6.0,vf=0.06)+GradSplit(th=13.0,vf=0.08)                     | ✗ 1 fail
           └─ Failures: 00024(pred:single,gt:horizontal)
[ 541/6590] GradDet(th=6.0,vf=0.07)+GradSplit(th=6.0,vf=0.03)                      | ✗ 1 fail
           └─ Failures: 00024(pred:single,gt:horizontal)
[ 542/6590] GradDet(th=6.0,vf=0.07)+GradSplit(th=6.0,vf=0.04)                      | ✗ 1 fail
           └─ Failures: 00024(pred:single,gt:horizontal)
[ 543/6590] GradDet(th=6.0,vf=0.07)+GradSplit(th=6.0,vf=0.05)                      | ✗ 1 fail
           └─ Failures: 00024(pred:single,gt:horizontal)
[ 544/6590] GradDet(th=6.0,vf=0.07)+GradSplit(th=6.0,vf=0.06)                      | ✗ 1 fail
           └─ Failures: 00024(pred:single,gt:horizontal)
[ 545/6590] GradDet(th=6.0,vf=0.07)+GradSplit(th=6.0,vf=0.07)                      | ✗ 1 fail
           └─ Failures: 00024(pred:single,gt:horizontal)
[ 546/6590] GradDet(th=6.0,vf=0.07)+GradSplit(th=6.0,vf=0.08)                      | ✗ 1 fail
           └─ Failures: 00024(pred:single,gt:horizontal)
[ 547/6590] GradDet(th=6.0,vf=0.07)+GradSplit(th=7.0,vf=0.03)                      | ✗ 1 fail
           └─ Failures: 00024(pred:single,gt:horizontal)
[ 548/6590] GradDet(th=6.0,vf=0.07)+GradSplit(th=7.0,vf=0.04)                      | ✗ 1 fail
           └─ Failures: 00024(pred:single,gt:horizontal)
[ 549/6590] GradDet(th=6.0,vf=0.07)+GradSplit(th=7.0,vf=0.05)                      | ✗ 1 fail
           └─ Failures: 00024(pred:single,gt:horizontal)
[ 550/6590] GradDet(th=6.0,vf=0.07)+GradSplit(th=7.0,vf=0.06)                      | ✗ 1 fail
           └─ Failures: 00024(pred:single,gt:horizontal)
[ 551/6590] GradDet(th=6.0,vf=0.07)+GradSplit(th=7.0,vf=0.07)                      | ✗ 1 fail
           └─ Failures: 00024(pred:single,gt:horizontal)
[ 552/6590] GradDet(th=6.0,vf=0.07)+GradSplit(th=7.0,vf=0.08)                      | ✗ 1 fail
           └─ Failures: 00024(pred:single,gt:horizontal)
[ 553/6590] GradDet(th=6.0,vf=0.07)+GradSplit(th=8.0,vf=0.03)                      | ✗ 1 fail
           └─ Failures: 00024(pred:single,gt:horizontal)
[ 554/6590] GradDet(th=6.0,vf=0.07)+GradSplit(th=8.0,vf=0.04)                      | ✗ 1 fail
           └─ Failures: 00024(pred:single,gt:horizontal)
[ 555/6590] GradDet(th=6.0,vf=0.07)+GradSplit(th=8.0,vf=0.05)                      | ✗ 1 fail
           └─ Failures: 00024(pred:single,gt:horizontal)
[ 556/6590] GradDet(th=6.0,vf=0.07)+GradSplit(th=8.0,vf=0.06)                      | ✗ 1 fail
           └─ Failures: 00024(pred:single,gt:horizontal)
[ 557/6590] GradDet(th=6.0,vf=0.07)+GradSplit(th=8.0,vf=0.07)                      | ✗ 1 fail
           └─ Failures: 00024(pred:single,gt:horizontal)
[ 558/6590] GradDet(th=6.0,vf=0.07)+GradSplit(th=8.0,vf=0.08)                      | ✗ 1 fail
           └─ Failures: 00024(pred:single,gt:horizontal)
[ 559/6590] GradDet(th=6.0,vf=0.07)+GradSplit(th=8.5,vf=0.03)                      | ✗ 1 fail
           └─ Failures: 00024(pred:single,gt:horizontal)
[ 560/6590] GradDet(th=6.0,vf=0.07)+GradSplit(th=8.5,vf=0.04)                      | ✗ 1 fail
           └─ Failures: 00024(pred:single,gt:horizontal)
[ 561/6590] GradDet(th=6.0,vf=0.07)+GradSplit(th=8.5,vf=0.05)                      | ✗ 1 fail
           └─ Failures: 00024(pred:single,gt:horizontal)
[ 562/6590] GradDet(th=6.0,vf=0.07)+GradSplit(th=8.5,vf=0.06)                      | ✗ 1 fail
           └─ Failures: 00024(pred:single,gt:horizontal)
[ 563/6590] GradDet(th=6.0,vf=0.07)+GradSplit(th=8.5,vf=0.07)                      | ✗ 1 fail
           └─ Failures: 00024(pred:single,gt:horizontal)
[ 564/6590] GradDet(th=6.0,vf=0.07)+GradSplit(th=8.5,vf=0.08)                      | ✗ 1 fail
           └─ Failures: 00024(pred:single,gt:horizontal)
[ 565/6590] GradDet(th=6.0,vf=0.07)+GradSplit(th=9.0,vf=0.03)                      | ✗ 1 fail
           └─ Failures: 00024(pred:single,gt:horizontal)
[ 566/6590] GradDet(th=6.0,vf=0.07)+GradSplit(th=9.0,vf=0.04)                      | ✗ 1 fail
           └─ Failures: 00024(pred:single,gt:horizontal)
[ 567/6590] GradDet(th=6.0,vf=0.07)+GradSplit(th=9.0,vf=0.05)                      | ✗ 1 fail
           └─ Failures: 00024(pred:single,gt:horizontal)
[ 568/6590] GradDet(th=6.0,vf=0.07)+GradSplit(th=9.0,vf=0.06)                      | ✗ 1 fail
           └─ Failures: 00024(pred:single,gt:horizontal)
[ 569/6590] GradDet(th=6.0,vf=0.07)+GradSplit(th=9.0,vf=0.07)                      | ✗ 1 fail
           └─ Failures: 00024(pred:single,gt:horizontal)
[ 570/6590] GradDet(th=6.0,vf=0.07)+GradSplit(th=9.0,vf=0.08)                      | ✗ 1 fail
           └─ Failures: 00024(pred:single,gt:horizontal)
[ 571/6590] GradDet(th=6.0,vf=0.07)+GradSplit(th=10.0,vf=0.03)                     | ✗ 1 fail
           └─ Failures: 00024(pred:single,gt:horizontal)
[ 572/6590] GradDet(th=6.0,vf=0.07)+GradSplit(th=10.0,vf=0.04)                     | ✗ 1 fail
           └─ Failures: 00024(pred:single,gt:horizontal)
[ 573/6590] GradDet(th=6.0,vf=0.07)+GradSplit(th=10.0,vf=0.05)                     | ✗ 1 fail
           └─ Failures: 00024(pred:single,gt:horizontal)
[ 574/6590] GradDet(th=6.0,vf=0.07)+GradSplit(th=10.0,vf=0.06)                     | ✗ 1 fail
           └─ Failures: 00024(pred:single,gt:horizontal)
[ 575/6590] GradDet(th=6.0,vf=0.07)+GradSplit(th=10.0,vf=0.07)                     | ✗ 1 fail
           └─ Failures: 00024(pred:single,gt:horizontal)
[ 576/6590] GradDet(th=6.0,vf=0.07)+GradSplit(th=10.0,vf=0.08)                     | ✗ 1 fail
           └─ Failures: 00024(pred:single,gt:horizontal)
[ 577/6590] GradDet(th=6.0,vf=0.07)+GradSplit(th=11.0,vf=0.03)                     | ✗ 1 fail
           └─ Failures: 00024(pred:single,gt:horizontal)
[ 578/6590] GradDet(th=6.0,vf=0.07)+GradSplit(th=11.0,vf=0.04)                     | ✗ 1 fail
           └─ Failures: 00024(pred:single,gt:horizontal)
[ 579/6590] GradDet(th=6.0,vf=0.07)+GradSplit(th=11.0,vf=0.05)                     | ✗ 1 fail
           └─ Failures: 00024(pred:single,gt:horizontal)
[ 580/6590] GradDet(th=6.0,vf=0.07)+GradSplit(th=11.0,vf=0.06)                     | ✗ 1 fail
           └─ Failures: 00024(pred:single,gt:horizontal)
[ 581/6590] GradDet(th=6.0,vf=0.07)+GradSplit(th=11.0,vf=0.07)                     | ✗ 1 fail
           └─ Failures: 00024(pred:single,gt:horizontal)
[ 582/6590] GradDet(th=6.0,vf=0.07)+GradSplit(th=11.0,vf=0.08)                     | ✗ 1 fail
           └─ Failures: 00024(pred:single,gt:horizontal)
[ 583/6590] GradDet(th=6.0,vf=0.07)+GradSplit(th=12.0,vf=0.03)                     | ✗ 1 fail
           └─ Failures: 00024(pred:single,gt:horizontal)
[ 584/6590] GradDet(th=6.0,vf=0.07)+GradSplit(th=12.0,vf=0.04)                     | ✗ 1 fail
           └─ Failures: 00024(pred:single,gt:horizontal)
[ 585/6590] GradDet(th=6.0,vf=0.07)+GradSplit(th=12.0,vf=0.05)                     | ✗ 1 fail
           └─ Failures: 00024(pred:single,gt:horizontal)
[ 586/6590] GradDet(th=6.0,vf=0.07)+GradSplit(th=12.0,vf=0.06)                     | ✗ 1 fail
           └─ Failures: 00024(pred:single,gt:horizontal)
[ 587/6590] GradDet(th=6.0,vf=0.07)+GradSplit(th=12.0,vf=0.07)                     | ✗ 1 fail
           └─ Failures: 00024(pred:single,gt:horizontal)
[ 588/6590] GradDet(th=6.0,vf=0.07)+GradSplit(th=12.0,vf=0.08)                     | ✗ 1 fail
           └─ Failures: 00024(pred:single,gt:horizontal)
[ 589/6590] GradDet(th=6.0,vf=0.07)+GradSplit(th=13.0,vf=0.03)                     | ✗ 1 fail
           └─ Failures: 00024(pred:single,gt:horizontal)
[ 590/6590] GradDet(th=6.0,vf=0.07)+GradSplit(th=13.0,vf=0.04)                     | ✗ 1 fail
           └─ Failures: 00024(pred:single,gt:horizontal)
[ 591/6590] GradDet(th=6.0,vf=0.07)+GradSplit(th=13.0,vf=0.05)                     | ✗ 1 fail
           └─ Failures: 00024(pred:single,gt:horizontal)
[ 592/6590] GradDet(th=6.0,vf=0.07)+GradSplit(th=13.0,vf=0.06)                     | ✗ 1 fail
           └─ Failures: 00024(pred:single,gt:horizontal)
[ 593/6590] GradDet(th=6.0,vf=0.07)+GradSplit(th=13.0,vf=0.07)                     | ✗ 1 fail
           └─ Failures: 00024(pred:single,gt:horizontal)
[ 594/6590] GradDet(th=6.0,vf=0.07)+GradSplit(th=13.0,vf=0.08)                     | ✗ 1 fail
           └─ Failures: 00024(pred:single,gt:horizontal)
[ 595/6590] GradDet(th=6.0,vf=0.08)+GradSplit(th=6.0,vf=0.03)                      | ✗ 1 fail
           └─ Failures: 00024(pred:single,gt:horizontal)
[ 596/6590] GradDet(th=6.0,vf=0.08)+GradSplit(th=6.0,vf=0.04)                      | ✗ 1 fail
           └─ Failures: 00024(pred:single,gt:horizontal)
[ 597/6590] GradDet(th=6.0,vf=0.08)+GradSplit(th=6.0,vf=0.05)                      | ✗ 1 fail
           └─ Failures: 00024(pred:single,gt:horizontal)
[ 598/6590] GradDet(th=6.0,vf=0.08)+GradSplit(th=6.0,vf=0.06)                      | ✗ 1 fail
           └─ Failures: 00024(pred:single,gt:horizontal)
[ 599/6590] GradDet(th=6.0,vf=0.08)+GradSplit(th=6.0,vf=0.07)                      | ✗ 1 fail
           └─ Failures: 00024(pred:single,gt:horizontal)
[ 600/6590] GradDet(th=6.0,vf=0.08)+GradSplit(th=6.0,vf=0.08)                      | ✗ 1 fail
           └─ Failures: 00024(pred:single,gt:horizontal)
[ 601/6590] GradDet(th=6.0,vf=0.08)+GradSplit(th=7.0,vf=0.03)                      | ✗ 1 fail
           └─ Failures: 00024(pred:single,gt:horizontal)
[ 602/6590] GradDet(th=6.0,vf=0.08)+GradSplit(th=7.0,vf=0.04)                      | ✗ 1 fail
           └─ Failures: 00024(pred:single,gt:horizontal)
[ 603/6590] GradDet(th=6.0,vf=0.08)+GradSplit(th=7.0,vf=0.05)                      | ✗ 1 fail
           └─ Failures: 00024(pred:single,gt:horizontal)
[ 604/6590] GradDet(th=6.0,vf=0.08)+GradSplit(th=7.0,vf=0.06)                      | ✗ 1 fail
           └─ Failures: 00024(pred:single,gt:horizontal)
[ 605/6590] GradDet(th=6.0,vf=0.08)+GradSplit(th=7.0,vf=0.07)                      | ✗ 1 fail
           └─ Failures: 00024(pred:single,gt:horizontal)
[ 606/6590] GradDet(th=6.0,vf=0.08)+GradSplit(th=7.0,vf=0.08)                      | ✗ 1 fail
           └─ Failures: 00024(pred:single,gt:horizontal)
[ 607/6590] GradDet(th=6.0,vf=0.08)+GradSplit(th=8.0,vf=0.03)                      | ✗ 1 fail
           └─ Failures: 00024(pred:single,gt:horizontal)
[ 608/6590] GradDet(th=6.0,vf=0.08)+GradSplit(th=8.0,vf=0.04)                      | ✗ 1 fail
           └─ Failures: 00024(pred:single,gt:horizontal)
[ 609/6590] GradDet(th=6.0,vf=0.08)+GradSplit(th=8.0,vf=0.05)                      | ✗ 1 fail
           └─ Failures: 00024(pred:single,gt:horizontal)
[ 610/6590] GradDet(th=6.0,vf=0.08)+GradSplit(th=8.0,vf=0.06)                      | ✗ 1 fail
           └─ Failures: 00024(pred:single,gt:horizontal)
[ 611/6590] GradDet(th=6.0,vf=0.08)+GradSplit(th=8.0,vf=0.07)                      | ✗ 1 fail
           └─ Failures: 00024(pred:single,gt:horizontal)
[ 612/6590] GradDet(th=6.0,vf=0.08)+GradSplit(th=8.0,vf=0.08)                      | ✗ 1 fail
           └─ Failures: 00024(pred:single,gt:horizontal)
[ 613/6590] GradDet(th=6.0,vf=0.08)+GradSplit(th=8.5,vf=0.03)                      | ✗ 1 fail
           └─ Failures: 00024(pred:single,gt:horizontal)
[ 614/6590] GradDet(th=6.0,vf=0.08)+GradSplit(th=8.5,vf=0.04)                      | ✗ 1 fail
           └─ Failures: 00024(pred:single,gt:horizontal)
[ 615/6590] GradDet(th=6.0,vf=0.08)+GradSplit(th=8.5,vf=0.05)                      | ✗ 1 fail
           └─ Failures: 00024(pred:single,gt:horizontal)
[ 616/6590] GradDet(th=6.0,vf=0.08)+GradSplit(th=8.5,vf=0.06)                      | ✗ 1 fail
           └─ Failures: 00024(pred:single,gt:horizontal)
[ 617/6590] GradDet(th=6.0,vf=0.08)+GradSplit(th=8.5,vf=0.07)                      | ✗ 1 fail
           └─ Failures: 00024(pred:single,gt:horizontal)
[ 618/6590] GradDet(th=6.0,vf=0.08)+GradSplit(th=8.5,vf=0.08)                      | ✗ 1 fail
           └─ Failures: 00024(pred:single,gt:horizontal)
[ 619/6590] GradDet(th=6.0,vf=0.08)+GradSplit(th=9.0,vf=0.03)                      | ✗ 1 fail
           └─ Failures: 00024(pred:single,gt:horizontal)
[ 620/6590] GradDet(th=6.0,vf=0.08)+GradSplit(th=9.0,vf=0.04)                      | ✗ 1 fail
           └─ Failures: 00024(pred:single,gt:horizontal)
[ 621/6590] GradDet(th=6.0,vf=0.08)+GradSplit(th=9.0,vf=0.05)                      | ✗ 1 fail
           └─ Failures: 00024(pred:single,gt:horizontal)
[ 622/6590] GradDet(th=6.0,vf=0.08)+GradSplit(th=9.0,vf=0.06)                      | ✗ 1 fail
           └─ Failures: 00024(pred:single,gt:horizontal)
[ 623/6590] GradDet(th=6.0,vf=0.08)+GradSplit(th=9.0,vf=0.07)                      | ✗ 1 fail
           └─ Failures: 00024(pred:single,gt:horizontal)
[ 624/6590] GradDet(th=6.0,vf=0.08)+GradSplit(th=9.0,vf=0.08)                      | ✗ 1 fail
           └─ Failures: 00024(pred:single,gt:horizontal)
[ 625/6590] GradDet(th=6.0,vf=0.08)+GradSplit(th=10.0,vf=0.03)                     | ✗ 1 fail
           └─ Failures: 00024(pred:single,gt:horizontal)
[ 626/6590] GradDet(th=6.0,vf=0.08)+GradSplit(th=10.0,vf=0.04)                     | ✗ 1 fail
           └─ Failures: 00024(pred:single,gt:horizontal)
[ 627/6590] GradDet(th=6.0,vf=0.08)+GradSplit(th=10.0,vf=0.05)                     | ✗ 1 fail
           └─ Failures: 00024(pred:single,gt:horizontal)
[ 628/6590] GradDet(th=6.0,vf=0.08)+GradSplit(th=10.0,vf=0.06)                     | ✗ 1 fail
           └─ Failures: 00024(pred:single,gt:horizontal)
[ 629/6590] GradDet(th=6.0,vf=0.08)+GradSplit(th=10.0,vf=0.07)                     | ✗ 1 fail
           └─ Failures: 00024(pred:single,gt:horizontal)
[ 630/6590] GradDet(th=6.0,vf=0.08)+GradSplit(th=10.0,vf=0.08)                     | ✗ 1 fail
           └─ Failures: 00024(pred:single,gt:horizontal)
[ 631/6590] GradDet(th=6.0,vf=0.08)+GradSplit(th=11.0,vf=0.03)                     | ✗ 1 fail
           └─ Failures: 00024(pred:single,gt:horizontal)
[ 632/6590] GradDet(th=6.0,vf=0.08)+GradSplit(th=11.0,vf=0.04)                     | ✗ 1 fail
           └─ Failures: 00024(pred:single,gt:horizontal)
[ 633/6590] GradDet(th=6.0,vf=0.08)+GradSplit(th=11.0,vf=0.05)                     | ✗ 1 fail
           └─ Failures: 00024(pred:single,gt:horizontal)
[ 634/6590] GradDet(th=6.0,vf=0.08)+GradSplit(th=11.0,vf=0.06)                     | ✗ 1 fail
           └─ Failures: 00024(pred:single,gt:horizontal)
[ 635/6590] GradDet(th=6.0,vf=0.08)+GradSplit(th=11.0,vf=0.07)                     | ✗ 1 fail
           └─ Failures: 00024(pred:single,gt:horizontal)
[ 636/6590] GradDet(th=6.0,vf=0.08)+GradSplit(th=11.0,vf=0.08)                     | ✗ 1 fail
           └─ Failures: 00024(pred:single,gt:horizontal)
[ 637/6590] GradDet(th=6.0,vf=0.08)+GradSplit(th=12.0,vf=0.03)                     | ✗ 1 fail
           └─ Failures: 00024(pred:single,gt:horizontal)
[ 638/6590] GradDet(th=6.0,vf=0.08)+GradSplit(th=12.0,vf=0.04)                     | ✗ 1 fail
           └─ Failures: 00024(pred:single,gt:horizontal)
[ 639/6590] GradDet(th=6.0,vf=0.08)+GradSplit(th=12.0,vf=0.05)                     | ✗ 1 fail
           └─ Failures: 00024(pred:single,gt:horizontal)
[ 640/6590] GradDet(th=6.0,vf=0.08)+GradSplit(th=12.0,vf=0.06)                     | ✗ 1 fail
           └─ Failures: 00024(pred:single,gt:horizontal)
[ 641/6590] GradDet(th=6.0,vf=0.08)+GradSplit(th=12.0,vf=0.07)                     | ✗ 1 fail
           └─ Failures: 00024(pred:single,gt:horizontal)
[ 642/6590] GradDet(th=6.0,vf=0.08)+GradSplit(th=12.0,vf=0.08)                     | ✗ 1 fail
           └─ Failures: 00024(pred:single,gt:horizontal)
[ 643/6590] GradDet(th=6.0,vf=0.08)+GradSplit(th=13.0,vf=0.03)                     | ✗ 1 fail
           └─ Failures: 00024(pred:single,gt:horizontal)
[ 644/6590] GradDet(th=6.0,vf=0.08)+GradSplit(th=13.0,vf=0.04)                     | ✗ 1 fail
           └─ Failures: 00024(pred:single,gt:horizontal)
[ 645/6590] GradDet(th=6.0,vf=0.08)+GradSplit(th=13.0,vf=0.05)                     | ✗ 1 fail
           └─ Failures: 00024(pred:single,gt:horizontal)
[ 646/6590] GradDet(th=6.0,vf=0.08)+GradSplit(th=13.0,vf=0.06)                     | ✗ 1 fail
           └─ Failures: 00024(pred:single,gt:horizontal)
[ 647/6590] GradDet(th=6.0,vf=0.08)+GradSplit(th=13.0,vf=0.07)                     | ✗ 1 fail
           └─ Failures: 00024(pred:single,gt:horizontal)
[ 648/6590] GradDet(th=6.0,vf=0.08)+GradSplit(th=13.0,vf=0.08)                     | ✗ 1 fail
           └─ Failures: 00024(pred:single,gt:horizontal)
[ 649/6590] GradDet(th=6.5,vf=0.03)+GradSplit(th=6.0,vf=0.03)                      | ✗ 1 fail
           └─ Failures: 00024(pred:single,gt:horizontal)
[ 650/6590] GradDet(th=6.5,vf=0.03)+GradSplit(th=6.0,vf=0.04)                      | ✗ 1 fail
           └─ Failures: 00024(pred:single,gt:horizontal)
[ 651/6590] GradDet(th=6.5,vf=0.03)+GradSplit(th=6.0,vf=0.05)                      | ✗ 1 fail
           └─ Failures: 00024(pred:single,gt:horizontal)
[ 652/6590] GradDet(th=6.5,vf=0.03)+GradSplit(th=6.0,vf=0.06)                      | ✗ 1 fail
           └─ Failures: 00024(pred:single,gt:horizontal)
[ 653/6590] GradDet(th=6.5,vf=0.03)+GradSplit(th=6.0,vf=0.07)                      | ✗ 1 fail
           └─ Failures: 00024(pred:single,gt:horizontal)
[ 654/6590] GradDet(th=6.5,vf=0.03)+GradSplit(th=6.0,vf=0.08)                      | ✗ 1 fail
           └─ Failures: 00024(pred:single,gt:horizontal)
[ 655/6590] GradDet(th=6.5,vf=0.03)+GradSplit(th=7.0,vf=0.03)                      | ✗ 1 fail
           └─ Failures: 00024(pred:single,gt:horizontal)
[ 656/6590] GradDet(th=6.5,vf=0.03)+GradSplit(th=7.0,vf=0.04)                      | ✗ 1 fail
           └─ Failures: 00024(pred:single,gt:horizontal)
[ 657/6590] GradDet(th=6.5,vf=0.03)+GradSplit(th=7.0,vf=0.05)                      | ✗ 1 fail
           └─ Failures: 00024(pred:single,gt:horizontal)
[ 658/6590] GradDet(th=6.5,vf=0.03)+GradSplit(th=7.0,vf=0.06)                      | ✗ 1 fail
           └─ Failures: 00024(pred:single,gt:horizontal)
[ 659/6590] GradDet(th=6.5,vf=0.03)+GradSplit(th=7.0,vf=0.07)                      | ✗ 1 fail
           └─ Failures: 00024(pred:single,gt:horizontal)
[ 660/6590] GradDet(th=6.5,vf=0.03)+GradSplit(th=7.0,vf=0.08)                      | ✗ 1 fail
           └─ Failures: 00024(pred:single,gt:horizontal)
[ 661/6590] GradDet(th=6.5,vf=0.03)+GradSplit(th=8.0,vf=0.03)                      | ✗ 1 fail
           └─ Failures: 00024(pred:single,gt:horizontal)
[ 662/6590] GradDet(th=6.5,vf=0.03)+GradSplit(th=8.0,vf=0.04)                      | ✗ 1 fail
           └─ Failures: 00024(pred:single,gt:horizontal)
[ 663/6590] GradDet(th=6.5,vf=0.03)+GradSplit(th=8.0,vf=0.05)                      | ✗ 1 fail
           └─ Failures: 00024(pred:single,gt:horizontal)
[ 664/6590] GradDet(th=6.5,vf=0.03)+GradSplit(th=8.0,vf=0.06)                      | ✗ 1 fail
           └─ Failures: 00024(pred:single,gt:horizontal)
[ 665/6590] GradDet(th=6.5,vf=0.03)+GradSplit(th=8.0,vf=0.07)                      | ✗ 1 fail
           └─ Failures: 00024(pred:single,gt:horizontal)
[ 666/6590] GradDet(th=6.5,vf=0.03)+GradSplit(th=8.0,vf=0.08)                      | ✗ 1 fail
           └─ Failures: 00024(pred:single,gt:horizontal)
[ 667/6590] GradDet(th=6.5,vf=0.03)+GradSplit(th=8.5,vf=0.03)                      | ✗ 1 fail
           └─ Failures: 00024(pred:single,gt:horizontal)
[ 668/6590] GradDet(th=6.5,vf=0.03)+GradSplit(th=8.5,vf=0.04)                      | ✗ 1 fail
           └─ Failures: 00024(pred:single,gt:horizontal)
[ 669/6590] GradDet(th=6.5,vf=0.03)+GradSplit(th=8.5,vf=0.05)                      | ✗ 1 fail
           └─ Failures: 00024(pred:single,gt:horizontal)
[ 670/6590] GradDet(th=6.5,vf=0.03)+GradSplit(th=8.5,vf=0.06)                      | ✗ 1 fail
           └─ Failures: 00024(pred:single,gt:horizontal)
[ 671/6590] GradDet(th=6.5,vf=0.03)+GradSplit(th=8.5,vf=0.07)                      | ✗ 1 fail
           └─ Failures: 00024(pred:single,gt:horizontal)
[ 672/6590] GradDet(th=6.5,vf=0.03)+GradSplit(th=8.5,vf=0.08)                      | ✗ 1 fail
           └─ Failures: 00024(pred:single,gt:horizontal)
[ 673/6590] GradDet(th=6.5,vf=0.03)+GradSplit(th=9.0,vf=0.03)                      | ✗ 1 fail
           └─ Failures: 00024(pred:single,gt:horizontal)
[ 674/6590] GradDet(th=6.5,vf=0.03)+GradSplit(th=9.0,vf=0.04)                      | ✗ 1 fail
           └─ Failures: 00024(pred:single,gt:horizontal)
[ 675/6590] GradDet(th=6.5,vf=0.03)+GradSplit(th=9.0,vf=0.05)                      | ✗ 1 fail
           └─ Failures: 00024(pred:single,gt:horizontal)
[ 676/6590] GradDet(th=6.5,vf=0.03)+GradSplit(th=9.0,vf=0.06)                      | ✗ 1 fail
           └─ Failures: 00024(pred:single,gt:horizontal)
[ 677/6590] GradDet(th=6.5,vf=0.03)+GradSplit(th=9.0,vf=0.07)                      | ✗ 1 fail
           └─ Failures: 00024(pred:single,gt:horizontal)
[ 678/6590] GradDet(th=6.5,vf=0.03)+GradSplit(th=9.0,vf=0.08)                      | ✗ 1 fail
           └─ Failures: 00024(pred:single,gt:horizontal)
[ 679/6590] GradDet(th=6.5,vf=0.03)+GradSplit(th=10.0,vf=0.03)                     | ✗ 1 fail
           └─ Failures: 00024(pred:single,gt:horizontal)
[ 680/6590] GradDet(th=6.5,vf=0.03)+GradSplit(th=10.0,vf=0.04)                     | ✗ 1 fail
           └─ Failures: 00024(pred:single,gt:horizontal)
[ 681/6590] GradDet(th=6.5,vf=0.03)+GradSplit(th=10.0,vf=0.05)                     | ✗ 1 fail
           └─ Failures: 00024(pred:single,gt:horizontal)
[ 682/6590] GradDet(th=6.5,vf=0.03)+GradSplit(th=10.0,vf=0.06)                     | ✗ 1 fail
           └─ Failures: 00024(pred:single,gt:horizontal)
[ 683/6590] GradDet(th=6.5,vf=0.03)+GradSplit(th=10.0,vf=0.07)                     | ✗ 1 fail
           └─ Failures: 00024(pred:single,gt:horizontal)
[ 684/6590] GradDet(th=6.5,vf=0.03)+GradSplit(th=10.0,vf=0.08)                     | ✗ 1 fail
           └─ Failures: 00024(pred:single,gt:horizontal)
[ 685/6590] GradDet(th=6.5,vf=0.03)+GradSplit(th=11.0,vf=0.03)                     | ✗ 1 fail
           └─ Failures: 00024(pred:single,gt:horizontal)
[ 686/6590] GradDet(th=6.5,vf=0.03)+GradSplit(th=11.0,vf=0.04)                     | ✗ 1 fail
           └─ Failures: 00024(pred:single,gt:horizontal)
[ 687/6590] GradDet(th=6.5,vf=0.03)+GradSplit(th=11.0,vf=0.05)                     | ✗ 1 fail
           └─ Failures: 00024(pred:single,gt:horizontal)
[ 688/6590] GradDet(th=6.5,vf=0.03)+GradSplit(th=11.0,vf=0.06)                     | ✗ 1 fail
           └─ Failures: 00024(pred:single,gt:horizontal)
[ 689/6590] GradDet(th=6.5,vf=0.03)+GradSplit(th=11.0,vf=0.07)                     | ✗ 1 fail
           └─ Failures: 00024(pred:single,gt:horizontal)
[ 690/6590] GradDet(th=6.5,vf=0.03)+GradSplit(th=11.0,vf=0.08)                     | ✗ 1 fail
           └─ Failures: 00024(pred:single,gt:horizontal)
[ 691/6590] GradDet(th=6.5,vf=0.03)+GradSplit(th=12.0,vf=0.03)                     | ✗ 1 fail
           └─ Failures: 00024(pred:single,gt:horizontal)
[ 692/6590] GradDet(th=6.5,vf=0.03)+GradSplit(th=12.0,vf=0.04)                     | ✗ 1 fail
           └─ Failures: 00024(pred:single,gt:horizontal)
[ 693/6590] GradDet(th=6.5,vf=0.03)+GradSplit(th=12.0,vf=0.05)                     | ✗ 1 fail
           └─ Failures: 00024(pred:single,gt:horizontal)
[ 694/6590] GradDet(th=6.5,vf=0.03)+GradSplit(th=12.0,vf=0.06)                     | ✗ 1 fail
           └─ Failures: 00024(pred:single,gt:horizontal)
[ 695/6590] GradDet(th=6.5,vf=0.03)+GradSplit(th=12.0,vf=0.07)                     | ✗ 1 fail
           └─ Failures: 00024(pred:single,gt:horizontal)
[ 696/6590] GradDet(th=6.5,vf=0.03)+GradSplit(th=12.0,vf=0.08)                     | ✗ 1 fail
           └─ Failures: 00024(pred:single,gt:horizontal)
[ 697/6590] GradDet(th=6.5,vf=0.03)+GradSplit(th=13.0,vf=0.03)                     | ✗ 1 fail
           └─ Failures: 00024(pred:single,gt:horizontal)
[ 698/6590] GradDet(th=6.5,vf=0.03)+GradSplit(th=13.0,vf=0.04)                     | ✗ 1 fail
           └─ Failures: 00024(pred:single,gt:horizontal)
[ 699/6590] GradDet(th=6.5,vf=0.03)+GradSplit(th=13.0,vf=0.05)                     | ✗ 1 fail
           └─ Failures: 00024(pred:single,gt:horizontal)
[ 700/6590] GradDet(th=6.5,vf=0.03)+GradSplit(th=13.0,vf=0.06)                     | ✗ 1 fail
           └─ Failures: 00024(pred:single,gt:horizontal)
[ 701/6590] GradDet(th=6.5,vf=0.03)+GradSplit(th=13.0,vf=0.07)                     | ✗ 1 fail
           └─ Failures: 00024(pred:single,gt:horizontal)
[ 702/6590] GradDet(th=6.5,vf=0.03)+GradSplit(th=13.0,vf=0.08)                     | ✗ 1 fail
           └─ Failures: 00024(pred:single,gt:horizontal)
[ 703/6590] GradDet(th=6.5,vf=0.04)+GradSplit(th=6.0,vf=0.03)                      | ✗ 1 fail
           └─ Failures: 00024(pred:single,gt:horizontal)
[ 704/6590] GradDet(th=6.5,vf=0.04)+GradSplit(th=6.0,vf=0.04)                      | ✗ 1 fail
           └─ Failures: 00024(pred:single,gt:horizontal)
[ 705/6590] GradDet(th=6.5,vf=0.04)+GradSplit(th=6.0,vf=0.05)                      | ✗ 1 fail
           └─ Failures: 00024(pred:single,gt:horizontal)
[ 706/6590] GradDet(th=6.5,vf=0.04)+GradSplit(th=6.0,vf=0.06)                      | ✗ 1 fail
           └─ Failures: 00024(pred:single,gt:horizontal)
[ 707/6590] GradDet(th=6.5,vf=0.04)+GradSplit(th=6.0,vf=0.07)                      | ✗ 1 fail
           └─ Failures: 00024(pred:single,gt:horizontal)
[ 708/6590] GradDet(th=6.5,vf=0.04)+GradSplit(th=6.0,vf=0.08)                      | ✗ 1 fail
           └─ Failures: 00024(pred:single,gt:horizontal)
[ 709/6590] GradDet(th=6.5,vf=0.04)+GradSplit(th=7.0,vf=0.03)                      | ✗ 1 fail
           └─ Failures: 00024(pred:single,gt:horizontal)
[ 710/6590] GradDet(th=6.5,vf=0.04)+GradSplit(th=7.0,vf=0.04)                      | ✗ 1 fail
           └─ Failures: 00024(pred:single,gt:horizontal)
[ 711/6590] GradDet(th=6.5,vf=0.04)+GradSplit(th=7.0,vf=0.05)                      | ✗ 1 fail
           └─ Failures: 00024(pred:single,gt:horizontal)
[ 712/6590] GradDet(th=6.5,vf=0.04)+GradSplit(th=7.0,vf=0.06)                      | ✗ 1 fail
           └─ Failures: 00024(pred:single,gt:horizontal)
[ 713/6590] GradDet(th=6.5,vf=0.04)+GradSplit(th=7.0,vf=0.07)                      | ✗ 1 fail
           └─ Failures: 00024(pred:single,gt:horizontal)
[ 714/6590] GradDet(th=6.5,vf=0.04)+GradSplit(th=7.0,vf=0.08)                      | ✗ 1 fail
           └─ Failures: 00024(pred:single,gt:horizontal)
[ 715/6590] GradDet(th=6.5,vf=0.04)+GradSplit(th=8.0,vf=0.03)                      | ✗ 1 fail
           └─ Failures: 00024(pred:single,gt:horizontal)
[ 716/6590] GradDet(th=6.5,vf=0.04)+GradSplit(th=8.0,vf=0.04)                      | ✗ 1 fail
           └─ Failures: 00024(pred:single,gt:horizontal)
[ 717/6590] GradDet(th=6.5,vf=0.04)+GradSplit(th=8.0,vf=0.05)                      | ✗ 1 fail
           └─ Failures: 00024(pred:single,gt:horizontal)
[ 718/6590] GradDet(th=6.5,vf=0.04)+GradSplit(th=8.0,vf=0.06)                      | ✗ 1 fail
           └─ Failures: 00024(pred:single,gt:horizontal)
[ 719/6590] GradDet(th=6.5,vf=0.04)+GradSplit(th=8.0,vf=0.07)                      | ✗ 1 fail
           └─ Failures: 00024(pred:single,gt:horizontal)
[ 720/6590] GradDet(th=6.5,vf=0.04)+GradSplit(th=8.0,vf=0.08)                      | ✗ 1 fail
           └─ Failures: 00024(pred:single,gt:horizontal)
[ 721/6590] GradDet(th=6.5,vf=0.04)+GradSplit(th=8.5,vf=0.03)                      | ✗ 1 fail
           └─ Failures: 00024(pred:single,gt:horizontal)
[ 722/6590] GradDet(th=6.5,vf=0.04)+GradSplit(th=8.5,vf=0.04)                      | ✗ 1 fail
           └─ Failures: 00024(pred:single,gt:horizontal)
[ 723/6590] GradDet(th=6.5,vf=0.04)+GradSplit(th=8.5,vf=0.05)                      | ✗ 1 fail
           └─ Failures: 00024(pred:single,gt:horizontal)
[ 724/6590] GradDet(th=6.5,vf=0.04)+GradSplit(th=8.5,vf=0.06)                      | ✗ 1 fail
           └─ Failures: 00024(pred:single,gt:horizontal)
[ 725/6590] GradDet(th=6.5,vf=0.04)+GradSplit(th=8.5,vf=0.07)                      | ✗ 1 fail
           └─ Failures: 00024(pred:single,gt:horizontal)
[ 726/6590] GradDet(th=6.5,vf=0.04)+GradSplit(th=8.5,vf=0.08)                      | ✗ 1 fail
           └─ Failures: 00024(pred:single,gt:horizontal)
[ 727/6590] GradDet(th=6.5,vf=0.04)+GradSplit(th=9.0,vf=0.03)                      | ✗ 1 fail
           └─ Failures: 00024(pred:single,gt:horizontal)
[ 728/6590] GradDet(th=6.5,vf=0.04)+GradSplit(th=9.0,vf=0.04)                      | ✗ 1 fail
           └─ Failures: 00024(pred:single,gt:horizontal)
[ 729/6590] GradDet(th=6.5,vf=0.04)+GradSplit(th=9.0,vf=0.05)                      | ✗ 1 fail
           └─ Failures: 00024(pred:single,gt:horizontal)
[ 730/6590] GradDet(th=6.5,vf=0.04)+GradSplit(th=9.0,vf=0.06)                      | ✗ 1 fail
           └─ Failures: 00024(pred:single,gt:horizontal)
[ 731/6590] GradDet(th=6.5,vf=0.04)+GradSplit(th=9.0,vf=0.07)                      | ✗ 1 fail
           └─ Failures: 00024(pred:single,gt:horizontal)
[ 732/6590] GradDet(th=6.5,vf=0.04)+GradSplit(th=9.0,vf=0.08)                      | ✗ 1 fail
           └─ Failures: 00024(pred:single,gt:horizontal)
[ 733/6590] GradDet(th=6.5,vf=0.04)+GradSplit(th=10.0,vf=0.03)                     | ✗ 1 fail
           └─ Failures: 00024(pred:single,gt:horizontal)
[ 734/6590] GradDet(th=6.5,vf=0.04)+GradSplit(th=10.0,vf=0.04)                     | ✗ 1 fail
           └─ Failures: 00024(pred:single,gt:horizontal)
[ 735/6590] GradDet(th=6.5,vf=0.04)+GradSplit(th=10.0,vf=0.05)                     | ✗ 1 fail
           └─ Failures: 00024(pred:single,gt:horizontal)
[ 736/6590] GradDet(th=6.5,vf=0.04)+GradSplit(th=10.0,vf=0.06)                     | ✗ 1 fail
           └─ Failures: 00024(pred:single,gt:horizontal)
[ 737/6590] GradDet(th=6.5,vf=0.04)+GradSplit(th=10.0,vf=0.07)                     | ✗ 1 fail
           └─ Failures: 00024(pred:single,gt:horizontal)
[ 738/6590] GradDet(th=6.5,vf=0.04)+GradSplit(th=10.0,vf=0.08)                     | ✗ 1 fail
           └─ Failures: 00024(pred:single,gt:horizontal)
[ 739/6590] GradDet(th=6.5,vf=0.04)+GradSplit(th=11.0,vf=0.03)                     | ✗ 1 fail
           └─ Failures: 00024(pred:single,gt:horizontal)
[ 740/6590] GradDet(th=6.5,vf=0.04)+GradSplit(th=11.0,vf=0.04)                     | ✗ 1 fail
           └─ Failures: 00024(pred:single,gt:horizontal)
[ 741/6590] GradDet(th=6.5,vf=0.04)+GradSplit(th=11.0,vf=0.05)                     | ✗ 1 fail
           └─ Failures: 00024(pred:single,gt:horizontal)
[ 742/6590] GradDet(th=6.5,vf=0.04)+GradSplit(th=11.0,vf=0.06)                     | ✗ 1 fail
           └─ Failures: 00024(pred:single,gt:horizontal)
[ 743/6590] GradDet(th=6.5,vf=0.04)+GradSplit(th=11.0,vf=0.07)                     | ✗ 1 fail
           └─ Failures: 00024(pred:single,gt:horizontal)
[ 744/6590] GradDet(th=6.5,vf=0.04)+GradSplit(th=11.0,vf=0.08)                     | ✗ 1 fail
           └─ Failures: 00024(pred:single,gt:horizontal)
[ 745/6590] GradDet(th=6.5,vf=0.04)+GradSplit(th=12.0,vf=0.03)                     | ✗ 1 fail
           └─ Failures: 00024(pred:single,gt:horizontal)
[ 746/6590] GradDet(th=6.5,vf=0.04)+GradSplit(th=12.0,vf=0.04)                     | ✗ 1 fail
           └─ Failures: 00024(pred:single,gt:horizontal)
[ 747/6590] GradDet(th=6.5,vf=0.04)+GradSplit(th=12.0,vf=0.05)                     | ✗ 1 fail
           └─ Failures: 00024(pred:single,gt:horizontal)
[ 748/6590] GradDet(th=6.5,vf=0.04)+GradSplit(th=12.0,vf=0.06)                     | ✗ 1 fail
           └─ Failures: 00024(pred:single,gt:horizontal)
[ 749/6590] GradDet(th=6.5,vf=0.04)+GradSplit(th=12.0,vf=0.07)                     | ✗ 1 fail
           └─ Failures: 00024(pred:single,gt:horizontal)
[ 750/6590] GradDet(th=6.5,vf=0.04)+GradSplit(th=12.0,vf=0.08)                     | ✗ 1 fail
           └─ Failures: 00024(pred:single,gt:horizontal)
[ 751/6590] GradDet(th=6.5,vf=0.04)+GradSplit(th=13.0,vf=0.03)                     | ✗ 1 fail
           └─ Failures: 00024(pred:single,gt:horizontal)
[ 752/6590] GradDet(th=6.5,vf=0.04)+GradSplit(th=13.0,vf=0.04)                     | ✗ 1 fail
           └─ Failures: 00024(pred:single,gt:horizontal)
[ 753/6590] GradDet(th=6.5,vf=0.04)+GradSplit(th=13.0,vf=0.05)                     | ✗ 1 fail
           └─ Failures: 00024(pred:single,gt:horizontal)
[ 754/6590] GradDet(th=6.5,vf=0.04)+GradSplit(th=13.0,vf=0.06)                     | ✗ 1 fail
           └─ Failures: 00024(pred:single,gt:horizontal)
[ 755/6590] GradDet(th=6.5,vf=0.04)+GradSplit(th=13.0,vf=0.07)                     | ✗ 1 fail
           └─ Failures: 00024(pred:single,gt:horizontal)
[ 756/6590] GradDet(th=6.5,vf=0.04)+GradSplit(th=13.0,vf=0.08)                     | ✗ 1 fail
           └─ Failures: 00024(pred:single,gt:horizontal)
[ 757/6590] GradDet(th=6.5,vf=0.05)+GradSplit(th=6.0,vf=0.03)                      | ✗ 2 fail
           └─ Failures: 00017(pred:horizontal,gt:single), 00024(pred:single,gt:horizontal)
[ 758/6590] GradDet(th=6.5,vf=0.05)+GradSplit(th=6.0,vf=0.04)                      | ✗ 2 fail
           └─ Failures: 00017(pred:horizontal,gt:single), 00024(pred:single,gt:horizontal)
[ 759/6590] GradDet(th=6.5,vf=0.05)+GradSplit(th=6.0,vf=0.05)                      | ✗ 2 fail
           └─ Failures: 00017(pred:horizontal,gt:single), 00024(pred:single,gt:horizontal)
[ 760/6590] GradDet(th=6.5,vf=0.05)+GradSplit(th=6.0,vf=0.06)                      | ✗ 2 fail
           └─ Failures: 00017(pred:horizontal,gt:single), 00024(pred:single,gt:horizontal)
[ 761/6590] GradDet(th=6.5,vf=0.05)+GradSplit(th=6.0,vf=0.07)                      | ✗ 2 fail
           └─ Failures: 00017(pred:horizontal,gt:single), 00024(pred:single,gt:horizontal)
[ 762/6590] GradDet(th=6.5,vf=0.05)+GradSplit(th=6.0,vf=0.08)                      | ✗ 2 fail
           └─ Failures: 00017(pred:horizontal,gt:single), 00024(pred:single,gt:horizontal)
[ 763/6590] GradDet(th=6.5,vf=0.05)+GradSplit(th=7.0,vf=0.03)                      | ✗ 2 fail
           └─ Failures: 00017(pred:horizontal,gt:single), 00024(pred:single,gt:horizontal)
[ 764/6590] GradDet(th=6.5,vf=0.05)+GradSplit(th=7.0,vf=0.04)                      | ✗ 2 fail
           └─ Failures: 00017(pred:horizontal,gt:single), 00024(pred:single,gt:horizontal)
[ 765/6590] GradDet(th=6.5,vf=0.05)+GradSplit(th=7.0,vf=0.05)                      | ✗ 2 fail
           └─ Failures: 00017(pred:horizontal,gt:single), 00024(pred:single,gt:horizontal)
[ 766/6590] GradDet(th=6.5,vf=0.05)+GradSplit(th=7.0,vf=0.06)                      | ✗ 2 fail
           └─ Failures: 00017(pred:horizontal,gt:single), 00024(pred:single,gt:horizontal)
[ 767/6590] GradDet(th=6.5,vf=0.05)+GradSplit(th=7.0,vf=0.07)                      | ✗ 2 fail
           └─ Failures: 00017(pred:horizontal,gt:single), 00024(pred:single,gt:horizontal)
[ 768/6590] GradDet(th=6.5,vf=0.05)+GradSplit(th=7.0,vf=0.08)                      | ✗ 2 fail
           └─ Failures: 00017(pred:horizontal,gt:single), 00024(pred:single,gt:horizontal)
[ 769/6590] GradDet(th=6.5,vf=0.05)+GradSplit(th=8.0,vf=0.03)                      | ✗ 2 fail
           └─ Failures: 00017(pred:horizontal,gt:single), 00024(pred:single,gt:horizontal)
[ 770/6590] GradDet(th=6.5,vf=0.05)+GradSplit(th=8.0,vf=0.04)                      | ✗ 2 fail
           └─ Failures: 00017(pred:horizontal,gt:single), 00024(pred:single,gt:horizontal)
[ 771/6590] GradDet(th=6.5,vf=0.05)+GradSplit(th=8.0,vf=0.05)                      | ✗ 2 fail
           └─ Failures: 00017(pred:horizontal,gt:single), 00024(pred:single,gt:horizontal)
[ 772/6590] GradDet(th=6.5,vf=0.05)+GradSplit(th=8.0,vf=0.06)                      | ✗ 2 fail
           └─ Failures: 00017(pred:horizontal,gt:single), 00024(pred:single,gt:horizontal)
[ 773/6590] GradDet(th=6.5,vf=0.05)+GradSplit(th=8.0,vf=0.07)                      | ✗ 2 fail
           └─ Failures: 00017(pred:horizontal,gt:single), 00024(pred:single,gt:horizontal)
[ 774/6590] GradDet(th=6.5,vf=0.05)+GradSplit(th=8.0,vf=0.08)                      | ✗ 2 fail
           └─ Failures: 00017(pred:horizontal,gt:single), 00024(pred:single,gt:horizontal)
[ 775/6590] GradDet(th=6.5,vf=0.05)+GradSplit(th=8.5,vf=0.03)                      | ✗ 2 fail
           └─ Failures: 00017(pred:horizontal,gt:single), 00024(pred:single,gt:horizontal)
[ 776/6590] GradDet(th=6.5,vf=0.05)+GradSplit(th=8.5,vf=0.04)                      | ✗ 2 fail
           └─ Failures: 00017(pred:horizontal,gt:single), 00024(pred:single,gt:horizontal)
[ 777/6590] GradDet(th=6.5,vf=0.05)+GradSplit(th=8.5,vf=0.05)                      | ✗ 2 fail
           └─ Failures: 00017(pred:horizontal,gt:single), 00024(pred:single,gt:horizontal)
[ 778/6590] GradDet(th=6.5,vf=0.05)+GradSplit(th=8.5,vf=0.06)                      | ✗ 2 fail
           └─ Failures: 00017(pred:horizontal,gt:single), 00024(pred:single,gt:horizontal)
[ 779/6590] GradDet(th=6.5,vf=0.05)+GradSplit(th=8.5,vf=0.07)                      | ✗ 2 fail
           └─ Failures: 00017(pred:horizontal,gt:single), 00024(pred:single,gt:horizontal)
[ 780/6590] GradDet(th=6.5,vf=0.05)+GradSplit(th=8.5,vf=0.08)                      | ✗ 2 fail
           └─ Failures: 00017(pred:horizontal,gt:single), 00024(pred:single,gt:horizontal)
[ 781/6590] GradDet(th=6.5,vf=0.05)+GradSplit(th=9.0,vf=0.03)                      | ✗ 2 fail
           └─ Failures: 00017(pred:horizontal,gt:single), 00024(pred:single,gt:horizontal)
[ 782/6590] GradDet(th=6.5,vf=0.05)+GradSplit(th=9.0,vf=0.04)                      | ✗ 2 fail
           └─ Failures: 00017(pred:horizontal,gt:single), 00024(pred:single,gt:horizontal)
[ 783/6590] GradDet(th=6.5,vf=0.05)+GradSplit(th=9.0,vf=0.05)                      | ✗ 2 fail
           └─ Failures: 00017(pred:horizontal,gt:single), 00024(pred:single,gt:horizontal)
[ 784/6590] GradDet(th=6.5,vf=0.05)+GradSplit(th=9.0,vf=0.06)                      | ✗ 2 fail
           └─ Failures: 00017(pred:horizontal,gt:single), 00024(pred:single,gt:horizontal)
[ 785/6590] GradDet(th=6.5,vf=0.05)+GradSplit(th=9.0,vf=0.07)                      | ✗ 2 fail
           └─ Failures: 00017(pred:horizontal,gt:single), 00024(pred:single,gt:horizontal)
[ 786/6590] GradDet(th=6.5,vf=0.05)+GradSplit(th=9.0,vf=0.08)                      | ✗ 2 fail
           └─ Failures: 00017(pred:horizontal,gt:single), 00024(pred:single,gt:horizontal)
[ 787/6590] GradDet(th=6.5,vf=0.05)+GradSplit(th=10.0,vf=0.03)                     | ✗ 2 fail
           └─ Failures: 00017(pred:horizontal,gt:single), 00024(pred:single,gt:horizontal)
[ 788/6590] GradDet(th=6.5,vf=0.05)+GradSplit(th=10.0,vf=0.04)                     | ✗ 2 fail
           └─ Failures: 00017(pred:horizontal,gt:single), 00024(pred:single,gt:horizontal)
[ 789/6590] GradDet(th=6.5,vf=0.05)+GradSplit(th=10.0,vf=0.05)                     | ✗ 2 fail
           └─ Failures: 00017(pred:horizontal,gt:single), 00024(pred:single,gt:horizontal)
[ 790/6590] GradDet(th=6.5,vf=0.05)+GradSplit(th=10.0,vf=0.06)                     | ✗ 2 fail
           └─ Failures: 00017(pred:horizontal,gt:single), 00024(pred:single,gt:horizontal)
[ 791/6590] GradDet(th=6.5,vf=0.05)+GradSplit(th=10.0,vf=0.07)                     | ✗ 2 fail
           └─ Failures: 00017(pred:horizontal,gt:single), 00024(pred:single,gt:horizontal)
[ 792/6590] GradDet(th=6.5,vf=0.05)+GradSplit(th=10.0,vf=0.08)                     | ✗ 2 fail
           └─ Failures: 00017(pred:horizontal,gt:single), 00024(pred:single,gt:horizontal)
[ 793/6590] GradDet(th=6.5,vf=0.05)+GradSplit(th=11.0,vf=0.03)                     | ✗ 2 fail
           └─ Failures: 00017(pred:horizontal,gt:single), 00024(pred:single,gt:horizontal)
[ 794/6590] GradDet(th=6.5,vf=0.05)+GradSplit(th=11.0,vf=0.04)                     | ✗ 2 fail
           └─ Failures: 00017(pred:horizontal,gt:single), 00024(pred:single,gt:horizontal)
[ 795/6590] GradDet(th=6.5,vf=0.05)+GradSplit(th=11.0,vf=0.05)                     | ✗ 2 fail
           └─ Failures: 00017(pred:horizontal,gt:single), 00024(pred:single,gt:horizontal)
[ 796/6590] GradDet(th=6.5,vf=0.05)+GradSplit(th=11.0,vf=0.06)                     | ✗ 2 fail
           └─ Failures: 00017(pred:horizontal,gt:single), 00024(pred:single,gt:horizontal)
[ 797/6590] GradDet(th=6.5,vf=0.05)+GradSplit(th=11.0,vf=0.07)                     | ✗ 2 fail
           └─ Failures: 00017(pred:horizontal,gt:single), 00024(pred:single,gt:horizontal)
[ 798/6590] GradDet(th=6.5,vf=0.05)+GradSplit(th=11.0,vf=0.08)                     | ✗ 2 fail
           └─ Failures: 00017(pred:horizontal,gt:single), 00024(pred:single,gt:horizontal)
[ 799/6590] GradDet(th=6.5,vf=0.05)+GradSplit(th=12.0,vf=0.03)                     | ✗ 2 fail
           └─ Failures: 00017(pred:horizontal,gt:single), 00024(pred:single,gt:horizontal)
[ 800/6590] GradDet(th=6.5,vf=0.05)+GradSplit(th=12.0,vf=0.04)                     | ✗ 2 fail
           └─ Failures: 00017(pred:horizontal,gt:single), 00024(pred:single,gt:horizontal)
[ 801/6590] GradDet(th=6.5,vf=0.05)+GradSplit(th=12.0,vf=0.05)                     | ✗ 2 fail
           └─ Failures: 00017(pred:horizontal,gt:single), 00024(pred:single,gt:horizontal)
[ 802/6590] GradDet(th=6.5,vf=0.05)+GradSplit(th=12.0,vf=0.06)                     | ✗ 2 fail
           └─ Failures: 00017(pred:horizontal,gt:single), 00024(pred:single,gt:horizontal)
[ 803/6590] GradDet(th=6.5,vf=0.05)+GradSplit(th=12.0,vf=0.07)                     | ✗ 2 fail
           └─ Failures: 00017(pred:horizontal,gt:single), 00024(pred:single,gt:horizontal)
[ 804/6590] GradDet(th=6.5,vf=0.05)+GradSplit(th=12.0,vf=0.08)                     | ✗ 2 fail
           └─ Failures: 00017(pred:horizontal,gt:single), 00024(pred:single,gt:horizontal)
[ 805/6590] GradDet(th=6.5,vf=0.05)+GradSplit(th=13.0,vf=0.03)                     | ✗ 2 fail
           └─ Failures: 00017(pred:horizontal,gt:single), 00024(pred:single,gt:horizontal)
[ 806/6590] GradDet(th=6.5,vf=0.05)+GradSplit(th=13.0,vf=0.04)                     | ✗ 2 fail
           └─ Failures: 00017(pred:horizontal,gt:single), 00024(pred:single,gt:horizontal)
[ 807/6590] GradDet(th=6.5,vf=0.05)+GradSplit(th=13.0,vf=0.05)                     | ✗ 2 fail
           └─ Failures: 00017(pred:horizontal,gt:single), 00024(pred:single,gt:horizontal)
[ 808/6590] GradDet(th=6.5,vf=0.05)+GradSplit(th=13.0,vf=0.06)                     | ✗ 2 fail
           └─ Failures: 00017(pred:horizontal,gt:single), 00024(pred:single,gt:horizontal)
[ 809/6590] GradDet(th=6.5,vf=0.05)+GradSplit(th=13.0,vf=0.07)                     | ✗ 2 fail
           └─ Failures: 00017(pred:horizontal,gt:single), 00024(pred:single,gt:horizontal)
[ 810/6590] GradDet(th=6.5,vf=0.05)+GradSplit(th=13.0,vf=0.08)                     | ✗ 2 fail
           └─ Failures: 00017(pred:horizontal,gt:single), 00024(pred:single,gt:horizontal)
[ 811/6590] GradDet(th=6.5,vf=0.06)+GradSplit(th=6.0,vf=0.03)                      | ✗ 1 fail
           └─ Failures: 00024(pred:single,gt:horizontal)
[ 812/6590] GradDet(th=6.5,vf=0.06)+GradSplit(th=6.0,vf=0.04)                      | ✗ 1 fail
           └─ Failures: 00024(pred:single,gt:horizontal)
[ 813/6590] GradDet(th=6.5,vf=0.06)+GradSplit(th=6.0,vf=0.05)                      | ✗ 1 fail
           └─ Failures: 00024(pred:single,gt:horizontal)
[ 814/6590] GradDet(th=6.5,vf=0.06)+GradSplit(th=6.0,vf=0.06)                      | ✗ 1 fail
           └─ Failures: 00024(pred:single,gt:horizontal)
[ 815/6590] GradDet(th=6.5,vf=0.06)+GradSplit(th=6.0,vf=0.07)                      | ✗ 1 fail
           └─ Failures: 00024(pred:single,gt:horizontal)
[ 816/6590] GradDet(th=6.5,vf=0.06)+GradSplit(th=6.0,vf=0.08)                      | ✗ 1 fail
           └─ Failures: 00024(pred:single,gt:horizontal)
[ 817/6590] GradDet(th=6.5,vf=0.06)+GradSplit(th=7.0,vf=0.03)                      | ✗ 1 fail
           └─ Failures: 00024(pred:single,gt:horizontal)
[ 818/6590] GradDet(th=6.5,vf=0.06)+GradSplit(th=7.0,vf=0.04)                      | ✗ 1 fail
           └─ Failures: 00024(pred:single,gt:horizontal)
[ 819/6590] GradDet(th=6.5,vf=0.06)+GradSplit(th=7.0,vf=0.05)                      | ✗ 1 fail
           └─ Failures: 00024(pred:single,gt:horizontal)
[ 820/6590] GradDet(th=6.5,vf=0.06)+GradSplit(th=7.0,vf=0.06)                      | ✗ 1 fail
           └─ Failures: 00024(pred:single,gt:horizontal)
[ 821/6590] GradDet(th=6.5,vf=0.06)+GradSplit(th=7.0,vf=0.07)                      | ✗ 1 fail
           └─ Failures: 00024(pred:single,gt:horizontal)
[ 822/6590] GradDet(th=6.5,vf=0.06)+GradSplit(th=7.0,vf=0.08)                      | ✗ 1 fail
           └─ Failures: 00024(pred:single,gt:horizontal)
[ 823/6590] GradDet(th=6.5,vf=0.06)+GradSplit(th=8.0,vf=0.03)                      | ✗ 1 fail
           └─ Failures: 00024(pred:single,gt:horizontal)
[ 824/6590] GradDet(th=6.5,vf=0.06)+GradSplit(th=8.0,vf=0.04)                      | ✗ 1 fail
           └─ Failures: 00024(pred:single,gt:horizontal)
[ 825/6590] GradDet(th=6.5,vf=0.06)+GradSplit(th=8.0,vf=0.05)                      | ✗ 1 fail
           └─ Failures: 00024(pred:single,gt:horizontal)
[ 826/6590] GradDet(th=6.5,vf=0.06)+GradSplit(th=8.0,vf=0.06)                      | ✗ 1 fail
           └─ Failures: 00024(pred:single,gt:horizontal)
[ 827/6590] GradDet(th=6.5,vf=0.06)+GradSplit(th=8.0,vf=0.07)                      | ✗ 1 fail
           └─ Failures: 00024(pred:single,gt:horizontal)
[ 828/6590] GradDet(th=6.5,vf=0.06)+GradSplit(th=8.0,vf=0.08)                      | ✗ 1 fail
           └─ Failures: 00024(pred:single,gt:horizontal)
[ 829/6590] GradDet(th=6.5,vf=0.06)+GradSplit(th=8.5,vf=0.03)                      | ✗ 1 fail
           └─ Failures: 00024(pred:single,gt:horizontal)
[ 830/6590] GradDet(th=6.5,vf=0.06)+GradSplit(th=8.5,vf=0.04)                      | ✗ 1 fail
           └─ Failures: 00024(pred:single,gt:horizontal)
[ 831/6590] GradDet(th=6.5,vf=0.06)+GradSplit(th=8.5,vf=0.05)                      | ✗ 1 fail
           └─ Failures: 00024(pred:single,gt:horizontal)
[ 832/6590] GradDet(th=6.5,vf=0.06)+GradSplit(th=8.5,vf=0.06)                      | ✗ 1 fail
           └─ Failures: 00024(pred:single,gt:horizontal)
[ 833/6590] GradDet(th=6.5,vf=0.06)+GradSplit(th=8.5,vf=0.07)                      | ✗ 1 fail
           └─ Failures: 00024(pred:single,gt:horizontal)
[ 834/6590] GradDet(th=6.5,vf=0.06)+GradSplit(th=8.5,vf=0.08)                      | ✗ 1 fail
           └─ Failures: 00024(pred:single,gt:horizontal)
[ 835/6590] GradDet(th=6.5,vf=0.06)+GradSplit(th=9.0,vf=0.03)                      | ✗ 1 fail
           └─ Failures: 00024(pred:single,gt:horizontal)
[ 836/6590] GradDet(th=6.5,vf=0.06)+GradSplit(th=9.0,vf=0.04)                      | ✗ 1 fail
           └─ Failures: 00024(pred:single,gt:horizontal)
[ 837/6590] GradDet(th=6.5,vf=0.06)+GradSplit(th=9.0,vf=0.05)                      | ✗ 1 fail
           └─ Failures: 00024(pred:single,gt:horizontal)
[ 838/6590] GradDet(th=6.5,vf=0.06)+GradSplit(th=9.0,vf=0.06)                      | ✗ 1 fail
           └─ Failures: 00024(pred:single,gt:horizontal)
[ 839/6590] GradDet(th=6.5,vf=0.06)+GradSplit(th=9.0,vf=0.07)                      | ✗ 1 fail
           └─ Failures: 00024(pred:single,gt:horizontal)
[ 840/6590] GradDet(th=6.5,vf=0.06)+GradSplit(th=9.0,vf=0.08)                      | ✗ 1 fail
           └─ Failures: 00024(pred:single,gt:horizontal)
[ 841/6590] GradDet(th=6.5,vf=0.06)+GradSplit(th=10.0,vf=0.03)                     | ✗ 1 fail
           └─ Failures: 00024(pred:single,gt:horizontal)
[ 842/6590] GradDet(th=6.5,vf=0.06)+GradSplit(th=10.0,vf=0.04)                     | ✗ 1 fail
           └─ Failures: 00024(pred:single,gt:horizontal)
[ 843/6590] GradDet(th=6.5,vf=0.06)+GradSplit(th=10.0,vf=0.05)                     | ✗ 1 fail
           └─ Failures: 00024(pred:single,gt:horizontal)
[ 844/6590] GradDet(th=6.5,vf=0.06)+GradSplit(th=10.0,vf=0.06)                     | ✗ 1 fail
           └─ Failures: 00024(pred:single,gt:horizontal)
[ 845/6590] GradDet(th=6.5,vf=0.06)+GradSplit(th=10.0,vf=0.07)                     | ✗ 1 fail
           └─ Failures: 00024(pred:single,gt:horizontal)
[ 846/6590] GradDet(th=6.5,vf=0.06)+GradSplit(th=10.0,vf=0.08)                     | ✗ 1 fail
           └─ Failures: 00024(pred:single,gt:horizontal)
[ 847/6590] GradDet(th=6.5,vf=0.06)+GradSplit(th=11.0,vf=0.03)                     | ✗ 1 fail
           └─ Failures: 00024(pred:single,gt:horizontal)
[ 848/6590] GradDet(th=6.5,vf=0.06)+GradSplit(th=11.0,vf=0.04)                     | ✗ 1 fail
           └─ Failures: 00024(pred:single,gt:horizontal)
[ 849/6590] GradDet(th=6.5,vf=0.06)+GradSplit(th=11.0,vf=0.05)                     | ✗ 1 fail
           └─ Failures: 00024(pred:single,gt:horizontal)
[ 850/6590] GradDet(th=6.5,vf=0.06)+GradSplit(th=11.0,vf=0.06)                     | ✗ 1 fail
           └─ Failures: 00024(pred:single,gt:horizontal)
[ 851/6590] GradDet(th=6.5,vf=0.06)+GradSplit(th=11.0,vf=0.07)                     | ✗ 1 fail
           └─ Failures: 00024(pred:single,gt:horizontal)
[ 852/6590] GradDet(th=6.5,vf=0.06)+GradSplit(th=11.0,vf=0.08)                     | ✗ 1 fail
           └─ Failures: 00024(pred:single,gt:horizontal)
[ 853/6590] GradDet(th=6.5,vf=0.06)+GradSplit(th=12.0,vf=0.03)                     | ✗ 1 fail
           └─ Failures: 00024(pred:single,gt:horizontal)
[ 854/6590] GradDet(th=6.5,vf=0.06)+GradSplit(th=12.0,vf=0.04)                     | ✗ 1 fail
           └─ Failures: 00024(pred:single,gt:horizontal)
[ 855/6590] GradDet(th=6.5,vf=0.06)+GradSplit(th=12.0,vf=0.05)                     | ✗ 1 fail
           └─ Failures: 00024(pred:single,gt:horizontal)
[ 856/6590] GradDet(th=6.5,vf=0.06)+GradSplit(th=12.0,vf=0.06)                     | ✗ 1 fail
           └─ Failures: 00024(pred:single,gt:horizontal)
[ 857/6590] GradDet(th=6.5,vf=0.06)+GradSplit(th=12.0,vf=0.07)                     | ✗ 1 fail
           └─ Failures: 00024(pred:single,gt:horizontal)
[ 858/6590] GradDet(th=6.5,vf=0.06)+GradSplit(th=12.0,vf=0.08)                     | ✗ 1 fail
           └─ Failures: 00024(pred:single,gt:horizontal)
[ 859/6590] GradDet(th=6.5,vf=0.06)+GradSplit(th=13.0,vf=0.03)                     | ✗ 1 fail
           └─ Failures: 00024(pred:single,gt:horizontal)
[ 860/6590] GradDet(th=6.5,vf=0.06)+GradSplit(th=13.0,vf=0.04)                     | ✗ 1 fail
           └─ Failures: 00024(pred:single,gt:horizontal)
[ 861/6590] GradDet(th=6.5,vf=0.06)+GradSplit(th=13.0,vf=0.05)                     | ✗ 1 fail
           └─ Failures: 00024(pred:single,gt:horizontal)
[ 862/6590] GradDet(th=6.5,vf=0.06)+GradSplit(th=13.0,vf=0.06)                     | ✗ 1 fail
           └─ Failures: 00024(pred:single,gt:horizontal)
[ 863/6590] GradDet(th=6.5,vf=0.06)+GradSplit(th=13.0,vf=0.07)                     | ✗ 1 fail
           └─ Failures: 00024(pred:single,gt:horizontal)
[ 864/6590] GradDet(th=6.5,vf=0.06)+GradSplit(th=13.0,vf=0.08)                     | ✗ 1 fail
           └─ Failures: 00024(pred:single,gt:horizontal)
[ 865/6590] GradDet(th=6.5,vf=0.07)+GradSplit(th=6.0,vf=0.03)                      | ✗ 1 fail
           └─ Failures: 00024(pred:single,gt:horizontal)
[ 866/6590] GradDet(th=6.5,vf=0.07)+GradSplit(th=6.0,vf=0.04)                      | ✗ 1 fail
           └─ Failures: 00024(pred:single,gt:horizontal)
[ 867/6590] GradDet(th=6.5,vf=0.07)+GradSplit(th=6.0,vf=0.05)                      | ✗ 1 fail
           └─ Failures: 00024(pred:single,gt:horizontal)
[ 868/6590] GradDet(th=6.5,vf=0.07)+GradSplit(th=6.0,vf=0.06)                      | ✗ 1 fail
           └─ Failures: 00024(pred:single,gt:horizontal)
[ 869/6590] GradDet(th=6.5,vf=0.07)+GradSplit(th=6.0,vf=0.07)                      | ✗ 1 fail
           └─ Failures: 00024(pred:single,gt:horizontal)
[ 870/6590] GradDet(th=6.5,vf=0.07)+GradSplit(th=6.0,vf=0.08)                      | ✗ 1 fail
           └─ Failures: 00024(pred:single,gt:horizontal)
[ 871/6590] GradDet(th=6.5,vf=0.07)+GradSplit(th=7.0,vf=0.03)                      | ✗ 1 fail
           └─ Failures: 00024(pred:single,gt:horizontal)
[ 872/6590] GradDet(th=6.5,vf=0.07)+GradSplit(th=7.0,vf=0.04)                      | ✗ 1 fail
           └─ Failures: 00024(pred:single,gt:horizontal)
[ 873/6590] GradDet(th=6.5,vf=0.07)+GradSplit(th=7.0,vf=0.05)                      | ✗ 1 fail
           └─ Failures: 00024(pred:single,gt:horizontal)
[ 874/6590] GradDet(th=6.5,vf=0.07)+GradSplit(th=7.0,vf=0.06)                      | ✗ 1 fail
           └─ Failures: 00024(pred:single,gt:horizontal)
[ 875/6590] GradDet(th=6.5,vf=0.07)+GradSplit(th=7.0,vf=0.07)                      | ✗ 1 fail
           └─ Failures: 00024(pred:single,gt:horizontal)
[ 876/6590] GradDet(th=6.5,vf=0.07)+GradSplit(th=7.0,vf=0.08)                      | ✗ 1 fail
           └─ Failures: 00024(pred:single,gt:horizontal)
[ 877/6590] GradDet(th=6.5,vf=0.07)+GradSplit(th=8.0,vf=0.03)                      | ✗ 1 fail
           └─ Failures: 00024(pred:single,gt:horizontal)
[ 878/6590] GradDet(th=6.5,vf=0.07)+GradSplit(th=8.0,vf=0.04)                      | ✗ 1 fail
           └─ Failures: 00024(pred:single,gt:horizontal)
[ 879/6590] GradDet(th=6.5,vf=0.07)+GradSplit(th=8.0,vf=0.05)                      | ✗ 1 fail
           └─ Failures: 00024(pred:single,gt:horizontal)
[ 880/6590] GradDet(th=6.5,vf=0.07)+GradSplit(th=8.0,vf=0.06)                      | ✗ 1 fail
           └─ Failures: 00024(pred:single,gt:horizontal)
[ 881/6590] GradDet(th=6.5,vf=0.07)+GradSplit(th=8.0,vf=0.07)                      | ✗ 1 fail
           └─ Failures: 00024(pred:single,gt:horizontal)
[ 882/6590] GradDet(th=6.5,vf=0.07)+GradSplit(th=8.0,vf=0.08)                      | ✗ 1 fail
           └─ Failures: 00024(pred:single,gt:horizontal)
[ 883/6590] GradDet(th=6.5,vf=0.07)+GradSplit(th=8.5,vf=0.03)                      | ✗ 1 fail
           └─ Failures: 00024(pred:single,gt:horizontal)
[ 884/6590] GradDet(th=6.5,vf=0.07)+GradSplit(th=8.5,vf=0.04)                      | ✗ 1 fail
           └─ Failures: 00024(pred:single,gt:horizontal)
[ 885/6590] GradDet(th=6.5,vf=0.07)+GradSplit(th=8.5,vf=0.05)                      | ✗ 1 fail
           └─ Failures: 00024(pred:single,gt:horizontal)
[ 886/6590] GradDet(th=6.5,vf=0.07)+GradSplit(th=8.5,vf=0.06)                      | ✗ 1 fail
           └─ Failures: 00024(pred:single,gt:horizontal)
[ 887/6590] GradDet(th=6.5,vf=0.07)+GradSplit(th=8.5,vf=0.07)                      | ✗ 1 fail
           └─ Failures: 00024(pred:single,gt:horizontal)
[ 888/6590] GradDet(th=6.5,vf=0.07)+GradSplit(th=8.5,vf=0.08)                      | ✗ 1 fail
           └─ Failures: 00024(pred:single,gt:horizontal)
[ 889/6590] GradDet(th=6.5,vf=0.07)+GradSplit(th=9.0,vf=0.03)                      | ✗ 1 fail
           └─ Failures: 00024(pred:single,gt:horizontal)
[ 890/6590] GradDet(th=6.5,vf=0.07)+GradSplit(th=9.0,vf=0.04)                      | ✗ 1 fail
           └─ Failures: 00024(pred:single,gt:horizontal)
[ 891/6590] GradDet(th=6.5,vf=0.07)+GradSplit(th=9.0,vf=0.05)                      | ✗ 1 fail
           └─ Failures: 00024(pred:single,gt:horizontal)
[ 892/6590] GradDet(th=6.5,vf=0.07)+GradSplit(th=9.0,vf=0.06)                      | ✗ 1 fail
           └─ Failures: 00024(pred:single,gt:horizontal)
[ 893/6590] GradDet(th=6.5,vf=0.07)+GradSplit(th=9.0,vf=0.07)                      | ✗ 1 fail
           └─ Failures: 00024(pred:single,gt:horizontal)
[ 894/6590] GradDet(th=6.5,vf=0.07)+GradSplit(th=9.0,vf=0.08)                      | ✗ 1 fail
           └─ Failures: 00024(pred:single,gt:horizontal)
[ 895/6590] GradDet(th=6.5,vf=0.07)+GradSplit(th=10.0,vf=0.03)                     | ✗ 1 fail
           └─ Failures: 00024(pred:single,gt:horizontal)
[ 896/6590] GradDet(th=6.5,vf=0.07)+GradSplit(th=10.0,vf=0.04)                     | ✗ 1 fail
           └─ Failures: 00024(pred:single,gt:horizontal)
[ 897/6590] GradDet(th=6.5,vf=0.07)+GradSplit(th=10.0,vf=0.05)                     | ✗ 1 fail
           └─ Failures: 00024(pred:single,gt:horizontal)
[ 898/6590] GradDet(th=6.5,vf=0.07)+GradSplit(th=10.0,vf=0.06)                     | ✗ 1 fail
           └─ Failures: 00024(pred:single,gt:horizontal)
[ 899/6590] GradDet(th=6.5,vf=0.07)+GradSplit(th=10.0,vf=0.07)                     | ✗ 1 fail
           └─ Failures: 00024(pred:single,gt:horizontal)
[ 900/6590] GradDet(th=6.5,vf=0.07)+GradSplit(th=10.0,vf=0.08)                     | ✗ 1 fail
           └─ Failures: 00024(pred:single,gt:horizontal)
[ 901/6590] GradDet(th=6.5,vf=0.07)+GradSplit(th=11.0,vf=0.03)                     | ✗ 1 fail
           └─ Failures: 00024(pred:single,gt:horizontal)
[ 902/6590] GradDet(th=6.5,vf=0.07)+GradSplit(th=11.0,vf=0.04)                     | ✗ 1 fail
           └─ Failures: 00024(pred:single,gt:horizontal)
[ 903/6590] GradDet(th=6.5,vf=0.07)+GradSplit(th=11.0,vf=0.05)                     | ✗ 1 fail
           └─ Failures: 00024(pred:single,gt:horizontal)
[ 904/6590] GradDet(th=6.5,vf=0.07)+GradSplit(th=11.0,vf=0.06)                     | ✗ 1 fail
           └─ Failures: 00024(pred:single,gt:horizontal)
[ 905/6590] GradDet(th=6.5,vf=0.07)+GradSplit(th=11.0,vf=0.07)                     | ✗ 1 fail
           └─ Failures: 00024(pred:single,gt:horizontal)
[ 906/6590] GradDet(th=6.5,vf=0.07)+GradSplit(th=11.0,vf=0.08)                     | ✗ 1 fail
           └─ Failures: 00024(pred:single,gt:horizontal)
[ 907/6590] GradDet(th=6.5,vf=0.07)+GradSplit(th=12.0,vf=0.03)                     | ✗ 1 fail
           └─ Failures: 00024(pred:single,gt:horizontal)
[ 908/6590] GradDet(th=6.5,vf=0.07)+GradSplit(th=12.0,vf=0.04)                     | ✗ 1 fail
           └─ Failures: 00024(pred:single,gt:horizontal)
[ 909/6590] GradDet(th=6.5,vf=0.07)+GradSplit(th=12.0,vf=0.05)                     | ✗ 1 fail
           └─ Failures: 00024(pred:single,gt:horizontal)
[ 910/6590] GradDet(th=6.5,vf=0.07)+GradSplit(th=12.0,vf=0.06)                     | ✗ 1 fail
           └─ Failures: 00024(pred:single,gt:horizontal)
[ 911/6590] GradDet(th=6.5,vf=0.07)+GradSplit(th=12.0,vf=0.07)                     | ✗ 1 fail
           └─ Failures: 00024(pred:single,gt:horizontal)
[ 912/6590] GradDet(th=6.5,vf=0.07)+GradSplit(th=12.0,vf=0.08)                     | ✗ 1 fail
           └─ Failures: 00024(pred:single,gt:horizontal)
[ 913/6590] GradDet(th=6.5,vf=0.07)+GradSplit(th=13.0,vf=0.03)                     | ✗ 1 fail
           └─ Failures: 00024(pred:single,gt:horizontal)
[ 914/6590] GradDet(th=6.5,vf=0.07)+GradSplit(th=13.0,vf=0.04)                     | ✗ 1 fail
           └─ Failures: 00024(pred:single,gt:horizontal)
[ 915/6590] GradDet(th=6.5,vf=0.07)+GradSplit(th=13.0,vf=0.05)                     | ✗ 1 fail
           └─ Failures: 00024(pred:single,gt:horizontal)
[ 916/6590] GradDet(th=6.5,vf=0.07)+GradSplit(th=13.0,vf=0.06)                     | ✗ 1 fail
           └─ Failures: 00024(pred:single,gt:horizontal)
[ 917/6590] GradDet(th=6.5,vf=0.07)+GradSplit(th=13.0,vf=0.07)                     | ✗ 1 fail
           └─ Failures: 00024(pred:single,gt:horizontal)
[ 918/6590] GradDet(th=6.5,vf=0.07)+GradSplit(th=13.0,vf=0.08)                     | ✗ 1 fail
           └─ Failures: 00024(pred:single,gt:horizontal)
[ 919/6590] GradDet(th=6.5,vf=0.08)+GradSplit(th=6.0,vf=0.03)                      | ✗ 1 fail
           └─ Failures: 00024(pred:single,gt:horizontal)
[ 920/6590] GradDet(th=6.5,vf=0.08)+GradSplit(th=6.0,vf=0.04)                      | ✗ 1 fail
           └─ Failures: 00024(pred:single,gt:horizontal)
[ 921/6590] GradDet(th=6.5,vf=0.08)+GradSplit(th=6.0,vf=0.05)                      | ✗ 1 fail
           └─ Failures: 00024(pred:single,gt:horizontal)
[ 922/6590] GradDet(th=6.5,vf=0.08)+GradSplit(th=6.0,vf=0.06)                      | ✗ 1 fail
           └─ Failures: 00024(pred:single,gt:horizontal)
[ 923/6590] GradDet(th=6.5,vf=0.08)+GradSplit(th=6.0,vf=0.07)                      | ✗ 1 fail
           └─ Failures: 00024(pred:single,gt:horizontal)
[ 924/6590] GradDet(th=6.5,vf=0.08)+GradSplit(th=6.0,vf=0.08)                      | ✗ 1 fail
           └─ Failures: 00024(pred:single,gt:horizontal)
[ 925/6590] GradDet(th=6.5,vf=0.08)+GradSplit(th=7.0,vf=0.03)                      | ✗ 1 fail
           └─ Failures: 00024(pred:single,gt:horizontal)
[ 926/6590] GradDet(th=6.5,vf=0.08)+GradSplit(th=7.0,vf=0.04)                      | ✗ 1 fail
           └─ Failures: 00024(pred:single,gt:horizontal)
[ 927/6590] GradDet(th=6.5,vf=0.08)+GradSplit(th=7.0,vf=0.05)                      | ✗ 1 fail
           └─ Failures: 00024(pred:single,gt:horizontal)
[ 928/6590] GradDet(th=6.5,vf=0.08)+GradSplit(th=7.0,vf=0.06)                      | ✗ 1 fail
           └─ Failures: 00024(pred:single,gt:horizontal)
[ 929/6590] GradDet(th=6.5,vf=0.08)+GradSplit(th=7.0,vf=0.07)                      | ✗ 1 fail
           └─ Failures: 00024(pred:single,gt:horizontal)
[ 930/6590] GradDet(th=6.5,vf=0.08)+GradSplit(th=7.0,vf=0.08)                      | ✗ 1 fail
           └─ Failures: 00024(pred:single,gt:horizontal)
[ 931/6590] GradDet(th=6.5,vf=0.08)+GradSplit(th=8.0,vf=0.03)                      | ✗ 1 fail
           └─ Failures: 00024(pred:single,gt:horizontal)
[ 932/6590] GradDet(th=6.5,vf=0.08)+GradSplit(th=8.0,vf=0.04)                      | ✗ 1 fail
           └─ Failures: 00024(pred:single,gt:horizontal)
[ 933/6590] GradDet(th=6.5,vf=0.08)+GradSplit(th=8.0,vf=0.05)                      | ✗ 1 fail
           └─ Failures: 00024(pred:single,gt:horizontal)
[ 934/6590] GradDet(th=6.5,vf=0.08)+GradSplit(th=8.0,vf=0.06)                      | ✗ 1 fail
           └─ Failures: 00024(pred:single,gt:horizontal)
[ 935/6590] GradDet(th=6.5,vf=0.08)+GradSplit(th=8.0,vf=0.07)                      | ✗ 1 fail
           └─ Failures: 00024(pred:single,gt:horizontal)
[ 936/6590] GradDet(th=6.5,vf=0.08)+GradSplit(th=8.0,vf=0.08)                      | ✗ 1 fail
           └─ Failures: 00024(pred:single,gt:horizontal)
[ 937/6590] GradDet(th=6.5,vf=0.08)+GradSplit(th=8.5,vf=0.03)                      | ✗ 1 fail
           └─ Failures: 00024(pred:single,gt:horizontal)
[ 938/6590] GradDet(th=6.5,vf=0.08)+GradSplit(th=8.5,vf=0.04)                      | ✗ 1 fail
           └─ Failures: 00024(pred:single,gt:horizontal)
[ 939/6590] GradDet(th=6.5,vf=0.08)+GradSplit(th=8.5,vf=0.05)                      | ✗ 1 fail
           └─ Failures: 00024(pred:single,gt:horizontal)
[ 940/6590] GradDet(th=6.5,vf=0.08)+GradSplit(th=8.5,vf=0.06)                      | ✗ 1 fail
           └─ Failures: 00024(pred:single,gt:horizontal)
[ 941/6590] GradDet(th=6.5,vf=0.08)+GradSplit(th=8.5,vf=0.07)                      | ✗ 1 fail
           └─ Failures: 00024(pred:single,gt:horizontal)
[ 942/6590] GradDet(th=6.5,vf=0.08)+GradSplit(th=8.5,vf=0.08)                      | ✗ 1 fail
           └─ Failures: 00024(pred:single,gt:horizontal)
[ 943/6590] GradDet(th=6.5,vf=0.08)+GradSplit(th=9.0,vf=0.03)                      | ✗ 1 fail
           └─ Failures: 00024(pred:single,gt:horizontal)
[ 944/6590] GradDet(th=6.5,vf=0.08)+GradSplit(th=9.0,vf=0.04)                      | ✗ 1 fail
           └─ Failures: 00024(pred:single,gt:horizontal)
[ 945/6590] GradDet(th=6.5,vf=0.08)+GradSplit(th=9.0,vf=0.05)                      | ✗ 1 fail
           └─ Failures: 00024(pred:single,gt:horizontal)
[ 946/6590] GradDet(th=6.5,vf=0.08)+GradSplit(th=9.0,vf=0.06)                      | ✗ 1 fail
           └─ Failures: 00024(pred:single,gt:horizontal)
[ 947/6590] GradDet(th=6.5,vf=0.08)+GradSplit(th=9.0,vf=0.07)                      | ✗ 1 fail
           └─ Failures: 00024(pred:single,gt:horizontal)
[ 948/6590] GradDet(th=6.5,vf=0.08)+GradSplit(th=9.0,vf=0.08)                      | ✗ 1 fail
           └─ Failures: 00024(pred:single,gt:horizontal)
[ 949/6590] GradDet(th=6.5,vf=0.08)+GradSplit(th=10.0,vf=0.03)                     | ✗ 1 fail
           └─ Failures: 00024(pred:single,gt:horizontal)
[ 950/6590] GradDet(th=6.5,vf=0.08)+GradSplit(th=10.0,vf=0.04)                     | ✗ 1 fail
           └─ Failures: 00024(pred:single,gt:horizontal)
[ 951/6590] GradDet(th=6.5,vf=0.08)+GradSplit(th=10.0,vf=0.05)                     | ✗ 1 fail
           └─ Failures: 00024(pred:single,gt:horizontal)
[ 952/6590] GradDet(th=6.5,vf=0.08)+GradSplit(th=10.0,vf=0.06)                     | ✗ 1 fail
           └─ Failures: 00024(pred:single,gt:horizontal)
[ 953/6590] GradDet(th=6.5,vf=0.08)+GradSplit(th=10.0,vf=0.07)                     | ✗ 1 fail
           └─ Failures: 00024(pred:single,gt:horizontal)
[ 954/6590] GradDet(th=6.5,vf=0.08)+GradSplit(th=10.0,vf=0.08)                     | ✗ 1 fail
           └─ Failures: 00024(pred:single,gt:horizontal)
[ 955/6590] GradDet(th=6.5,vf=0.08)+GradSplit(th=11.0,vf=0.03)                     | ✗ 1 fail
           └─ Failures: 00024(pred:single,gt:horizontal)
[ 956/6590] GradDet(th=6.5,vf=0.08)+GradSplit(th=11.0,vf=0.04)                     | ✗ 1 fail
           └─ Failures: 00024(pred:single,gt:horizontal)
[ 957/6590] GradDet(th=6.5,vf=0.08)+GradSplit(th=11.0,vf=0.05)                     | ✗ 1 fail
           └─ Failures: 00024(pred:single,gt:horizontal)
[ 958/6590] GradDet(th=6.5,vf=0.08)+GradSplit(th=11.0,vf=0.06)                     | ✗ 1 fail
           └─ Failures: 00024(pred:single,gt:horizontal)
[ 959/6590] GradDet(th=6.5,vf=0.08)+GradSplit(th=11.0,vf=0.07)                     | ✗ 1 fail
           └─ Failures: 00024(pred:single,gt:horizontal)
[ 960/6590] GradDet(th=6.5,vf=0.08)+GradSplit(th=11.0,vf=0.08)                     | ✗ 1 fail
           └─ Failures: 00024(pred:single,gt:horizontal)
[ 961/6590] GradDet(th=6.5,vf=0.08)+GradSplit(th=12.0,vf=0.03)                     | ✗ 1 fail
           └─ Failures: 00024(pred:single,gt:horizontal)
[ 962/6590] GradDet(th=6.5,vf=0.08)+GradSplit(th=12.0,vf=0.04)                     | ✗ 1 fail
           └─ Failures: 00024(pred:single,gt:horizontal)
[ 963/6590] GradDet(th=6.5,vf=0.08)+GradSplit(th=12.0,vf=0.05)                     | ✗ 1 fail
           └─ Failures: 00024(pred:single,gt:horizontal)
[ 964/6590] GradDet(th=6.5,vf=0.08)+GradSplit(th=12.0,vf=0.06)                     | ✗ 1 fail
           └─ Failures: 00024(pred:single,gt:horizontal)
[ 965/6590] GradDet(th=6.5,vf=0.08)+GradSplit(th=12.0,vf=0.07)                     | ✗ 1 fail
           └─ Failures: 00024(pred:single,gt:horizontal)
[ 966/6590] GradDet(th=6.5,vf=0.08)+GradSplit(th=12.0,vf=0.08)                     | ✗ 1 fail
           └─ Failures: 00024(pred:single,gt:horizontal)
[ 967/6590] GradDet(th=6.5,vf=0.08)+GradSplit(th=13.0,vf=0.03)                     | ✗ 1 fail
           └─ Failures: 00024(pred:single,gt:horizontal)
[ 968/6590] GradDet(th=6.5,vf=0.08)+GradSplit(th=13.0,vf=0.04)                     | ✗ 1 fail
           └─ Failures: 00024(pred:single,gt:horizontal)
[ 969/6590] GradDet(th=6.5,vf=0.08)+GradSplit(th=13.0,vf=0.05)                     | ✗ 1 fail
           └─ Failures: 00024(pred:single,gt:horizontal)
[ 970/6590] GradDet(th=6.5,vf=0.08)+GradSplit(th=13.0,vf=0.06)                     | ✗ 1 fail
           └─ Failures: 00024(pred:single,gt:horizontal)
[ 971/6590] GradDet(th=6.5,vf=0.08)+GradSplit(th=13.0,vf=0.07)                     | ✗ 1 fail
           └─ Failures: 00024(pred:single,gt:horizontal)
[ 972/6590] GradDet(th=6.5,vf=0.08)+GradSplit(th=13.0,vf=0.08)                     | ✗ 1 fail
           └─ Failures: 00024(pred:single,gt:horizontal)
[ 973/6590] GradDet(th=7.0,vf=0.03)+GradSplit(th=6.0,vf=0.03)                      | ✓ OK (30/30)
[ 974/6590] GradDet(th=7.0,vf=0.03)+GradSplit(th=6.0,vf=0.04)                      | ✓ OK (30/30)
[ 975/6590] GradDet(th=7.0,vf=0.03)+GradSplit(th=6.0,vf=0.05)                      | ✓ OK (30/30)
[ 976/6590] GradDet(th=7.0,vf=0.03)+GradSplit(th=6.0,vf=0.06)                      | ✓ OK (30/30)
[ 977/6590] GradDet(th=7.0,vf=0.03)+GradSplit(th=6.0,vf=0.07)                      | ✓ OK (30/30)
[ 978/6590] GradDet(th=7.0,vf=0.03)+GradSplit(th=6.0,vf=0.08)                      | ✓ OK (30/30)
[ 979/6590] GradDet(th=7.0,vf=0.03)+GradSplit(th=7.0,vf=0.03)                      | ✓ OK (30/30)
[ 980/6590] GradDet(th=7.0,vf=0.03)+GradSplit(th=7.0,vf=0.04)                      | ✓ OK (30/30)
[ 981/6590] GradDet(th=7.0,vf=0.03)+GradSplit(th=7.0,vf=0.05)                      | ✓ OK (30/30)
[ 982/6590] GradDet(th=7.0,vf=0.03)+GradSplit(th=7.0,vf=0.06)                      | ✓ OK (30/30)
[ 983/6590] GradDet(th=7.0,vf=0.03)+GradSplit(th=7.0,vf=0.07)                      | ✓ OK (30/30)
[ 984/6590] GradDet(th=7.0,vf=0.03)+GradSplit(th=7.0,vf=0.08)                      | ✓ OK (30/30)
[ 985/6590] GradDet(th=7.0,vf=0.03)+GradSplit(th=8.0,vf=0.03)                      | ✓ OK (30/30)
[ 986/6590] GradDet(th=7.0,vf=0.03)+GradSplit(th=8.0,vf=0.04)                      | ✓ OK (30/30)
[ 987/6590] GradDet(th=7.0,vf=0.03)+GradSplit(th=8.0,vf=0.05)                      | ✓ OK (30/30)
[ 988/6590] GradDet(th=7.0,vf=0.03)+GradSplit(th=8.0,vf=0.06)                      | ✓ OK (30/30)
[ 989/6590] GradDet(th=7.0,vf=0.03)+GradSplit(th=8.0,vf=0.07)                      | ✓ OK (30/30)
[ 990/6590] GradDet(th=7.0,vf=0.03)+GradSplit(th=8.0,vf=0.08)                      | ✓ OK (30/30)
[ 991/6590] GradDet(th=7.0,vf=0.03)+GradSplit(th=8.5,vf=0.03)                      | ✓ OK (30/30)
[ 992/6590] GradDet(th=7.0,vf=0.03)+GradSplit(th=8.5,vf=0.04)                      | ✓ OK (30/30)
[ 993/6590] GradDet(th=7.0,vf=0.03)+GradSplit(th=8.5,vf=0.05)                      | ✓ OK (30/30)
[ 994/6590] GradDet(th=7.0,vf=0.03)+GradSplit(th=8.5,vf=0.06)                      | ✓ OK (30/30)
[ 995/6590] GradDet(th=7.0,vf=0.03)+GradSplit(th=8.5,vf=0.07)                      | ✓ OK (30/30)
[ 996/6590] GradDet(th=7.0,vf=0.03)+GradSplit(th=8.5,vf=0.08)                      | ✓ OK (30/30)
[ 997/6590] GradDet(th=7.0,vf=0.03)+GradSplit(th=9.0,vf=0.03)                      | ✓ OK (30/30)
[ 998/6590] GradDet(th=7.0,vf=0.03)+GradSplit(th=9.0,vf=0.04)                      | ✓ OK (30/30)
[ 999/6590] GradDet(th=7.0,vf=0.03)+GradSplit(th=9.0,vf=0.05)                      | ✓ OK (30/30)
[1000/6590] GradDet(th=7.0,vf=0.03)+GradSplit(th=9.0,vf=0.06)                      | ✓ OK (30/30)
[1001/6590] GradDet(th=7.0,vf=0.03)+GradSplit(th=9.0,vf=0.07)                      | ✓ OK (30/30)
[1002/6590] GradDet(th=7.0,vf=0.03)+GradSplit(th=9.0,vf=0.08)                      | ✓ OK (30/30)
[1003/6590] GradDet(th=7.0,vf=0.03)+GradSplit(th=10.0,vf=0.03)                     | ✓ OK (30/30)
[1004/6590] GradDet(th=7.0,vf=0.03)+GradSplit(th=10.0,vf=0.04)                     | ✓ OK (30/30)
[1005/6590] GradDet(th=7.0,vf=0.03)+GradSplit(th=10.0,vf=0.05)                     | ✓ OK (30/30)
[1006/6590] GradDet(th=7.0,vf=0.03)+GradSplit(th=10.0,vf=0.06)                     | ✓ OK (30/30)
[1007/6590] GradDet(th=7.0,vf=0.03)+GradSplit(th=10.0,vf=0.07)                     | ✓ OK (30/30)
[1008/6590] GradDet(th=7.0,vf=0.03)+GradSplit(th=10.0,vf=0.08)                     | ✓ OK (30/30)
[1009/6590] GradDet(th=7.0,vf=0.03)+GradSplit(th=11.0,vf=0.03)                     | ✓ OK (30/30)
[1010/6590] GradDet(th=7.0,vf=0.03)+GradSplit(th=11.0,vf=0.04)                     | ✓ OK (30/30)
[1011/6590] GradDet(th=7.0,vf=0.03)+GradSplit(th=11.0,vf=0.05)                     | ✓ OK (30/30)
[1012/6590] GradDet(th=7.0,vf=0.03)+GradSplit(th=11.0,vf=0.06)                     | ✓ OK (30/30)
[1013/6590] GradDet(th=7.0,vf=0.03)+GradSplit(th=11.0,vf=0.07)                     | ✓ OK (30/30)
[1014/6590] GradDet(th=7.0,vf=0.03)+GradSplit(th=11.0,vf=0.08)                     | ✓ OK (30/30)
[1015/6590] GradDet(th=7.0,vf=0.03)+GradSplit(th=12.0,vf=0.03)                     | ✓ OK (30/30)
[1016/6590] GradDet(th=7.0,vf=0.03)+GradSplit(th=12.0,vf=0.04)                     | ✓ OK (30/30)
[1017/6590] GradDet(th=7.0,vf=0.03)+GradSplit(th=12.0,vf=0.05)                     | ✓ OK (30/30)
[1018/6590] GradDet(th=7.0,vf=0.03)+GradSplit(th=12.0,vf=0.06)                     | ✓ OK (30/30)
[1019/6590] GradDet(th=7.0,vf=0.03)+GradSplit(th=12.0,vf=0.07)                     | ✓ OK (30/30)
[1020/6590] GradDet(th=7.0,vf=0.03)+GradSplit(th=12.0,vf=0.08)                     | ✓ OK (30/30)
[1021/6590] GradDet(th=7.0,vf=0.03)+GradSplit(th=13.0,vf=0.03)                     | ✓ OK (30/30)
[1022/6590] GradDet(th=7.0,vf=0.03)+GradSplit(th=13.0,vf=0.04)                     | ✓ OK (30/30)
[1023/6590] GradDet(th=7.0,vf=0.03)+GradSplit(th=13.0,vf=0.05)                     | ✓ OK (30/30)
[1024/6590] GradDet(th=7.0,vf=0.03)+GradSplit(th=13.0,vf=0.06)                     | ✓ OK (30/30)
[1025/6590] GradDet(th=7.0,vf=0.03)+GradSplit(th=13.0,vf=0.07)                     | ✓ OK (30/30)
[1026/6590] GradDet(th=7.0,vf=0.03)+GradSplit(th=13.0,vf=0.08)                     | ✓ OK (30/30)
[1027/6590] GradDet(th=7.0,vf=0.04)+GradSplit(th=6.0,vf=0.03)                      | ✓ OK (30/30)
[1028/6590] GradDet(th=7.0,vf=0.04)+GradSplit(th=6.0,vf=0.04)                      | ✓ OK (30/30)
[1029/6590] GradDet(th=7.0,vf=0.04)+GradSplit(th=6.0,vf=0.05)                      | ✓ OK (30/30)
[1030/6590] GradDet(th=7.0,vf=0.04)+GradSplit(th=6.0,vf=0.06)                      | ✓ OK (30/30)
[1031/6590] GradDet(th=7.0,vf=0.04)+GradSplit(th=6.0,vf=0.07)                      | ✓ OK (30/30)
[1032/6590] GradDet(th=7.0,vf=0.04)+GradSplit(th=6.0,vf=0.08)                      | ✓ OK (30/30)
[1033/6590] GradDet(th=7.0,vf=0.04)+GradSplit(th=7.0,vf=0.03)                      | ✓ OK (30/30)
[1034/6590] GradDet(th=7.0,vf=0.04)+GradSplit(th=7.0,vf=0.04)                      | ✓ OK (30/30)
[1035/6590] GradDet(th=7.0,vf=0.04)+GradSplit(th=7.0,vf=0.05)                      | ✓ OK (30/30)
[1036/6590] GradDet(th=7.0,vf=0.04)+GradSplit(th=7.0,vf=0.06)                      | ✓ OK (30/30)
[1037/6590] GradDet(th=7.0,vf=0.04)+GradSplit(th=7.0,vf=0.07)                      | ✓ OK (30/30)
[1038/6590] GradDet(th=7.0,vf=0.04)+GradSplit(th=7.0,vf=0.08)                      | ✓ OK (30/30)
[1039/6590] GradDet(th=7.0,vf=0.04)+GradSplit(th=8.0,vf=0.03)                      | ✓ OK (30/30)
[1040/6590] GradDet(th=7.0,vf=0.04)+GradSplit(th=8.0,vf=0.04)                      | ✓ OK (30/30)
[1041/6590] GradDet(th=7.0,vf=0.04)+GradSplit(th=8.0,vf=0.05)                      | ✓ OK (30/30)
[1042/6590] GradDet(th=7.0,vf=0.04)+GradSplit(th=8.0,vf=0.06)                      | ✓ OK (30/30)
[1043/6590] GradDet(th=7.0,vf=0.04)+GradSplit(th=8.0,vf=0.07)                      | ✓ OK (30/30)
[1044/6590] GradDet(th=7.0,vf=0.04)+GradSplit(th=8.0,vf=0.08)                      | ✓ OK (30/30)
[1045/6590] GradDet(th=7.0,vf=0.04)+GradSplit(th=8.5,vf=0.03)                      | ✓ OK (30/30)
[1046/6590] GradDet(th=7.0,vf=0.04)+GradSplit(th=8.5,vf=0.04)                      | ✓ OK (30/30)
[1047/6590] GradDet(th=7.0,vf=0.04)+GradSplit(th=8.5,vf=0.05)                      | ✓ OK (30/30)
[1048/6590] GradDet(th=7.0,vf=0.04)+GradSplit(th=8.5,vf=0.06)                      | ✓ OK (30/30)
[1049/6590] GradDet(th=7.0,vf=0.04)+GradSplit(th=8.5,vf=0.07)                      | ✓ OK (30/30)
[1050/6590] GradDet(th=7.0,vf=0.04)+GradSplit(th=8.5,vf=0.08)                      | ✓ OK (30/30)
[1051/6590] GradDet(th=7.0,vf=0.04)+GradSplit(th=9.0,vf=0.03)                      | ✓ OK (30/30)
[1052/6590] GradDet(th=7.0,vf=0.04)+GradSplit(th=9.0,vf=0.04)                      | ✓ OK (30/30)
[1053/6590] GradDet(th=7.0,vf=0.04)+GradSplit(th=9.0,vf=0.05)                      | ✓ OK (30/30)
[1054/6590] GradDet(th=7.0,vf=0.04)+GradSplit(th=9.0,vf=0.06)                      | ✓ OK (30/30)
[1055/6590] GradDet(th=7.0,vf=0.04)+GradSplit(th=9.0,vf=0.07)                      | ✓ OK (30/30)
[1056/6590] GradDet(th=7.0,vf=0.04)+GradSplit(th=9.0,vf=0.08)                      | ✓ OK (30/30)
[1057/6590] GradDet(th=7.0,vf=0.04)+GradSplit(th=10.0,vf=0.03)                     | ✓ OK (30/30)
[1058/6590] GradDet(th=7.0,vf=0.04)+GradSplit(th=10.0,vf=0.04)                     | ✓ OK (30/30)
[1059/6590] GradDet(th=7.0,vf=0.04)+GradSplit(th=10.0,vf=0.05)                     | ✓ OK (30/30)
[1060/6590] GradDet(th=7.0,vf=0.04)+GradSplit(th=10.0,vf=0.06)                     | ✓ OK (30/30)
[1061/6590] GradDet(th=7.0,vf=0.04)+GradSplit(th=10.0,vf=0.07)                     | ✓ OK (30/30)
[1062/6590] GradDet(th=7.0,vf=0.04)+GradSplit(th=10.0,vf=0.08)                     | ✓ OK (30/30)
[1063/6590] GradDet(th=7.0,vf=0.04)+GradSplit(th=11.0,vf=0.03)                     | ✓ OK (30/30)
[1064/6590] GradDet(th=7.0,vf=0.04)+GradSplit(th=11.0,vf=0.04)                     | ✓ OK (30/30)
[1065/6590] GradDet(th=7.0,vf=0.04)+GradSplit(th=11.0,vf=0.05)                     | ✓ OK (30/30)
[1066/6590] GradDet(th=7.0,vf=0.04)+GradSplit(th=11.0,vf=0.06)                     | ✓ OK (30/30)
[1067/6590] GradDet(th=7.0,vf=0.04)+GradSplit(th=11.0,vf=0.07)                     | ✓ OK (30/30)
[1068/6590] GradDet(th=7.0,vf=0.04)+GradSplit(th=11.0,vf=0.08)                     | ✓ OK (30/30)
[1069/6590] GradDet(th=7.0,vf=0.04)+GradSplit(th=12.0,vf=0.03)                     | ✓ OK (30/30)
[1070/6590] GradDet(th=7.0,vf=0.04)+GradSplit(th=12.0,vf=0.04)                     | ✓ OK (30/30)
[1071/6590] GradDet(th=7.0,vf=0.04)+GradSplit(th=12.0,vf=0.05)                     | ✓ OK (30/30)
[1072/6590] GradDet(th=7.0,vf=0.04)+GradSplit(th=12.0,vf=0.06)                     | ✓ OK (30/30)
[1073/6590] GradDet(th=7.0,vf=0.04)+GradSplit(th=12.0,vf=0.07)                     | ✓ OK (30/30)
[1074/6590] GradDet(th=7.0,vf=0.04)+GradSplit(th=12.0,vf=0.08)                     | ✓ OK (30/30)
[1075/6590] GradDet(th=7.0,vf=0.04)+GradSplit(th=13.0,vf=0.03)                     | ✓ OK (30/30)
[1076/6590] GradDet(th=7.0,vf=0.04)+GradSplit(th=13.0,vf=0.04)                     | ✓ OK (30/30)
[1077/6590] GradDet(th=7.0,vf=0.04)+GradSplit(th=13.0,vf=0.05)                     | ✓ OK (30/30)
[1078/6590] GradDet(th=7.0,vf=0.04)+GradSplit(th=13.0,vf=0.06)                     | ✓ OK (30/30)
[1079/6590] GradDet(th=7.0,vf=0.04)+GradSplit(th=13.0,vf=0.07)                     | ✓ OK (30/30)
[1080/6590] GradDet(th=7.0,vf=0.04)+GradSplit(th=13.0,vf=0.08)                     | ✓ OK (30/30)
[1081/6590] GradDet(th=7.0,vf=0.05)+GradSplit(th=6.0,vf=0.03)                      | ✗ 1 fail
           └─ Failures: 00017(pred:horizontal,gt:single)
[1082/6590] GradDet(th=7.0,vf=0.05)+GradSplit(th=6.0,vf=0.04)                      | ✗ 1 fail
           └─ Failures: 00017(pred:horizontal,gt:single)
[1083/6590] GradDet(th=7.0,vf=0.05)+GradSplit(th=6.0,vf=0.05)                      | ✗ 1 fail
           └─ Failures: 00017(pred:horizontal,gt:single)
[1084/6590] GradDet(th=7.0,vf=0.05)+GradSplit(th=6.0,vf=0.06)                      | ✗ 1 fail
           └─ Failures: 00017(pred:horizontal,gt:single)
[1085/6590] GradDet(th=7.0,vf=0.05)+GradSplit(th=6.0,vf=0.07)                      | ✗ 1 fail
           └─ Failures: 00017(pred:horizontal,gt:single)
[1086/6590] GradDet(th=7.0,vf=0.05)+GradSplit(th=6.0,vf=0.08)                      | ✗ 1 fail
           └─ Failures: 00017(pred:horizontal,gt:single)
[1087/6590] GradDet(th=7.0,vf=0.05)+GradSplit(th=7.0,vf=0.03)                      | ✗ 1 fail
           └─ Failures: 00017(pred:horizontal,gt:single)
[1088/6590] GradDet(th=7.0,vf=0.05)+GradSplit(th=7.0,vf=0.04)                      | ✗ 1 fail
           └─ Failures: 00017(pred:horizontal,gt:single)
[1089/6590] GradDet(th=7.0,vf=0.05)+GradSplit(th=7.0,vf=0.05)                      | ✗ 1 fail
           └─ Failures: 00017(pred:horizontal,gt:single)
[1090/6590] GradDet(th=7.0,vf=0.05)+GradSplit(th=7.0,vf=0.06)                      | ✗ 1 fail
           └─ Failures: 00017(pred:horizontal,gt:single)
[1091/6590] GradDet(th=7.0,vf=0.05)+GradSplit(th=7.0,vf=0.07)                      | ✗ 1 fail
           └─ Failures: 00017(pred:horizontal,gt:single)
[1092/6590] GradDet(th=7.0,vf=0.05)+GradSplit(th=7.0,vf=0.08)                      | ✗ 1 fail
           └─ Failures: 00017(pred:horizontal,gt:single)
[1093/6590] GradDet(th=7.0,vf=0.05)+GradSplit(th=8.0,vf=0.03)                      | ✗ 1 fail
           └─ Failures: 00017(pred:horizontal,gt:single)
[1094/6590] GradDet(th=7.0,vf=0.05)+GradSplit(th=8.0,vf=0.04)                      | ✗ 1 fail
           └─ Failures: 00017(pred:horizontal,gt:single)
[1095/6590] GradDet(th=7.0,vf=0.05)+GradSplit(th=8.0,vf=0.05)                      | ✗ 1 fail
           └─ Failures: 00017(pred:horizontal,gt:single)
[1096/6590] GradDet(th=7.0,vf=0.05)+GradSplit(th=8.0,vf=0.06)                      | ✗ 1 fail
           └─ Failures: 00017(pred:horizontal,gt:single)
[1097/6590] GradDet(th=7.0,vf=0.05)+GradSplit(th=8.0,vf=0.07)                      | ✗ 1 fail
           └─ Failures: 00017(pred:horizontal,gt:single)
[1098/6590] GradDet(th=7.0,vf=0.05)+GradSplit(th=8.0,vf=0.08)                      | ✗ 1 fail
           └─ Failures: 00017(pred:horizontal,gt:single)
[1099/6590] GradDet(th=7.0,vf=0.05)+GradSplit(th=8.5,vf=0.03)                      | ✗ 1 fail
           └─ Failures: 00017(pred:horizontal,gt:single)
[1100/6590] GradDet(th=7.0,vf=0.05)+GradSplit(th=8.5,vf=0.04)                      | ✗ 1 fail
           └─ Failures: 00017(pred:horizontal,gt:single)
[1101/6590] GradDet(th=7.0,vf=0.05)+GradSplit(th=8.5,vf=0.05)                      | ✗ 1 fail
           └─ Failures: 00017(pred:horizontal,gt:single)
[1102/6590] GradDet(th=7.0,vf=0.05)+GradSplit(th=8.5,vf=0.06)                      | ✗ 1 fail
           └─ Failures: 00017(pred:horizontal,gt:single)
[1103/6590] GradDet(th=7.0,vf=0.05)+GradSplit(th=8.5,vf=0.07)                      | ✗ 1 fail
           └─ Failures: 00017(pred:horizontal,gt:single)
[1104/6590] GradDet(th=7.0,vf=0.05)+GradSplit(th=8.5,vf=0.08)                      | ✗ 1 fail
           └─ Failures: 00017(pred:horizontal,gt:single)
[1105/6590] GradDet(th=7.0,vf=0.05)+GradSplit(th=9.0,vf=0.03)                      | ✗ 1 fail
           └─ Failures: 00017(pred:horizontal,gt:single)
[1106/6590] GradDet(th=7.0,vf=0.05)+GradSplit(th=9.0,vf=0.04)                      | ✗ 1 fail
           └─ Failures: 00017(pred:horizontal,gt:single)
[1107/6590] GradDet(th=7.0,vf=0.05)+GradSplit(th=9.0,vf=0.05)                      | ✗ 1 fail
           └─ Failures: 00017(pred:horizontal,gt:single)
[1108/6590] GradDet(th=7.0,vf=0.05)+GradSplit(th=9.0,vf=0.06)                      | ✗ 1 fail
           └─ Failures: 00017(pred:horizontal,gt:single)
[1109/6590] GradDet(th=7.0,vf=0.05)+GradSplit(th=9.0,vf=0.07)                      | ✗ 1 fail
           └─ Failures: 00017(pred:horizontal,gt:single)
[1110/6590] GradDet(th=7.0,vf=0.05)+GradSplit(th=9.0,vf=0.08)                      | ✗ 1 fail
           └─ Failures: 00017(pred:horizontal,gt:single)
[1111/6590] GradDet(th=7.0,vf=0.05)+GradSplit(th=10.0,vf=0.03)                     | ✗ 1 fail
           └─ Failures: 00017(pred:horizontal,gt:single)
[1112/6590] GradDet(th=7.0,vf=0.05)+GradSplit(th=10.0,vf=0.04)                     | ✗ 1 fail
           └─ Failures: 00017(pred:horizontal,gt:single)
[1113/6590] GradDet(th=7.0,vf=0.05)+GradSplit(th=10.0,vf=0.05)                     | ✗ 1 fail
           └─ Failures: 00017(pred:horizontal,gt:single)
[1114/6590] GradDet(th=7.0,vf=0.05)+GradSplit(th=10.0,vf=0.06)                     | ✗ 1 fail
           └─ Failures: 00017(pred:horizontal,gt:single)
[1115/6590] GradDet(th=7.0,vf=0.05)+GradSplit(th=10.0,vf=0.07)                     | ✗ 1 fail
           └─ Failures: 00017(pred:horizontal,gt:single)
[1116/6590] GradDet(th=7.0,vf=0.05)+GradSplit(th=10.0,vf=0.08)                     | ✗ 1 fail
           └─ Failures: 00017(pred:horizontal,gt:single)
[1117/6590] GradDet(th=7.0,vf=0.05)+GradSplit(th=11.0,vf=0.03)                     | ✗ 1 fail
           └─ Failures: 00017(pred:horizontal,gt:single)
[1118/6590] GradDet(th=7.0,vf=0.05)+GradSplit(th=11.0,vf=0.04)                     | ✗ 1 fail
           └─ Failures: 00017(pred:horizontal,gt:single)
[1119/6590] GradDet(th=7.0,vf=0.05)+GradSplit(th=11.0,vf=0.05)                     | ✗ 1 fail
           └─ Failures: 00017(pred:horizontal,gt:single)
[1120/6590] GradDet(th=7.0,vf=0.05)+GradSplit(th=11.0,vf=0.06)                     | ✗ 1 fail
           └─ Failures: 00017(pred:horizontal,gt:single)
[1121/6590] GradDet(th=7.0,vf=0.05)+GradSplit(th=11.0,vf=0.07)                     | ✗ 1 fail
           └─ Failures: 00017(pred:horizontal,gt:single)
[1122/6590] GradDet(th=7.0,vf=0.05)+GradSplit(th=11.0,vf=0.08)                     | ✗ 1 fail
           └─ Failures: 00017(pred:horizontal,gt:single)
[1123/6590] GradDet(th=7.0,vf=0.05)+GradSplit(th=12.0,vf=0.03)                     | ✗ 1 fail
           └─ Failures: 00017(pred:horizontal,gt:single)
[1124/6590] GradDet(th=7.0,vf=0.05)+GradSplit(th=12.0,vf=0.04)                     | ✗ 1 fail
           └─ Failures: 00017(pred:horizontal,gt:single)
[1125/6590] GradDet(th=7.0,vf=0.05)+GradSplit(th=12.0,vf=0.05)                     | ✗ 1 fail
           └─ Failures: 00017(pred:horizontal,gt:single)
[1126/6590] GradDet(th=7.0,vf=0.05)+GradSplit(th=12.0,vf=0.06)                     | ✗ 1 fail
           └─ Failures: 00017(pred:horizontal,gt:single)
[1127/6590] GradDet(th=7.0,vf=0.05)+GradSplit(th=12.0,vf=0.07)                     | ✗ 1 fail
           └─ Failures: 00017(pred:horizontal,gt:single)
[1128/6590] GradDet(th=7.0,vf=0.05)+GradSplit(th=12.0,vf=0.08)                     | ✗ 1 fail
           └─ Failures: 00017(pred:horizontal,gt:single)
[1129/6590] GradDet(th=7.0,vf=0.05)+GradSplit(th=13.0,vf=0.03)                     | ✗ 1 fail
           └─ Failures: 00017(pred:horizontal,gt:single)
[1130/6590] GradDet(th=7.0,vf=0.05)+GradSplit(th=13.0,vf=0.04)                     | ✗ 1 fail
           └─ Failures: 00017(pred:horizontal,gt:single)
[1131/6590] GradDet(th=7.0,vf=0.05)+GradSplit(th=13.0,vf=0.05)                     | ✗ 1 fail
           └─ Failures: 00017(pred:horizontal,gt:single)
[1132/6590] GradDet(th=7.0,vf=0.05)+GradSplit(th=13.0,vf=0.06)                     | ✗ 1 fail
           └─ Failures: 00017(pred:horizontal,gt:single)
[1133/6590] GradDet(th=7.0,vf=0.05)+GradSplit(th=13.0,vf=0.07)                     | ✗ 1 fail
           └─ Failures: 00017(pred:horizontal,gt:single)
[1134/6590] GradDet(th=7.0,vf=0.05)+GradSplit(th=13.0,vf=0.08)                     | ✗ 1 fail
           └─ Failures: 00017(pred:horizontal,gt:single)
[1135/6590] GradDet(th=7.0,vf=0.06)+GradSplit(th=6.0,vf=0.03)                      | ✓ OK (30/30)
[1136/6590] GradDet(th=7.0,vf=0.06)+GradSplit(th=6.0,vf=0.04)                      | ✓ OK (30/30)
[1137/6590] GradDet(th=7.0,vf=0.06)+GradSplit(th=6.0,vf=0.05)                      | ✓ OK (30/30)
[1138/6590] GradDet(th=7.0,vf=0.06)+GradSplit(th=6.0,vf=0.06)                      | ✓ OK (30/30)
[1139/6590] GradDet(th=7.0,vf=0.06)+GradSplit(th=6.0,vf=0.07)                      | ✓ OK (30/30)
[1140/6590] GradDet(th=7.0,vf=0.06)+GradSplit(th=6.0,vf=0.08)                      | ✓ OK (30/30)
[1141/6590] GradDet(th=7.0,vf=0.06)+GradSplit(th=7.0,vf=0.03)                      | ✓ OK (30/30)
[1142/6590] GradDet(th=7.0,vf=0.06)+GradSplit(th=7.0,vf=0.04)                      | ✓ OK (30/30)
[1143/6590] GradDet(th=7.0,vf=0.06)+GradSplit(th=7.0,vf=0.05)                      | ✓ OK (30/30)
[1144/6590] GradDet(th=7.0,vf=0.06)+GradSplit(th=7.0,vf=0.06)                      | ✓ OK (30/30)
[1145/6590] GradDet(th=7.0,vf=0.06)+GradSplit(th=7.0,vf=0.07)                      | ✓ OK (30/30)
[1146/6590] GradDet(th=7.0,vf=0.06)+GradSplit(th=7.0,vf=0.08)                      | ✓ OK (30/30)
[1147/6590] GradDet(th=7.0,vf=0.06)+GradSplit(th=8.0,vf=0.03)                      | ✓ OK (30/30)
[1148/6590] GradDet(th=7.0,vf=0.06)+GradSplit(th=8.0,vf=0.04)                      | ✓ OK (30/30)
[1149/6590] GradDet(th=7.0,vf=0.06)+GradSplit(th=8.0,vf=0.05)                      | ✓ OK (30/30)
[1150/6590] GradDet(th=7.0,vf=0.06)+GradSplit(th=8.0,vf=0.06)                      | ✓ OK (30/30)
[1151/6590] GradDet(th=7.0,vf=0.06)+GradSplit(th=8.0,vf=0.07)                      | ✓ OK (30/30)
[1152/6590] GradDet(th=7.0,vf=0.06)+GradSplit(th=8.0,vf=0.08)                      | ✓ OK (30/30)
[1153/6590] GradDet(th=7.0,vf=0.06)+GradSplit(th=8.5,vf=0.03)                      | ✓ OK (30/30)
[1154/6590] GradDet(th=7.0,vf=0.06)+GradSplit(th=8.5,vf=0.04)                      | ✓ OK (30/30)
[1155/6590] GradDet(th=7.0,vf=0.06)+GradSplit(th=8.5,vf=0.05)                      | ✓ OK (30/30)
[1156/6590] GradDet(th=7.0,vf=0.06)+GradSplit(th=8.5,vf=0.06)                      | ✓ OK (30/30)
[1157/6590] GradDet(th=7.0,vf=0.06)+GradSplit(th=8.5,vf=0.07)                      | ✓ OK (30/30)
[1158/6590] GradDet(th=7.0,vf=0.06)+GradSplit(th=8.5,vf=0.08)                      | ✓ OK (30/30)
[1159/6590] GradDet(th=7.0,vf=0.06)+GradSplit(th=9.0,vf=0.03)                      | ✓ OK (30/30)
[1160/6590] GradDet(th=7.0,vf=0.06)+GradSplit(th=9.0,vf=0.04)                      | ✓ OK (30/30)
[1161/6590] GradDet(th=7.0,vf=0.06)+GradSplit(th=9.0,vf=0.05)                      | ✓ OK (30/30)
[1162/6590] GradDet(th=7.0,vf=0.06)+GradSplit(th=9.0,vf=0.06)                      | ✓ OK (30/30)
[1163/6590] GradDet(th=7.0,vf=0.06)+GradSplit(th=9.0,vf=0.07)                      | ✓ OK (30/30)
[1164/6590] GradDet(th=7.0,vf=0.06)+GradSplit(th=9.0,vf=0.08)                      | ✓ OK (30/30)
[1165/6590] GradDet(th=7.0,vf=0.06)+GradSplit(th=10.0,vf=0.03)                     | ✓ OK (30/30)
[1166/6590] GradDet(th=7.0,vf=0.06)+GradSplit(th=10.0,vf=0.04)                     | ✓ OK (30/30)
[1167/6590] GradDet(th=7.0,vf=0.06)+GradSplit(th=10.0,vf=0.05)                     | ✓ OK (30/30)
[1168/6590] GradDet(th=7.0,vf=0.06)+GradSplit(th=10.0,vf=0.06)                     | ✓ OK (30/30)
[1169/6590] GradDet(th=7.0,vf=0.06)+GradSplit(th=10.0,vf=0.07)                     | ✓ OK (30/30)
[1170/6590] GradDet(th=7.0,vf=0.06)+GradSplit(th=10.0,vf=0.08)                     | ✓ OK (30/30)
[1171/6590] GradDet(th=7.0,vf=0.06)+GradSplit(th=11.0,vf=0.03)                     | ✓ OK (30/30)
[1172/6590] GradDet(th=7.0,vf=0.06)+GradSplit(th=11.0,vf=0.04)                     | ✓ OK (30/30)
[1173/6590] GradDet(th=7.0,vf=0.06)+GradSplit(th=11.0,vf=0.05)                     | ✓ OK (30/30)
[1174/6590] GradDet(th=7.0,vf=0.06)+GradSplit(th=11.0,vf=0.06)                     | ✓ OK (30/30)
[1175/6590] GradDet(th=7.0,vf=0.06)+GradSplit(th=11.0,vf=0.07)                     | ✓ OK (30/30)
[1176/6590] GradDet(th=7.0,vf=0.06)+GradSplit(th=11.0,vf=0.08)                     | ✓ OK (30/30)
[1177/6590] GradDet(th=7.0,vf=0.06)+GradSplit(th=12.0,vf=0.03)                     | ✓ OK (30/30)
[1178/6590] GradDet(th=7.0,vf=0.06)+GradSplit(th=12.0,vf=0.04)                     | ✓ OK (30/30)
[1179/6590] GradDet(th=7.0,vf=0.06)+GradSplit(th=12.0,vf=0.05)                     | ✓ OK (30/30)
[1180/6590] GradDet(th=7.0,vf=0.06)+GradSplit(th=12.0,vf=0.06)                     | ✓ OK (30/30)
[1181/6590] GradDet(th=7.0,vf=0.06)+GradSplit(th=12.0,vf=0.07)                     | ✓ OK (30/30)
[1182/6590] GradDet(th=7.0,vf=0.06)+GradSplit(th=12.0,vf=0.08)                     | ✓ OK (30/30)
[1183/6590] GradDet(th=7.0,vf=0.06)+GradSplit(th=13.0,vf=0.03)                     | ✓ OK (30/30)
[1184/6590] GradDet(th=7.0,vf=0.06)+GradSplit(th=13.0,vf=0.04)                     | ✓ OK (30/30)
[1185/6590] GradDet(th=7.0,vf=0.06)+GradSplit(th=13.0,vf=0.05)                     | ✓ OK (30/30)
[1186/6590] GradDet(th=7.0,vf=0.06)+GradSplit(th=13.0,vf=0.06)                     | ✓ OK (30/30)
[1187/6590] GradDet(th=7.0,vf=0.06)+GradSplit(th=13.0,vf=0.07)                     | ✓ OK (30/30)
[1188/6590] GradDet(th=7.0,vf=0.06)+GradSplit(th=13.0,vf=0.08)                     | ✓ OK (30/30)
[1189/6590] GradDet(th=7.0,vf=0.07)+GradSplit(th=6.0,vf=0.03)                      | ✓ OK (30/30)
[1190/6590] GradDet(th=7.0,vf=0.07)+GradSplit(th=6.0,vf=0.04)                      | ✓ OK (30/30)
[1191/6590] GradDet(th=7.0,vf=0.07)+GradSplit(th=6.0,vf=0.05)                      | ✓ OK (30/30)
[1192/6590] GradDet(th=7.0,vf=0.07)+GradSplit(th=6.0,vf=0.06)                      | ✓ OK (30/30)
[1193/6590] GradDet(th=7.0,vf=0.07)+GradSplit(th=6.0,vf=0.07)                      | ✓ OK (30/30)
[1194/6590] GradDet(th=7.0,vf=0.07)+GradSplit(th=6.0,vf=0.08)                      | ✓ OK (30/30)
[1195/6590] GradDet(th=7.0,vf=0.07)+GradSplit(th=7.0,vf=0.03)                      | ✓ OK (30/30)
[1196/6590] GradDet(th=7.0,vf=0.07)+GradSplit(th=7.0,vf=0.04)                      | ✓ OK (30/30)
[1197/6590] GradDet(th=7.0,vf=0.07)+GradSplit(th=7.0,vf=0.05)                      | ✓ OK (30/30)
[1198/6590] GradDet(th=7.0,vf=0.07)+GradSplit(th=7.0,vf=0.06)                      | ✓ OK (30/30)
[1199/6590] GradDet(th=7.0,vf=0.07)+GradSplit(th=7.0,vf=0.07)                      | ✓ OK (30/30)
[1200/6590] GradDet(th=7.0,vf=0.07)+GradSplit(th=7.0,vf=0.08)                      | ✓ OK (30/30)
[1201/6590] GradDet(th=7.0,vf=0.07)+GradSplit(th=8.0,vf=0.03)                      | ✓ OK (30/30)
[1202/6590] GradDet(th=7.0,vf=0.07)+GradSplit(th=8.0,vf=0.04)                      | ✓ OK (30/30)
[1203/6590] GradDet(th=7.0,vf=0.07)+GradSplit(th=8.0,vf=0.05)                      | ✓ OK (30/30)
[1204/6590] GradDet(th=7.0,vf=0.07)+GradSplit(th=8.0,vf=0.06)                      | ✓ OK (30/30)
[1205/6590] GradDet(th=7.0,vf=0.07)+GradSplit(th=8.0,vf=0.07)                      | ✓ OK (30/30)
[1206/6590] GradDet(th=7.0,vf=0.07)+GradSplit(th=8.0,vf=0.08)                      | ✓ OK (30/30)
[1207/6590] GradDet(th=7.0,vf=0.07)+GradSplit(th=8.5,vf=0.03)                      | ✓ OK (30/30)
[1208/6590] GradDet(th=7.0,vf=0.07)+GradSplit(th=8.5,vf=0.04)                      | ✓ OK (30/30)
[1209/6590] GradDet(th=7.0,vf=0.07)+GradSplit(th=8.5,vf=0.05)                      | ✓ OK (30/30)
[1210/6590] GradDet(th=7.0,vf=0.07)+GradSplit(th=8.5,vf=0.06)                      | ✓ OK (30/30)
[1211/6590] GradDet(th=7.0,vf=0.07)+GradSplit(th=8.5,vf=0.07)                      | ✓ OK (30/30)
[1212/6590] GradDet(th=7.0,vf=0.07)+GradSplit(th=8.5,vf=0.08)                      | ✓ OK (30/30)
[1213/6590] GradDet(th=7.0,vf=0.07)+GradSplit(th=9.0,vf=0.03)                      | ✓ OK (30/30)
[1214/6590] GradDet(th=7.0,vf=0.07)+GradSplit(th=9.0,vf=0.04)                      | ✓ OK (30/30)
[1215/6590] GradDet(th=7.0,vf=0.07)+GradSplit(th=9.0,vf=0.05)                      | ✓ OK (30/30)
[1216/6590] GradDet(th=7.0,vf=0.07)+GradSplit(th=9.0,vf=0.06)                      | ✓ OK (30/30)
[1217/6590] GradDet(th=7.0,vf=0.07)+GradSplit(th=9.0,vf=0.07)                      | ✓ OK (30/30)
[1218/6590] GradDet(th=7.0,vf=0.07)+GradSplit(th=9.0,vf=0.08)                      | ✓ OK (30/30)
[1219/6590] GradDet(th=7.0,vf=0.07)+GradSplit(th=10.0,vf=0.03)                     | ✓ OK (30/30)
[1220/6590] GradDet(th=7.0,vf=0.07)+GradSplit(th=10.0,vf=0.04)                     | ✓ OK (30/30)
[1221/6590] GradDet(th=7.0,vf=0.07)+GradSplit(th=10.0,vf=0.05)                     | ✓ OK (30/30)
[1222/6590] GradDet(th=7.0,vf=0.07)+GradSplit(th=10.0,vf=0.06)                     | ✓ OK (30/30)
[1223/6590] GradDet(th=7.0,vf=0.07)+GradSplit(th=10.0,vf=0.07)                     | ✓ OK (30/30)
[1224/6590] GradDet(th=7.0,vf=0.07)+GradSplit(th=10.0,vf=0.08)                     | ✓ OK (30/30)
[1225/6590] GradDet(th=7.0,vf=0.07)+GradSplit(th=11.0,vf=0.03)                     | ✓ OK (30/30)
[1226/6590] GradDet(th=7.0,vf=0.07)+GradSplit(th=11.0,vf=0.04)                     | ✓ OK (30/30)
[1227/6590] GradDet(th=7.0,vf=0.07)+GradSplit(th=11.0,vf=0.05)                     | ✓ OK (30/30)
[1228/6590] GradDet(th=7.0,vf=0.07)+GradSplit(th=11.0,vf=0.06)                     | ✓ OK (30/30)
[1229/6590] GradDet(th=7.0,vf=0.07)+GradSplit(th=11.0,vf=0.07)                     | ✓ OK (30/30)
[1230/6590] GradDet(th=7.0,vf=0.07)+GradSplit(th=11.0,vf=0.08)                     | ✓ OK (30/30)
[1231/6590] GradDet(th=7.0,vf=0.07)+GradSplit(th=12.0,vf=0.03)                     | ✓ OK (30/30)
[1232/6590] GradDet(th=7.0,vf=0.07)+GradSplit(th=12.0,vf=0.04)                     | ✓ OK (30/30)
[1233/6590] GradDet(th=7.0,vf=0.07)+GradSplit(th=12.0,vf=0.05)                     | ✓ OK (30/30)
[1234/6590] GradDet(th=7.0,vf=0.07)+GradSplit(th=12.0,vf=0.06)                     | ✓ OK (30/30)
[1235/6590] GradDet(th=7.0,vf=0.07)+GradSplit(th=12.0,vf=0.07)                     | ✓ OK (30/30)
[1236/6590] GradDet(th=7.0,vf=0.07)+GradSplit(th=12.0,vf=0.08)                     | ✓ OK (30/30)
[1237/6590] GradDet(th=7.0,vf=0.07)+GradSplit(th=13.0,vf=0.03)                     | ✓ OK (30/30)
[1238/6590] GradDet(th=7.0,vf=0.07)+GradSplit(th=13.0,vf=0.04)                     | ✓ OK (30/30)
[1239/6590] GradDet(th=7.0,vf=0.07)+GradSplit(th=13.0,vf=0.05)                     | ✓ OK (30/30)
[1240/6590] GradDet(th=7.0,vf=0.07)+GradSplit(th=13.0,vf=0.06)                     | ✓ OK (30/30)
[1241/6590] GradDet(th=7.0,vf=0.07)+GradSplit(th=13.0,vf=0.07)                     | ✓ OK (30/30)
[1242/6590] GradDet(th=7.0,vf=0.07)+GradSplit(th=13.0,vf=0.08)                     | ✓ OK (30/30)
[1243/6590] GradDet(th=7.0,vf=0.08)+GradSplit(th=6.0,vf=0.03)                      | ✓ OK (30/30)
[1244/6590] GradDet(th=7.0,vf=0.08)+GradSplit(th=6.0,vf=0.04)                      | ✓ OK (30/30)
[1245/6590] GradDet(th=7.0,vf=0.08)+GradSplit(th=6.0,vf=0.05)                      | ✓ OK (30/30)
[1246/6590] GradDet(th=7.0,vf=0.08)+GradSplit(th=6.0,vf=0.06)                      | ✓ OK (30/30)
[1247/6590] GradDet(th=7.0,vf=0.08)+GradSplit(th=6.0,vf=0.07)                      | ✓ OK (30/30)
[1248/6590] GradDet(th=7.0,vf=0.08)+GradSplit(th=6.0,vf=0.08)                      | ✓ OK (30/30)
[1249/6590] GradDet(th=7.0,vf=0.08)+GradSplit(th=7.0,vf=0.03)                      | ✓ OK (30/30)
[1250/6590] GradDet(th=7.0,vf=0.08)+GradSplit(th=7.0,vf=0.04)                      | ✓ OK (30/30)
[1251/6590] GradDet(th=7.0,vf=0.08)+GradSplit(th=7.0,vf=0.05)                      | ✓ OK (30/30)
[1252/6590] GradDet(th=7.0,vf=0.08)+GradSplit(th=7.0,vf=0.06)                      | ✓ OK (30/30)
[1253/6590] GradDet(th=7.0,vf=0.08)+GradSplit(th=7.0,vf=0.07)                      | ✓ OK (30/30)
[1254/6590] GradDet(th=7.0,vf=0.08)+GradSplit(th=7.0,vf=0.08)                      | ✓ OK (30/30)
[1255/6590] GradDet(th=7.0,vf=0.08)+GradSplit(th=8.0,vf=0.03)                      | ✓ OK (30/30)
[1256/6590] GradDet(th=7.0,vf=0.08)+GradSplit(th=8.0,vf=0.04)                      | ✓ OK (30/30)
[1257/6590] GradDet(th=7.0,vf=0.08)+GradSplit(th=8.0,vf=0.05)                      | ✓ OK (30/30)
[1258/6590] GradDet(th=7.0,vf=0.08)+GradSplit(th=8.0,vf=0.06)                      | ✓ OK (30/30)
[1259/6590] GradDet(th=7.0,vf=0.08)+GradSplit(th=8.0,vf=0.07)                      | ✓ OK (30/30)
[1260/6590] GradDet(th=7.0,vf=0.08)+GradSplit(th=8.0,vf=0.08)                      | ✓ OK (30/30)
[1261/6590] GradDet(th=7.0,vf=0.08)+GradSplit(th=8.5,vf=0.03)                      | ✓ OK (30/30)
[1262/6590] GradDet(th=7.0,vf=0.08)+GradSplit(th=8.5,vf=0.04)                      | ✓ OK (30/30)
[1263/6590] GradDet(th=7.0,vf=0.08)+GradSplit(th=8.5,vf=0.05)                      | ✓ OK (30/30)
[1264/6590] GradDet(th=7.0,vf=0.08)+GradSplit(th=8.5,vf=0.06)                      | ✓ OK (30/30)
[1265/6590] GradDet(th=7.0,vf=0.08)+GradSplit(th=8.5,vf=0.07)                      | ✓ OK (30/30)
[1266/6590] GradDet(th=7.0,vf=0.08)+GradSplit(th=8.5,vf=0.08)                      | ✓ OK (30/30)
[1267/6590] GradDet(th=7.0,vf=0.08)+GradSplit(th=9.0,vf=0.03)                      | ✓ OK (30/30)
[1268/6590] GradDet(th=7.0,vf=0.08)+GradSplit(th=9.0,vf=0.04)                      | ✓ OK (30/30)
[1269/6590] GradDet(th=7.0,vf=0.08)+GradSplit(th=9.0,vf=0.05)                      | ✓ OK (30/30)
[1270/6590] GradDet(th=7.0,vf=0.08)+GradSplit(th=9.0,vf=0.06)                      | ✓ OK (30/30)
[1271/6590] GradDet(th=7.0,vf=0.08)+GradSplit(th=9.0,vf=0.07)                      | ✓ OK (30/30)
[1272/6590] GradDet(th=7.0,vf=0.08)+GradSplit(th=9.0,vf=0.08)                      | ✓ OK (30/30)
[1273/6590] GradDet(th=7.0,vf=0.08)+GradSplit(th=10.0,vf=0.03)                     | ✓ OK (30/30)
[1274/6590] GradDet(th=7.0,vf=0.08)+GradSplit(th=10.0,vf=0.04)                     | ✓ OK (30/30)
[1275/6590] GradDet(th=7.0,vf=0.08)+GradSplit(th=10.0,vf=0.05)                     | ✓ OK (30/30)
[1276/6590] GradDet(th=7.0,vf=0.08)+GradSplit(th=10.0,vf=0.06)                     | ✓ OK (30/30)
[1277/6590] GradDet(th=7.0,vf=0.08)+GradSplit(th=10.0,vf=0.07)                     | ✓ OK (30/30)
[1278/6590] GradDet(th=7.0,vf=0.08)+GradSplit(th=10.0,vf=0.08)                     | ✓ OK (30/30)
[1279/6590] GradDet(th=7.0,vf=0.08)+GradSplit(th=11.0,vf=0.03)                     | ✓ OK (30/30)
[1280/6590] GradDet(th=7.0,vf=0.08)+GradSplit(th=11.0,vf=0.04)                     | ✓ OK (30/30)
[1281/6590] GradDet(th=7.0,vf=0.08)+GradSplit(th=11.0,vf=0.05)                     | ✓ OK (30/30)
[1282/6590] GradDet(th=7.0,vf=0.08)+GradSplit(th=11.0,vf=0.06)                     | ✓ OK (30/30)
[1283/6590] GradDet(th=7.0,vf=0.08)+GradSplit(th=11.0,vf=0.07)                     | ✓ OK (30/30)
[1284/6590] GradDet(th=7.0,vf=0.08)+GradSplit(th=11.0,vf=0.08)                     | ✓ OK (30/30)
[1285/6590] GradDet(th=7.0,vf=0.08)+GradSplit(th=12.0,vf=0.03)                     | ✓ OK (30/30)
[1286/6590] GradDet(th=7.0,vf=0.08)+GradSplit(th=12.0,vf=0.04)                     | ✓ OK (30/30)
[1287/6590] GradDet(th=7.0,vf=0.08)+GradSplit(th=12.0,vf=0.05)                     | ✓ OK (30/30)
[1288/6590] GradDet(th=7.0,vf=0.08)+GradSplit(th=12.0,vf=0.06)                     | ✓ OK (30/30)
[1289/6590] GradDet(th=7.0,vf=0.08)+GradSplit(th=12.0,vf=0.07)                     | ✓ OK (30/30)
[1290/6590] GradDet(th=7.0,vf=0.08)+GradSplit(th=12.0,vf=0.08)                     | ✓ OK (30/30)
[1291/6590] GradDet(th=7.0,vf=0.08)+GradSplit(th=13.0,vf=0.03)                     | ✓ OK (30/30)
[1292/6590] GradDet(th=7.0,vf=0.08)+GradSplit(th=13.0,vf=0.04)                     | ✓ OK (30/30)
[1293/6590] GradDet(th=7.0,vf=0.08)+GradSplit(th=13.0,vf=0.05)                     | ✓ OK (30/30)
[1294/6590] GradDet(th=7.0,vf=0.08)+GradSplit(th=13.0,vf=0.06)                     | ✓ OK (30/30)
[1295/6590] GradDet(th=7.0,vf=0.08)+GradSplit(th=13.0,vf=0.07)                     | ✓ OK (30/30)
[1296/6590] GradDet(th=7.0,vf=0.08)+GradSplit(th=13.0,vf=0.08)                     | ✓ OK (30/30)
[1297/6590] GradDet(th=7.5,vf=0.03)+GradSplit(th=6.0,vf=0.03)                      | ✓ OK (30/30)
[1298/6590] GradDet(th=7.5,vf=0.03)+GradSplit(th=6.0,vf=0.04)                      | ✓ OK (30/30)
[1299/6590] GradDet(th=7.5,vf=0.03)+GradSplit(th=6.0,vf=0.05)                      | ✓ OK (30/30)
[1300/6590] GradDet(th=7.5,vf=0.03)+GradSplit(th=6.0,vf=0.06)                      | ✓ OK (30/30)
[1301/6590] GradDet(th=7.5,vf=0.03)+GradSplit(th=6.0,vf=0.07)                      | ✓ OK (30/30)
[1302/6590] GradDet(th=7.5,vf=0.03)+GradSplit(th=6.0,vf=0.08)                      | ✓ OK (30/30)
[1303/6590] GradDet(th=7.5,vf=0.03)+GradSplit(th=7.0,vf=0.03)                      | ✓ OK (30/30)
[1304/6590] GradDet(th=7.5,vf=0.03)+GradSplit(th=7.0,vf=0.04)                      | ✓ OK (30/30)
[1305/6590] GradDet(th=7.5,vf=0.03)+GradSplit(th=7.0,vf=0.05)                      | ✓ OK (30/30)
[1306/6590] GradDet(th=7.5,vf=0.03)+GradSplit(th=7.0,vf=0.06)                      | ✓ OK (30/30)
[1307/6590] GradDet(th=7.5,vf=0.03)+GradSplit(th=7.0,vf=0.07)                      | ✓ OK (30/30)
[1308/6590] GradDet(th=7.5,vf=0.03)+GradSplit(th=7.0,vf=0.08)                      | ✓ OK (30/30)
[1309/6590] GradDet(th=7.5,vf=0.03)+GradSplit(th=8.0,vf=0.03)                      | ✓ OK (30/30)
[1310/6590] GradDet(th=7.5,vf=0.03)+GradSplit(th=8.0,vf=0.04)                      | ✓ OK (30/30)
[1311/6590] GradDet(th=7.5,vf=0.03)+GradSplit(th=8.0,vf=0.05)                      | ✓ OK (30/30)
[1312/6590] GradDet(th=7.5,vf=0.03)+GradSplit(th=8.0,vf=0.06)                      | ✓ OK (30/30)
[1313/6590] GradDet(th=7.5,vf=0.03)+GradSplit(th=8.0,vf=0.07)                      | ✓ OK (30/30)
[1314/6590] GradDet(th=7.5,vf=0.03)+GradSplit(th=8.0,vf=0.08)                      | ✓ OK (30/30)
[1315/6590] GradDet(th=7.5,vf=0.03)+GradSplit(th=8.5,vf=0.03)                      | ✓ OK (30/30)
[1316/6590] GradDet(th=7.5,vf=0.03)+GradSplit(th=8.5,vf=0.04)                      | ✓ OK (30/30)
[1317/6590] GradDet(th=7.5,vf=0.03)+GradSplit(th=8.5,vf=0.05)                      | ✓ OK (30/30)
[1318/6590] GradDet(th=7.5,vf=0.03)+GradSplit(th=8.5,vf=0.06)                      | ✓ OK (30/30)
[1319/6590] GradDet(th=7.5,vf=0.03)+GradSplit(th=8.5,vf=0.07)                      | ✓ OK (30/30)
[1320/6590] GradDet(th=7.5,vf=0.03)+GradSplit(th=8.5,vf=0.08)                      | ✓ OK (30/30)
[1321/6590] GradDet(th=7.5,vf=0.03)+GradSplit(th=9.0,vf=0.03)                      | ✓ OK (30/30)
[1322/6590] GradDet(th=7.5,vf=0.03)+GradSplit(th=9.0,vf=0.04)                      | ✓ OK (30/30)
[1323/6590] GradDet(th=7.5,vf=0.03)+GradSplit(th=9.0,vf=0.05)                      | ✓ OK (30/30)
[1324/6590] GradDet(th=7.5,vf=0.03)+GradSplit(th=9.0,vf=0.06)                      | ✓ OK (30/30)
[1325/6590] GradDet(th=7.5,vf=0.03)+GradSplit(th=9.0,vf=0.07)                      | ✓ OK (30/30)
[1326/6590] GradDet(th=7.5,vf=0.03)+GradSplit(th=9.0,vf=0.08)                      | ✓ OK (30/30)
[1327/6590] GradDet(th=7.5,vf=0.03)+GradSplit(th=10.0,vf=0.03)                     | ✓ OK (30/30)
[1328/6590] GradDet(th=7.5,vf=0.03)+GradSplit(th=10.0,vf=0.04)                     | ✓ OK (30/30)
[1329/6590] GradDet(th=7.5,vf=0.03)+GradSplit(th=10.0,vf=0.05)                     | ✓ OK (30/30)
[1330/6590] GradDet(th=7.5,vf=0.03)+GradSplit(th=10.0,vf=0.06)                     | ✓ OK (30/30)
[1331/6590] GradDet(th=7.5,vf=0.03)+GradSplit(th=10.0,vf=0.07)                     | ✓ OK (30/30)
[1332/6590] GradDet(th=7.5,vf=0.03)+GradSplit(th=10.0,vf=0.08)                     | ✓ OK (30/30)
[1333/6590] GradDet(th=7.5,vf=0.03)+GradSplit(th=11.0,vf=0.03)                     | ✓ OK (30/30)
[1334/6590] GradDet(th=7.5,vf=0.03)+GradSplit(th=11.0,vf=0.04)                     | ✓ OK (30/30)
[1335/6590] GradDet(th=7.5,vf=0.03)+GradSplit(th=11.0,vf=0.05)                     | ✓ OK (30/30)
[1336/6590] GradDet(th=7.5,vf=0.03)+GradSplit(th=11.0,vf=0.06)                     | ✓ OK (30/30)
[1337/6590] GradDet(th=7.5,vf=0.03)+GradSplit(th=11.0,vf=0.07)                     | ✓ OK (30/30)
[1338/6590] GradDet(th=7.5,vf=0.03)+GradSplit(th=11.0,vf=0.08)                     | ✓ OK (30/30)
[1339/6590] GradDet(th=7.5,vf=0.03)+GradSplit(th=12.0,vf=0.03)                     | ✓ OK (30/30)
[1340/6590] GradDet(th=7.5,vf=0.03)+GradSplit(th=12.0,vf=0.04)                     | ✓ OK (30/30)
[1341/6590] GradDet(th=7.5,vf=0.03)+GradSplit(th=12.0,vf=0.05)                     | ✓ OK (30/30)
[1342/6590] GradDet(th=7.5,vf=0.03)+GradSplit(th=12.0,vf=0.06)                     | ✓ OK (30/30)
[1343/6590] GradDet(th=7.5,vf=0.03)+GradSplit(th=12.0,vf=0.07)                     | ✓ OK (30/30)
[1344/6590] GradDet(th=7.5,vf=0.03)+GradSplit(th=12.0,vf=0.08)                     | ✓ OK (30/30)
[1345/6590] GradDet(th=7.5,vf=0.03)+GradSplit(th=13.0,vf=0.03)                     | ✓ OK (30/30)
[1346/6590] GradDet(th=7.5,vf=0.03)+GradSplit(th=13.0,vf=0.04)                     | ✓ OK (30/30)
[1347/6590] GradDet(th=7.5,vf=0.03)+GradSplit(th=13.0,vf=0.05)                     | ✓ OK (30/30)
[1348/6590] GradDet(th=7.5,vf=0.03)+GradSplit(th=13.0,vf=0.06)                     | ✓ OK (30/30)
[1349/6590] GradDet(th=7.5,vf=0.03)+GradSplit(th=13.0,vf=0.07)                     | ✓ OK (30/30)
[1350/6590] GradDet(th=7.5,vf=0.03)+GradSplit(th=13.0,vf=0.08)                     | ✓ OK (30/30)
[1351/6590] GradDet(th=7.5,vf=0.04)+GradSplit(th=6.0,vf=0.03)                      | ✓ OK (30/30)
[1352/6590] GradDet(th=7.5,vf=0.04)+GradSplit(th=6.0,vf=0.04)                      | ✓ OK (30/30)
[1353/6590] GradDet(th=7.5,vf=0.04)+GradSplit(th=6.0,vf=0.05)                      | ✓ OK (30/30)
[1354/6590] GradDet(th=7.5,vf=0.04)+GradSplit(th=6.0,vf=0.06)                      | ✓ OK (30/30)
[1355/6590] GradDet(th=7.5,vf=0.04)+GradSplit(th=6.0,vf=0.07)                      | ✓ OK (30/30)
[1356/6590] GradDet(th=7.5,vf=0.04)+GradSplit(th=6.0,vf=0.08)                      | ✓ OK (30/30)
[1357/6590] GradDet(th=7.5,vf=0.04)+GradSplit(th=7.0,vf=0.03)                      | ✓ OK (30/30)
[1358/6590] GradDet(th=7.5,vf=0.04)+GradSplit(th=7.0,vf=0.04)                      | ✓ OK (30/30)
[1359/6590] GradDet(th=7.5,vf=0.04)+GradSplit(th=7.0,vf=0.05)                      | ✓ OK (30/30)
[1360/6590] GradDet(th=7.5,vf=0.04)+GradSplit(th=7.0,vf=0.06)                      | ✓ OK (30/30)
[1361/6590] GradDet(th=7.5,vf=0.04)+GradSplit(th=7.0,vf=0.07)                      | ✓ OK (30/30)
[1362/6590] GradDet(th=7.5,vf=0.04)+GradSplit(th=7.0,vf=0.08)                      | ✓ OK (30/30)
[1363/6590] GradDet(th=7.5,vf=0.04)+GradSplit(th=8.0,vf=0.03)                      | ✓ OK (30/30)
[1364/6590] GradDet(th=7.5,vf=0.04)+GradSplit(th=8.0,vf=0.04)                      | ✓ OK (30/30)
[1365/6590] GradDet(th=7.5,vf=0.04)+GradSplit(th=8.0,vf=0.05)                      | ✓ OK (30/30)
[1366/6590] GradDet(th=7.5,vf=0.04)+GradSplit(th=8.0,vf=0.06)                      | ✓ OK (30/30)
[1367/6590] GradDet(th=7.5,vf=0.04)+GradSplit(th=8.0,vf=0.07)                      | ✓ OK (30/30)
[1368/6590] GradDet(th=7.5,vf=0.04)+GradSplit(th=8.0,vf=0.08)                      | ✓ OK (30/30)
[1369/6590] GradDet(th=7.5,vf=0.04)+GradSplit(th=8.5,vf=0.03)                      | ✓ OK (30/30)
[1370/6590] GradDet(th=7.5,vf=0.04)+GradSplit(th=8.5,vf=0.04)                      | ✓ OK (30/30)
[1371/6590] GradDet(th=7.5,vf=0.04)+GradSplit(th=8.5,vf=0.05)                      | ✓ OK (30/30)
[1372/6590] GradDet(th=7.5,vf=0.04)+GradSplit(th=8.5,vf=0.06)                      | ✓ OK (30/30)
[1373/6590] GradDet(th=7.5,vf=0.04)+GradSplit(th=8.5,vf=0.07)                      | ✓ OK (30/30)
[1374/6590] GradDet(th=7.5,vf=0.04)+GradSplit(th=8.5,vf=0.08)                      | ✓ OK (30/30)
[1375/6590] GradDet(th=7.5,vf=0.04)+GradSplit(th=9.0,vf=0.03)                      | ✓ OK (30/30)
[1376/6590] GradDet(th=7.5,vf=0.04)+GradSplit(th=9.0,vf=0.04)                      | ✓ OK (30/30)
[1377/6590] GradDet(th=7.5,vf=0.04)+GradSplit(th=9.0,vf=0.05)                      | ✓ OK (30/30)
[1378/6590] GradDet(th=7.5,vf=0.04)+GradSplit(th=9.0,vf=0.06)                      | ✓ OK (30/30)
[1379/6590] GradDet(th=7.5,vf=0.04)+GradSplit(th=9.0,vf=0.07)                      | ✓ OK (30/30)
[1380/6590] GradDet(th=7.5,vf=0.04)+GradSplit(th=9.0,vf=0.08)                      | ✓ OK (30/30)
[1381/6590] GradDet(th=7.5,vf=0.04)+GradSplit(th=10.0,vf=0.03)                     | ✓ OK (30/30)
[1382/6590] GradDet(th=7.5,vf=0.04)+GradSplit(th=10.0,vf=0.04)                     | ✓ OK (30/30)
[1383/6590] GradDet(th=7.5,vf=0.04)+GradSplit(th=10.0,vf=0.05)                     | ✓ OK (30/30)
[1384/6590] GradDet(th=7.5,vf=0.04)+GradSplit(th=10.0,vf=0.06)                     | ✓ OK (30/30)
[1385/6590] GradDet(th=7.5,vf=0.04)+GradSplit(th=10.0,vf=0.07)                     | ✓ OK (30/30)
[1386/6590] GradDet(th=7.5,vf=0.04)+GradSplit(th=10.0,vf=0.08)                     | ✓ OK (30/30)
[1387/6590] GradDet(th=7.5,vf=0.04)+GradSplit(th=11.0,vf=0.03)                     | ✓ OK (30/30)
[1388/6590] GradDet(th=7.5,vf=0.04)+GradSplit(th=11.0,vf=0.04)                     | ✓ OK (30/30)
[1389/6590] GradDet(th=7.5,vf=0.04)+GradSplit(th=11.0,vf=0.05)                     | ✓ OK (30/30)
[1390/6590] GradDet(th=7.5,vf=0.04)+GradSplit(th=11.0,vf=0.06)                     | ✓ OK (30/30)
[1391/6590] GradDet(th=7.5,vf=0.04)+GradSplit(th=11.0,vf=0.07)                     | ✓ OK (30/30)
[1392/6590] GradDet(th=7.5,vf=0.04)+GradSplit(th=11.0,vf=0.08)                     | ✓ OK (30/30)
[1393/6590] GradDet(th=7.5,vf=0.04)+GradSplit(th=12.0,vf=0.03)                     | ✓ OK (30/30)
[1394/6590] GradDet(th=7.5,vf=0.04)+GradSplit(th=12.0,vf=0.04)                     | ✓ OK (30/30)
[1395/6590] GradDet(th=7.5,vf=0.04)+GradSplit(th=12.0,vf=0.05)                     | ✓ OK (30/30)
[1396/6590] GradDet(th=7.5,vf=0.04)+GradSplit(th=12.0,vf=0.06)                     | ✓ OK (30/30)
[1397/6590] GradDet(th=7.5,vf=0.04)+GradSplit(th=12.0,vf=0.07)                     | ✓ OK (30/30)
[1398/6590] GradDet(th=7.5,vf=0.04)+GradSplit(th=12.0,vf=0.08)                     | ✓ OK (30/30)
[1399/6590] GradDet(th=7.5,vf=0.04)+GradSplit(th=13.0,vf=0.03)                     | ✓ OK (30/30)
[1400/6590] GradDet(th=7.5,vf=0.04)+GradSplit(th=13.0,vf=0.04)                     | ✓ OK (30/30)
[1401/6590] GradDet(th=7.5,vf=0.04)+GradSplit(th=13.0,vf=0.05)                     | ✓ OK (30/30)
[1402/6590] GradDet(th=7.5,vf=0.04)+GradSplit(th=13.0,vf=0.06)                     | ✓ OK (30/30)
[1403/6590] GradDet(th=7.5,vf=0.04)+GradSplit(th=13.0,vf=0.07)                     | ✓ OK (30/30)
[1404/6590] GradDet(th=7.5,vf=0.04)+GradSplit(th=13.0,vf=0.08)                     | ✓ OK (30/30)
[1405/6590] GradDet(th=7.5,vf=0.05)+GradSplit(th=6.0,vf=0.03)                      | ✗ 1 fail
           └─ Failures: 00017(pred:horizontal,gt:single)
[1406/6590] GradDet(th=7.5,vf=0.05)+GradSplit(th=6.0,vf=0.04)                      | ✗ 1 fail
           └─ Failures: 00017(pred:horizontal,gt:single)
[1407/6590] GradDet(th=7.5,vf=0.05)+GradSplit(th=6.0,vf=0.05)                      | ✗ 1 fail
           └─ Failures: 00017(pred:horizontal,gt:single)
[1408/6590] GradDet(th=7.5,vf=0.05)+GradSplit(th=6.0,vf=0.06)                      | ✗ 1 fail
           └─ Failures: 00017(pred:horizontal,gt:single)
[1409/6590] GradDet(th=7.5,vf=0.05)+GradSplit(th=6.0,vf=0.07)                      | ✗ 1 fail
           └─ Failures: 00017(pred:horizontal,gt:single)
[1410/6590] GradDet(th=7.5,vf=0.05)+GradSplit(th=6.0,vf=0.08)                      | ✗ 1 fail
           └─ Failures: 00017(pred:horizontal,gt:single)
[1411/6590] GradDet(th=7.5,vf=0.05)+GradSplit(th=7.0,vf=0.03)                      | ✗ 1 fail
           └─ Failures: 00017(pred:horizontal,gt:single)
[1412/6590] GradDet(th=7.5,vf=0.05)+GradSplit(th=7.0,vf=0.04)                      | ✗ 1 fail
           └─ Failures: 00017(pred:horizontal,gt:single)
[1413/6590] GradDet(th=7.5,vf=0.05)+GradSplit(th=7.0,vf=0.05)                      | ✗ 1 fail
           └─ Failures: 00017(pred:horizontal,gt:single)
[1414/6590] GradDet(th=7.5,vf=0.05)+GradSplit(th=7.0,vf=0.06)                      | ✗ 1 fail
           └─ Failures: 00017(pred:horizontal,gt:single)
[1415/6590] GradDet(th=7.5,vf=0.05)+GradSplit(th=7.0,vf=0.07)                      | ✗ 1 fail
           └─ Failures: 00017(pred:horizontal,gt:single)
[1416/6590] GradDet(th=7.5,vf=0.05)+GradSplit(th=7.0,vf=0.08)                      | ✗ 1 fail
           └─ Failures: 00017(pred:horizontal,gt:single)
[1417/6590] GradDet(th=7.5,vf=0.05)+GradSplit(th=8.0,vf=0.03)                      | ✗ 1 fail
           └─ Failures: 00017(pred:horizontal,gt:single)
[1418/6590] GradDet(th=7.5,vf=0.05)+GradSplit(th=8.0,vf=0.04)                      | ✗ 1 fail
           └─ Failures: 00017(pred:horizontal,gt:single)
[1419/6590] GradDet(th=7.5,vf=0.05)+GradSplit(th=8.0,vf=0.05)                      | ✗ 1 fail
           └─ Failures: 00017(pred:horizontal,gt:single)
[1420/6590] GradDet(th=7.5,vf=0.05)+GradSplit(th=8.0,vf=0.06)                      | ✗ 1 fail
           └─ Failures: 00017(pred:horizontal,gt:single)
[1421/6590] GradDet(th=7.5,vf=0.05)+GradSplit(th=8.0,vf=0.07)                      | ✗ 1 fail
           └─ Failures: 00017(pred:horizontal,gt:single)
[1422/6590] GradDet(th=7.5,vf=0.05)+GradSplit(th=8.0,vf=0.08)                      | ✗ 1 fail
           └─ Failures: 00017(pred:horizontal,gt:single)
[1423/6590] GradDet(th=7.5,vf=0.05)+GradSplit(th=8.5,vf=0.03)                      | ✗ 1 fail
           └─ Failures: 00017(pred:horizontal,gt:single)
[1424/6590] GradDet(th=7.5,vf=0.05)+GradSplit(th=8.5,vf=0.04)                      | ✗ 1 fail
           └─ Failures: 00017(pred:horizontal,gt:single)
[1425/6590] GradDet(th=7.5,vf=0.05)+GradSplit(th=8.5,vf=0.05)                      | ✗ 1 fail
           └─ Failures: 00017(pred:horizontal,gt:single)
[1426/6590] GradDet(th=7.5,vf=0.05)+GradSplit(th=8.5,vf=0.06)                      | ✗ 1 fail
           └─ Failures: 00017(pred:horizontal,gt:single)
[1427/6590] GradDet(th=7.5,vf=0.05)+GradSplit(th=8.5,vf=0.07)                      | ✗ 1 fail
           └─ Failures: 00017(pred:horizontal,gt:single)
[1428/6590] GradDet(th=7.5,vf=0.05)+GradSplit(th=8.5,vf=0.08)                      | ✗ 1 fail
           └─ Failures: 00017(pred:horizontal,gt:single)
[1429/6590] GradDet(th=7.5,vf=0.05)+GradSplit(th=9.0,vf=0.03)                      | ✗ 1 fail
           └─ Failures: 00017(pred:horizontal,gt:single)
[1430/6590] GradDet(th=7.5,vf=0.05)+GradSplit(th=9.0,vf=0.04)                      | ✗ 1 fail
           └─ Failures: 00017(pred:horizontal,gt:single)
[1431/6590] GradDet(th=7.5,vf=0.05)+GradSplit(th=9.0,vf=0.05)                      | ✗ 1 fail
           └─ Failures: 00017(pred:horizontal,gt:single)
[1432/6590] GradDet(th=7.5,vf=0.05)+GradSplit(th=9.0,vf=0.06)                      | ✗ 1 fail
           └─ Failures: 00017(pred:horizontal,gt:single)
[1433/6590] GradDet(th=7.5,vf=0.05)+GradSplit(th=9.0,vf=0.07)                      | ✗ 1 fail
           └─ Failures: 00017(pred:horizontal,gt:single)
[1434/6590] GradDet(th=7.5,vf=0.05)+GradSplit(th=9.0,vf=0.08)                      | ✗ 1 fail
           └─ Failures: 00017(pred:horizontal,gt:single)
[1435/6590] GradDet(th=7.5,vf=0.05)+GradSplit(th=10.0,vf=0.03)                     | ✗ 1 fail
           └─ Failures: 00017(pred:horizontal,gt:single)
[1436/6590] GradDet(th=7.5,vf=0.05)+GradSplit(th=10.0,vf=0.04)                     | ✗ 1 fail
           └─ Failures: 00017(pred:horizontal,gt:single)
[1437/6590] GradDet(th=7.5,vf=0.05)+GradSplit(th=10.0,vf=0.05)                     | ✗ 1 fail
           └─ Failures: 00017(pred:horizontal,gt:single)
[1438/6590] GradDet(th=7.5,vf=0.05)+GradSplit(th=10.0,vf=0.06)                     | ✗ 1 fail
           └─ Failures: 00017(pred:horizontal,gt:single)
[1439/6590] GradDet(th=7.5,vf=0.05)+GradSplit(th=10.0,vf=0.07)                     | ✗ 1 fail
           └─ Failures: 00017(pred:horizontal,gt:single)
[1440/6590] GradDet(th=7.5,vf=0.05)+GradSplit(th=10.0,vf=0.08)                     | ✗ 1 fail
           └─ Failures: 00017(pred:horizontal,gt:single)
[1441/6590] GradDet(th=7.5,vf=0.05)+GradSplit(th=11.0,vf=0.03)                     | ✗ 1 fail
           └─ Failures: 00017(pred:horizontal,gt:single)
[1442/6590] GradDet(th=7.5,vf=0.05)+GradSplit(th=11.0,vf=0.04)                     | ✗ 1 fail
           └─ Failures: 00017(pred:horizontal,gt:single)
[1443/6590] GradDet(th=7.5,vf=0.05)+GradSplit(th=11.0,vf=0.05)                     | ✗ 1 fail
           └─ Failures: 00017(pred:horizontal,gt:single)
[1444/6590] GradDet(th=7.5,vf=0.05)+GradSplit(th=11.0,vf=0.06)                     | ✗ 1 fail
           └─ Failures: 00017(pred:horizontal,gt:single)
[1445/6590] GradDet(th=7.5,vf=0.05)+GradSplit(th=11.0,vf=0.07)                     | ✗ 1 fail
           └─ Failures: 00017(pred:horizontal,gt:single)
[1446/6590] GradDet(th=7.5,vf=0.05)+GradSplit(th=11.0,vf=0.08)                     | ✗ 1 fail
           └─ Failures: 00017(pred:horizontal,gt:single)
[1447/6590] GradDet(th=7.5,vf=0.05)+GradSplit(th=12.0,vf=0.03)                     | ✗ 1 fail
           └─ Failures: 00017(pred:horizontal,gt:single)
[1448/6590] GradDet(th=7.5,vf=0.05)+GradSplit(th=12.0,vf=0.04)                     | ✗ 1 fail
           └─ Failures: 00017(pred:horizontal,gt:single)
[1449/6590] GradDet(th=7.5,vf=0.05)+GradSplit(th=12.0,vf=0.05)                     | ✗ 1 fail
           └─ Failures: 00017(pred:horizontal,gt:single)
[1450/6590] GradDet(th=7.5,vf=0.05)+GradSplit(th=12.0,vf=0.06)                     | ✗ 1 fail
           └─ Failures: 00017(pred:horizontal,gt:single)
[1451/6590] GradDet(th=7.5,vf=0.05)+GradSplit(th=12.0,vf=0.07)                     | ✗ 1 fail
           └─ Failures: 00017(pred:horizontal,gt:single)
[1452/6590] GradDet(th=7.5,vf=0.05)+GradSplit(th=12.0,vf=0.08)                     | ✗ 1 fail
           └─ Failures: 00017(pred:horizontal,gt:single)
[1453/6590] GradDet(th=7.5,vf=0.05)+GradSplit(th=13.0,vf=0.03)                     | ✗ 1 fail
           └─ Failures: 00017(pred:horizontal,gt:single)
[1454/6590] GradDet(th=7.5,vf=0.05)+GradSplit(th=13.0,vf=0.04)                     | ✗ 1 fail
           └─ Failures: 00017(pred:horizontal,gt:single)
[1455/6590] GradDet(th=7.5,vf=0.05)+GradSplit(th=13.0,vf=0.05)                     | ✗ 1 fail
           └─ Failures: 00017(pred:horizontal,gt:single)
[1456/6590] GradDet(th=7.5,vf=0.05)+GradSplit(th=13.0,vf=0.06)                     | ✗ 1 fail
           └─ Failures: 00017(pred:horizontal,gt:single)
[1457/6590] GradDet(th=7.5,vf=0.05)+GradSplit(th=13.0,vf=0.07)                     | ✗ 1 fail
           └─ Failures: 00017(pred:horizontal,gt:single)
[1458/6590] GradDet(th=7.5,vf=0.05)+GradSplit(th=13.0,vf=0.08)                     | ✗ 1 fail
           └─ Failures: 00017(pred:horizontal,gt:single)
[1459/6590] GradDet(th=7.5,vf=0.06)+GradSplit(th=6.0,vf=0.03)                      | ✓ OK (30/30)
[1460/6590] GradDet(th=7.5,vf=0.06)+GradSplit(th=6.0,vf=0.04)                      | ✓ OK (30/30)
[1461/6590] GradDet(th=7.5,vf=0.06)+GradSplit(th=6.0,vf=0.05)                      | ✓ OK (30/30)
[1462/6590] GradDet(th=7.5,vf=0.06)+GradSplit(th=6.0,vf=0.06)                      | ✓ OK (30/30)
[1463/6590] GradDet(th=7.5,vf=0.06)+GradSplit(th=6.0,vf=0.07)                      | ✓ OK (30/30)
[1464/6590] GradDet(th=7.5,vf=0.06)+GradSplit(th=6.0,vf=0.08)                      | ✓ OK (30/30)
[1465/6590] GradDet(th=7.5,vf=0.06)+GradSplit(th=7.0,vf=0.03)                      | ✓ OK (30/30)
[1466/6590] GradDet(th=7.5,vf=0.06)+GradSplit(th=7.0,vf=0.04)                      | ✓ OK (30/30)
[1467/6590] GradDet(th=7.5,vf=0.06)+GradSplit(th=7.0,vf=0.05)                      | ✓ OK (30/30)
[1468/6590] GradDet(th=7.5,vf=0.06)+GradSplit(th=7.0,vf=0.06)                      | ✓ OK (30/30)
[1469/6590] GradDet(th=7.5,vf=0.06)+GradSplit(th=7.0,vf=0.07)                      | ✓ OK (30/30)
[1470/6590] GradDet(th=7.5,vf=0.06)+GradSplit(th=7.0,vf=0.08)                      | ✓ OK (30/30)
[1471/6590] GradDet(th=7.5,vf=0.06)+GradSplit(th=8.0,vf=0.03)                      | ✓ OK (30/30)
[1472/6590] GradDet(th=7.5,vf=0.06)+GradSplit(th=8.0,vf=0.04)                      | ✓ OK (30/30)
[1473/6590] GradDet(th=7.5,vf=0.06)+GradSplit(th=8.0,vf=0.05)                      | ✓ OK (30/30)
[1474/6590] GradDet(th=7.5,vf=0.06)+GradSplit(th=8.0,vf=0.06)                      | ✓ OK (30/30)
[1475/6590] GradDet(th=7.5,vf=0.06)+GradSplit(th=8.0,vf=0.07)                      | ✓ OK (30/30)
[1476/6590] GradDet(th=7.5,vf=0.06)+GradSplit(th=8.0,vf=0.08)                      | ✓ OK (30/30)
[1477/6590] GradDet(th=7.5,vf=0.06)+GradSplit(th=8.5,vf=0.03)                      | ✓ OK (30/30)
[1478/6590] GradDet(th=7.5,vf=0.06)+GradSplit(th=8.5,vf=0.04)                      | ✓ OK (30/30)
[1479/6590] GradDet(th=7.5,vf=0.06)+GradSplit(th=8.5,vf=0.05)                      | ✓ OK (30/30)
[1480/6590] GradDet(th=7.5,vf=0.06)+GradSplit(th=8.5,vf=0.06)                      | ✓ OK (30/30)
[1481/6590] GradDet(th=7.5,vf=0.06)+GradSplit(th=8.5,vf=0.07)                      | ✓ OK (30/30)
[1482/6590] GradDet(th=7.5,vf=0.06)+GradSplit(th=8.5,vf=0.08)                      | ✓ OK (30/30)
[1483/6590] GradDet(th=7.5,vf=0.06)+GradSplit(th=9.0,vf=0.03)                      | ✓ OK (30/30)
[1484/6590] GradDet(th=7.5,vf=0.06)+GradSplit(th=9.0,vf=0.04)                      | ✓ OK (30/30)
[1485/6590] GradDet(th=7.5,vf=0.06)+GradSplit(th=9.0,vf=0.05)                      | ✓ OK (30/30)
[1486/6590] GradDet(th=7.5,vf=0.06)+GradSplit(th=9.0,vf=0.06)                      | ✓ OK (30/30)
[1487/6590] GradDet(th=7.5,vf=0.06)+GradSplit(th=9.0,vf=0.07)                      | ✓ OK (30/30)
[1488/6590] GradDet(th=7.5,vf=0.06)+GradSplit(th=9.0,vf=0.08)                      | ✓ OK (30/30)
[1489/6590] GradDet(th=7.5,vf=0.06)+GradSplit(th=10.0,vf=0.03)                     | ✓ OK (30/30)
[1490/6590] GradDet(th=7.5,vf=0.06)+GradSplit(th=10.0,vf=0.04)                     | ✓ OK (30/30)
[1491/6590] GradDet(th=7.5,vf=0.06)+GradSplit(th=10.0,vf=0.05)                     | ✓ OK (30/30)
[1492/6590] GradDet(th=7.5,vf=0.06)+GradSplit(th=10.0,vf=0.06)                     | ✓ OK (30/30)
[1493/6590] GradDet(th=7.5,vf=0.06)+GradSplit(th=10.0,vf=0.07)                     | ✓ OK (30/30)
[1494/6590] GradDet(th=7.5,vf=0.06)+GradSplit(th=10.0,vf=0.08)                     | ✓ OK (30/30)
[1495/6590] GradDet(th=7.5,vf=0.06)+GradSplit(th=11.0,vf=0.03)                     | ✓ OK (30/30)
[1496/6590] GradDet(th=7.5,vf=0.06)+GradSplit(th=11.0,vf=0.04)                     | ✓ OK (30/30)
[1497/6590] GradDet(th=7.5,vf=0.06)+GradSplit(th=11.0,vf=0.05)                     | ✓ OK (30/30)
[1498/6590] GradDet(th=7.5,vf=0.06)+GradSplit(th=11.0,vf=0.06)                     | ✓ OK (30/30)
[1499/6590] GradDet(th=7.5,vf=0.06)+GradSplit(th=11.0,vf=0.07)                     | ✓ OK (30/30)
[1500/6590] GradDet(th=7.5,vf=0.06)+GradSplit(th=11.0,vf=0.08)                     | ✓ OK (30/30)
[1501/6590] GradDet(th=7.5,vf=0.06)+GradSplit(th=12.0,vf=0.03)                     | ✓ OK (30/30)
[1502/6590] GradDet(th=7.5,vf=0.06)+GradSplit(th=12.0,vf=0.04)                     | ✓ OK (30/30)
[1503/6590] GradDet(th=7.5,vf=0.06)+GradSplit(th=12.0,vf=0.05)                     | ✓ OK (30/30)
[1504/6590] GradDet(th=7.5,vf=0.06)+GradSplit(th=12.0,vf=0.06)                     | ✓ OK (30/30)
[1505/6590] GradDet(th=7.5,vf=0.06)+GradSplit(th=12.0,vf=0.07)                     | ✓ OK (30/30)
[1506/6590] GradDet(th=7.5,vf=0.06)+GradSplit(th=12.0,vf=0.08)                     | ✓ OK (30/30)
[1507/6590] GradDet(th=7.5,vf=0.06)+GradSplit(th=13.0,vf=0.03)                     | ✓ OK (30/30)
[1508/6590] GradDet(th=7.5,vf=0.06)+GradSplit(th=13.0,vf=0.04)                     | ✓ OK (30/30)
[1509/6590] GradDet(th=7.5,vf=0.06)+GradSplit(th=13.0,vf=0.05)                     | ✓ OK (30/30)
[1510/6590] GradDet(th=7.5,vf=0.06)+GradSplit(th=13.0,vf=0.06)                     | ✓ OK (30/30)
[1511/6590] GradDet(th=7.5,vf=0.06)+GradSplit(th=13.0,vf=0.07)                     | ✓ OK (30/30)
[1512/6590] GradDet(th=7.5,vf=0.06)+GradSplit(th=13.0,vf=0.08)                     | ✓ OK (30/30)
[1513/6590] GradDet(th=7.5,vf=0.07)+GradSplit(th=6.0,vf=0.03)                      | ✓ OK (30/30)
[1514/6590] GradDet(th=7.5,vf=0.07)+GradSplit(th=6.0,vf=0.04)                      | ✓ OK (30/30)
[1515/6590] GradDet(th=7.5,vf=0.07)+GradSplit(th=6.0,vf=0.05)                      | ✓ OK (30/30)
[1516/6590] GradDet(th=7.5,vf=0.07)+GradSplit(th=6.0,vf=0.06)                      | ✓ OK (30/30)
[1517/6590] GradDet(th=7.5,vf=0.07)+GradSplit(th=6.0,vf=0.07)                      | ✓ OK (30/30)
[1518/6590] GradDet(th=7.5,vf=0.07)+GradSplit(th=6.0,vf=0.08)                      | ✓ OK (30/30)
[1519/6590] GradDet(th=7.5,vf=0.07)+GradSplit(th=7.0,vf=0.03)                      | ✓ OK (30/30)
[1520/6590] GradDet(th=7.5,vf=0.07)+GradSplit(th=7.0,vf=0.04)                      | ✓ OK (30/30)
[1521/6590] GradDet(th=7.5,vf=0.07)+GradSplit(th=7.0,vf=0.05)                      | ✓ OK (30/30)
[1522/6590] GradDet(th=7.5,vf=0.07)+GradSplit(th=7.0,vf=0.06)                      | ✓ OK (30/30)
[1523/6590] GradDet(th=7.5,vf=0.07)+GradSplit(th=7.0,vf=0.07)                      | ✓ OK (30/30)
[1524/6590] GradDet(th=7.5,vf=0.07)+GradSplit(th=7.0,vf=0.08)                      | ✓ OK (30/30)
[1525/6590] GradDet(th=7.5,vf=0.07)+GradSplit(th=8.0,vf=0.03)                      | ✓ OK (30/30)
[1526/6590] GradDet(th=7.5,vf=0.07)+GradSplit(th=8.0,vf=0.04)                      | ✓ OK (30/30)
[1527/6590] GradDet(th=7.5,vf=0.07)+GradSplit(th=8.0,vf=0.05)                      | ✓ OK (30/30)
[1528/6590] GradDet(th=7.5,vf=0.07)+GradSplit(th=8.0,vf=0.06)                      | ✓ OK (30/30)
[1529/6590] GradDet(th=7.5,vf=0.07)+GradSplit(th=8.0,vf=0.07)                      | ✓ OK (30/30)
[1530/6590] GradDet(th=7.5,vf=0.07)+GradSplit(th=8.0,vf=0.08)                      | ✓ OK (30/30)
[1531/6590] GradDet(th=7.5,vf=0.07)+GradSplit(th=8.5,vf=0.03)                      | ✓ OK (30/30)
[1532/6590] GradDet(th=7.5,vf=0.07)+GradSplit(th=8.5,vf=0.04)                      | ✓ OK (30/30)
[1533/6590] GradDet(th=7.5,vf=0.07)+GradSplit(th=8.5,vf=0.05)                      | ✓ OK (30/30)
[1534/6590] GradDet(th=7.5,vf=0.07)+GradSplit(th=8.5,vf=0.06)                      | ✓ OK (30/30)
[1535/6590] GradDet(th=7.5,vf=0.07)+GradSplit(th=8.5,vf=0.07)                      | ✓ OK (30/30)
[1536/6590] GradDet(th=7.5,vf=0.07)+GradSplit(th=8.5,vf=0.08)                      | ✓ OK (30/30)
[1537/6590] GradDet(th=7.5,vf=0.07)+GradSplit(th=9.0,vf=0.03)                      | ✓ OK (30/30)
[1538/6590] GradDet(th=7.5,vf=0.07)+GradSplit(th=9.0,vf=0.04)                      | ✓ OK (30/30)
[1539/6590] GradDet(th=7.5,vf=0.07)+GradSplit(th=9.0,vf=0.05)                      | ✓ OK (30/30)
[1540/6590] GradDet(th=7.5,vf=0.07)+GradSplit(th=9.0,vf=0.06)                      | ✓ OK (30/30)
[1541/6590] GradDet(th=7.5,vf=0.07)+GradSplit(th=9.0,vf=0.07)                      | ✓ OK (30/30)
[1542/6590] GradDet(th=7.5,vf=0.07)+GradSplit(th=9.0,vf=0.08)                      | ✓ OK (30/30)
[1543/6590] GradDet(th=7.5,vf=0.07)+GradSplit(th=10.0,vf=0.03)                     | ✓ OK (30/30)
[1544/6590] GradDet(th=7.5,vf=0.07)+GradSplit(th=10.0,vf=0.04)                     | ✓ OK (30/30)
[1545/6590] GradDet(th=7.5,vf=0.07)+GradSplit(th=10.0,vf=0.05)                     | ✓ OK (30/30)
[1546/6590] GradDet(th=7.5,vf=0.07)+GradSplit(th=10.0,vf=0.06)                     | ✓ OK (30/30)
[1547/6590] GradDet(th=7.5,vf=0.07)+GradSplit(th=10.0,vf=0.07)                     | ✓ OK (30/30)
[1548/6590] GradDet(th=7.5,vf=0.07)+GradSplit(th=10.0,vf=0.08)                     | ✓ OK (30/30)
[1549/6590] GradDet(th=7.5,vf=0.07)+GradSplit(th=11.0,vf=0.03)                     | ✓ OK (30/30)
[1550/6590] GradDet(th=7.5,vf=0.07)+GradSplit(th=11.0,vf=0.04)                     | ✓ OK (30/30)
[1551/6590] GradDet(th=7.5,vf=0.07)+GradSplit(th=11.0,vf=0.05)                     | ✓ OK (30/30)
[1552/6590] GradDet(th=7.5,vf=0.07)+GradSplit(th=11.0,vf=0.06)                     | ✓ OK (30/30)
[1553/6590] GradDet(th=7.5,vf=0.07)+GradSplit(th=11.0,vf=0.07)                     | ✓ OK (30/30)
[1554/6590] GradDet(th=7.5,vf=0.07)+GradSplit(th=11.0,vf=0.08)                     | ✓ OK (30/30)
[1555/6590] GradDet(th=7.5,vf=0.07)+GradSplit(th=12.0,vf=0.03)                     | ✓ OK (30/30)
[1556/6590] GradDet(th=7.5,vf=0.07)+GradSplit(th=12.0,vf=0.04)                     | ✓ OK (30/30)
[1557/6590] GradDet(th=7.5,vf=0.07)+GradSplit(th=12.0,vf=0.05)                     | ✓ OK (30/30)
[1558/6590] GradDet(th=7.5,vf=0.07)+GradSplit(th=12.0,vf=0.06)                     | ✓ OK (30/30)
[1559/6590] GradDet(th=7.5,vf=0.07)+GradSplit(th=12.0,vf=0.07)                     | ✓ OK (30/30)
[1560/6590] GradDet(th=7.5,vf=0.07)+GradSplit(th=12.0,vf=0.08)                     | ✓ OK (30/30)
[1561/6590] GradDet(th=7.5,vf=0.07)+GradSplit(th=13.0,vf=0.03)                     | ✓ OK (30/30)
[1562/6590] GradDet(th=7.5,vf=0.07)+GradSplit(th=13.0,vf=0.04)                     | ✓ OK (30/30)
[1563/6590] GradDet(th=7.5,vf=0.07)+GradSplit(th=13.0,vf=0.05)                     | ✓ OK (30/30)
[1564/6590] GradDet(th=7.5,vf=0.07)+GradSplit(th=13.0,vf=0.06)                     | ✓ OK (30/30)
[1565/6590] GradDet(th=7.5,vf=0.07)+GradSplit(th=13.0,vf=0.07)                     | ✓ OK (30/30)
[1566/6590] GradDet(th=7.5,vf=0.07)+GradSplit(th=13.0,vf=0.08)                     | ✓ OK (30/30)
[1567/6590] GradDet(th=7.5,vf=0.08)+GradSplit(th=6.0,vf=0.03)                      | ✓ OK (30/30)
[1568/6590] GradDet(th=7.5,vf=0.08)+GradSplit(th=6.0,vf=0.04)                      | ✓ OK (30/30)
[1569/6590] GradDet(th=7.5,vf=0.08)+GradSplit(th=6.0,vf=0.05)                      | ✓ OK (30/30)
[1570/6590] GradDet(th=7.5,vf=0.08)+GradSplit(th=6.0,vf=0.06)                      | ✓ OK (30/30)
[1571/6590] GradDet(th=7.5,vf=0.08)+GradSplit(th=6.0,vf=0.07)                      | ✓ OK (30/30)
[1572/6590] GradDet(th=7.5,vf=0.08)+GradSplit(th=6.0,vf=0.08)                      | ✓ OK (30/30)
[1573/6590] GradDet(th=7.5,vf=0.08)+GradSplit(th=7.0,vf=0.03)                      | ✓ OK (30/30)
[1574/6590] GradDet(th=7.5,vf=0.08)+GradSplit(th=7.0,vf=0.04)                      | ✓ OK (30/30)
[1575/6590] GradDet(th=7.5,vf=0.08)+GradSplit(th=7.0,vf=0.05)                      | ✓ OK (30/30)
[1576/6590] GradDet(th=7.5,vf=0.08)+GradSplit(th=7.0,vf=0.06)                      | ✓ OK (30/30)
[1577/6590] GradDet(th=7.5,vf=0.08)+GradSplit(th=7.0,vf=0.07)                      | ✓ OK (30/30)
[1578/6590] GradDet(th=7.5,vf=0.08)+GradSplit(th=7.0,vf=0.08)                      | ✓ OK (30/30)
[1579/6590] GradDet(th=7.5,vf=0.08)+GradSplit(th=8.0,vf=0.03)                      | ✓ OK (30/30)
[1580/6590] GradDet(th=7.5,vf=0.08)+GradSplit(th=8.0,vf=0.04)                      | ✓ OK (30/30)
[1581/6590] GradDet(th=7.5,vf=0.08)+GradSplit(th=8.0,vf=0.05)                      | ✓ OK (30/30)
[1582/6590] GradDet(th=7.5,vf=0.08)+GradSplit(th=8.0,vf=0.06)                      | ✓ OK (30/30)
[1583/6590] GradDet(th=7.5,vf=0.08)+GradSplit(th=8.0,vf=0.07)                      | ✓ OK (30/30)
[1584/6590] GradDet(th=7.5,vf=0.08)+GradSplit(th=8.0,vf=0.08)                      | ✓ OK (30/30)
[1585/6590] GradDet(th=7.5,vf=0.08)+GradSplit(th=8.5,vf=0.03)                      | ✓ OK (30/30)
[1586/6590] GradDet(th=7.5,vf=0.08)+GradSplit(th=8.5,vf=0.04)                      | ✓ OK (30/30)
[1587/6590] GradDet(th=7.5,vf=0.08)+GradSplit(th=8.5,vf=0.05)                      | ✓ OK (30/30)
[1588/6590] GradDet(th=7.5,vf=0.08)+GradSplit(th=8.5,vf=0.06)                      | ✓ OK (30/30)
[1589/6590] GradDet(th=7.5,vf=0.08)+GradSplit(th=8.5,vf=0.07)                      | ✓ OK (30/30)
[1590/6590] GradDet(th=7.5,vf=0.08)+GradSplit(th=8.5,vf=0.08)                      | ✓ OK (30/30)
[1591/6590] GradDet(th=7.5,vf=0.08)+GradSplit(th=9.0,vf=0.03)                      | ✓ OK (30/30)
[1592/6590] GradDet(th=7.5,vf=0.08)+GradSplit(th=9.0,vf=0.04)                      | ✓ OK (30/30)
[1593/6590] GradDet(th=7.5,vf=0.08)+GradSplit(th=9.0,vf=0.05)                      | ✓ OK (30/30)
[1594/6590] GradDet(th=7.5,vf=0.08)+GradSplit(th=9.0,vf=0.06)                      | ✓ OK (30/30)
[1595/6590] GradDet(th=7.5,vf=0.08)+GradSplit(th=9.0,vf=0.07)                      | ✓ OK (30/30)
[1596/6590] GradDet(th=7.5,vf=0.08)+GradSplit(th=9.0,vf=0.08)                      | ✓ OK (30/30)
[1597/6590] GradDet(th=7.5,vf=0.08)+GradSplit(th=10.0,vf=0.03)                     | ✓ OK (30/30)
[1598/6590] GradDet(th=7.5,vf=0.08)+GradSplit(th=10.0,vf=0.04)                     | ✓ OK (30/30)
[1599/6590] GradDet(th=7.5,vf=0.08)+GradSplit(th=10.0,vf=0.05)                     | ✓ OK (30/30)
[1600/6590] GradDet(th=7.5,vf=0.08)+GradSplit(th=10.0,vf=0.06)                     | ✓ OK (30/30)
[1601/6590] GradDet(th=7.5,vf=0.08)+GradSplit(th=10.0,vf=0.07)                     | ✓ OK (30/30)
[1602/6590] GradDet(th=7.5,vf=0.08)+GradSplit(th=10.0,vf=0.08)                     | ✓ OK (30/30)
[1603/6590] GradDet(th=7.5,vf=0.08)+GradSplit(th=11.0,vf=0.03)                     | ✓ OK (30/30)
[1604/6590] GradDet(th=7.5,vf=0.08)+GradSplit(th=11.0,vf=0.04)                     | ✓ OK (30/30)
[1605/6590] GradDet(th=7.5,vf=0.08)+GradSplit(th=11.0,vf=0.05)                     | ✓ OK (30/30)
[1606/6590] GradDet(th=7.5,vf=0.08)+GradSplit(th=11.0,vf=0.06)                     | ✓ OK (30/30)
[1607/6590] GradDet(th=7.5,vf=0.08)+GradSplit(th=11.0,vf=0.07)                     | ✓ OK (30/30)
[1608/6590] GradDet(th=7.5,vf=0.08)+GradSplit(th=11.0,vf=0.08)                     | ✓ OK (30/30)
[1609/6590] GradDet(th=7.5,vf=0.08)+GradSplit(th=12.0,vf=0.03)                     | ✓ OK (30/30)
[1610/6590] GradDet(th=7.5,vf=0.08)+GradSplit(th=12.0,vf=0.04)                     | ✓ OK (30/30)
[1611/6590] GradDet(th=7.5,vf=0.08)+GradSplit(th=12.0,vf=0.05)                     | ✓ OK (30/30)
[1612/6590] GradDet(th=7.5,vf=0.08)+GradSplit(th=12.0,vf=0.06)                     | ✓ OK (30/30)
[1613/6590] GradDet(th=7.5,vf=0.08)+GradSplit(th=12.0,vf=0.07)                     | ✓ OK (30/30)
[1614/6590] GradDet(th=7.5,vf=0.08)+GradSplit(th=12.0,vf=0.08)                     | ✓ OK (30/30)
[1615/6590] GradDet(th=7.5,vf=0.08)+GradSplit(th=13.0,vf=0.03)                     | ✓ OK (30/30)
[1616/6590] GradDet(th=7.5,vf=0.08)+GradSplit(th=13.0,vf=0.04)                     | ✓ OK (30/30)
[1617/6590] GradDet(th=7.5,vf=0.08)+GradSplit(th=13.0,vf=0.05)                     | ✓ OK (30/30)
[1618/6590] GradDet(th=7.5,vf=0.08)+GradSplit(th=13.0,vf=0.06)                     | ✓ OK (30/30)
[1619/6590] GradDet(th=7.5,vf=0.08)+GradSplit(th=13.0,vf=0.07)                     | ✓ OK (30/30)
[1620/6590] GradDet(th=7.5,vf=0.08)+GradSplit(th=13.0,vf=0.08)                     | ✓ OK (30/30)
[1621/6590] GradDet(th=8.0,vf=0.03)+GradSplit(th=6.0,vf=0.03)                      | ✓ OK (30/30)
[1622/6590] GradDet(th=8.0,vf=0.03)+GradSplit(th=6.0,vf=0.04)                      | ✓ OK (30/30)
[1623/6590] GradDet(th=8.0,vf=0.03)+GradSplit(th=6.0,vf=0.05)                      | ✓ OK (30/30)
[1624/6590] GradDet(th=8.0,vf=0.03)+GradSplit(th=6.0,vf=0.06)                      | ✓ OK (30/30)
[1625/6590] GradDet(th=8.0,vf=0.03)+GradSplit(th=6.0,vf=0.07)                      | ✓ OK (30/30)
[1626/6590] GradDet(th=8.0,vf=0.03)+GradSplit(th=6.0,vf=0.08)                      | ✓ OK (30/30)
[1627/6590] GradDet(th=8.0,vf=0.03)+GradSplit(th=7.0,vf=0.03)                      | ✓ OK (30/30)
[1628/6590] GradDet(th=8.0,vf=0.03)+GradSplit(th=7.0,vf=0.04)                      | ✓ OK (30/30)
[1629/6590] GradDet(th=8.0,vf=0.03)+GradSplit(th=7.0,vf=0.05)                      | ✓ OK (30/30)
[1630/6590] GradDet(th=8.0,vf=0.03)+GradSplit(th=7.0,vf=0.06)                      | ✓ OK (30/30)
[1631/6590] GradDet(th=8.0,vf=0.03)+GradSplit(th=7.0,vf=0.07)                      | ✓ OK (30/30)
[1632/6590] GradDet(th=8.0,vf=0.03)+GradSplit(th=7.0,vf=0.08)                      | ✓ OK (30/30)
[1633/6590] GradDet(th=8.0,vf=0.03)+GradSplit(th=8.0,vf=0.03)                      | ✓ OK (30/30)
[1634/6590] GradDet(th=8.0,vf=0.03)+GradSplit(th=8.0,vf=0.04)                      | ✓ OK (30/30)
[1635/6590] GradDet(th=8.0,vf=0.03)+GradSplit(th=8.0,vf=0.05)                      | ✓ OK (30/30)
[1636/6590] GradDet(th=8.0,vf=0.03)+GradSplit(th=8.0,vf=0.06)                      | ✓ OK (30/30)
[1637/6590] GradDet(th=8.0,vf=0.03)+GradSplit(th=8.0,vf=0.07)                      | ✓ OK (30/30)
[1638/6590] GradDet(th=8.0,vf=0.03)+GradSplit(th=8.0,vf=0.08)                      | ✓ OK (30/30)
[1639/6590] GradDet(th=8.0,vf=0.03)+GradSplit(th=8.5,vf=0.03)                      | ✓ OK (30/30)
[1640/6590] GradDet(th=8.0,vf=0.03)+GradSplit(th=8.5,vf=0.04)                      | ✓ OK (30/30)
[1641/6590] GradDet(th=8.0,vf=0.03)+GradSplit(th=8.5,vf=0.05)                      | ✓ OK (30/30)
[1642/6590] GradDet(th=8.0,vf=0.03)+GradSplit(th=8.5,vf=0.06)                      | ✓ OK (30/30)
[1643/6590] GradDet(th=8.0,vf=0.03)+GradSplit(th=8.5,vf=0.07)                      | ✓ OK (30/30)
[1644/6590] GradDet(th=8.0,vf=0.03)+GradSplit(th=8.5,vf=0.08)                      | ✓ OK (30/30)
[1645/6590] GradDet(th=8.0,vf=0.03)+GradSplit(th=9.0,vf=0.03)                      | ✓ OK (30/30)
[1646/6590] GradDet(th=8.0,vf=0.03)+GradSplit(th=9.0,vf=0.04)                      | ✓ OK (30/30)
[1647/6590] GradDet(th=8.0,vf=0.03)+GradSplit(th=9.0,vf=0.05)                      | ✓ OK (30/30)
[1648/6590] GradDet(th=8.0,vf=0.03)+GradSplit(th=9.0,vf=0.06)                      | ✓ OK (30/30)
[1649/6590] GradDet(th=8.0,vf=0.03)+GradSplit(th=9.0,vf=0.07)                      | ✓ OK (30/30)
[1650/6590] GradDet(th=8.0,vf=0.03)+GradSplit(th=9.0,vf=0.08)                      | ✓ OK (30/30)
[1651/6590] GradDet(th=8.0,vf=0.03)+GradSplit(th=10.0,vf=0.03)                     | ✓ OK (30/30)
[1652/6590] GradDet(th=8.0,vf=0.03)+GradSplit(th=10.0,vf=0.04)                     | ✓ OK (30/30)
[1653/6590] GradDet(th=8.0,vf=0.03)+GradSplit(th=10.0,vf=0.05)                     | ✓ OK (30/30)
[1654/6590] GradDet(th=8.0,vf=0.03)+GradSplit(th=10.0,vf=0.06)                     | ✓ OK (30/30)
[1655/6590] GradDet(th=8.0,vf=0.03)+GradSplit(th=10.0,vf=0.07)                     | ✓ OK (30/30)
[1656/6590] GradDet(th=8.0,vf=0.03)+GradSplit(th=10.0,vf=0.08)                     | ✓ OK (30/30)
[1657/6590] GradDet(th=8.0,vf=0.03)+GradSplit(th=11.0,vf=0.03)                     | ✓ OK (30/30)
[1658/6590] GradDet(th=8.0,vf=0.03)+GradSplit(th=11.0,vf=0.04)                     | ✓ OK (30/30)
[1659/6590] GradDet(th=8.0,vf=0.03)+GradSplit(th=11.0,vf=0.05)                     | ✓ OK (30/30)
[1660/6590] GradDet(th=8.0,vf=0.03)+GradSplit(th=11.0,vf=0.06)                     | ✓ OK (30/30)
[1661/6590] GradDet(th=8.0,vf=0.03)+GradSplit(th=11.0,vf=0.07)                     | ✓ OK (30/30)
[1662/6590] GradDet(th=8.0,vf=0.03)+GradSplit(th=11.0,vf=0.08)                     | ✓ OK (30/30)
[1663/6590] GradDet(th=8.0,vf=0.03)+GradSplit(th=12.0,vf=0.03)                     | ✓ OK (30/30)
[1664/6590] GradDet(th=8.0,vf=0.03)+GradSplit(th=12.0,vf=0.04)                     | ✓ OK (30/30)
[1665/6590] GradDet(th=8.0,vf=0.03)+GradSplit(th=12.0,vf=0.05)                     | ✓ OK (30/30)
[1666/6590] GradDet(th=8.0,vf=0.03)+GradSplit(th=12.0,vf=0.06)                     | ✓ OK (30/30)
[1667/6590] GradDet(th=8.0,vf=0.03)+GradSplit(th=12.0,vf=0.07)                     | ✓ OK (30/30)
[1668/6590] GradDet(th=8.0,vf=0.03)+GradSplit(th=12.0,vf=0.08)                     | ✓ OK (30/30)
[1669/6590] GradDet(th=8.0,vf=0.03)+GradSplit(th=13.0,vf=0.03)                     | ✓ OK (30/30)
[1670/6590] GradDet(th=8.0,vf=0.03)+GradSplit(th=13.0,vf=0.04)                     | ✓ OK (30/30)
[1671/6590] GradDet(th=8.0,vf=0.03)+GradSplit(th=13.0,vf=0.05)                     | ✓ OK (30/30)
[1672/6590] GradDet(th=8.0,vf=0.03)+GradSplit(th=13.0,vf=0.06)                     | ✓ OK (30/30)
[1673/6590] GradDet(th=8.0,vf=0.03)+GradSplit(th=13.0,vf=0.07)                     | ✓ OK (30/30)
[1674/6590] GradDet(th=8.0,vf=0.03)+GradSplit(th=13.0,vf=0.08)                     | ✓ OK (30/30)
[1675/6590] GradDet(th=8.0,vf=0.04)+GradSplit(th=6.0,vf=0.03)                      | ✓ OK (30/30)
[1676/6590] GradDet(th=8.0,vf=0.04)+GradSplit(th=6.0,vf=0.04)                      | ✓ OK (30/30)
[1677/6590] GradDet(th=8.0,vf=0.04)+GradSplit(th=6.0,vf=0.05)                      | ✓ OK (30/30)
[1678/6590] GradDet(th=8.0,vf=0.04)+GradSplit(th=6.0,vf=0.06)                      | ✓ OK (30/30)
[1679/6590] GradDet(th=8.0,vf=0.04)+GradSplit(th=6.0,vf=0.07)                      | ✓ OK (30/30)
[1680/6590] GradDet(th=8.0,vf=0.04)+GradSplit(th=6.0,vf=0.08)                      | ✓ OK (30/30)
[1681/6590] GradDet(th=8.0,vf=0.04)+GradSplit(th=7.0,vf=0.03)                      | ✓ OK (30/30)
[1682/6590] GradDet(th=8.0,vf=0.04)+GradSplit(th=7.0,vf=0.04)                      | ✓ OK (30/30)
[1683/6590] GradDet(th=8.0,vf=0.04)+GradSplit(th=7.0,vf=0.05)                      | ✓ OK (30/30)
[1684/6590] GradDet(th=8.0,vf=0.04)+GradSplit(th=7.0,vf=0.06)                      | ✓ OK (30/30)
[1685/6590] GradDet(th=8.0,vf=0.04)+GradSplit(th=7.0,vf=0.07)                      | ✓ OK (30/30)
[1686/6590] GradDet(th=8.0,vf=0.04)+GradSplit(th=7.0,vf=0.08)                      | ✓ OK (30/30)
[1687/6590] GradDet(th=8.0,vf=0.04)+GradSplit(th=8.0,vf=0.03)                      | ✓ OK (30/30)
[1688/6590] GradDet(th=8.0,vf=0.04)+GradSplit(th=8.0,vf=0.04)                      | ✓ OK (30/30)
[1689/6590] GradDet(th=8.0,vf=0.04)+GradSplit(th=8.0,vf=0.05)                      | ✓ OK (30/30)
[1690/6590] GradDet(th=8.0,vf=0.04)+GradSplit(th=8.0,vf=0.06)                      | ✓ OK (30/30)
[1691/6590] GradDet(th=8.0,vf=0.04)+GradSplit(th=8.0,vf=0.07)                      | ✓ OK (30/30)
[1692/6590] GradDet(th=8.0,vf=0.04)+GradSplit(th=8.0,vf=0.08)                      | ✓ OK (30/30)
[1693/6590] GradDet(th=8.0,vf=0.04)+GradSplit(th=8.5,vf=0.03)                      | ✓ OK (30/30)
[1694/6590] GradDet(th=8.0,vf=0.04)+GradSplit(th=8.5,vf=0.04)                      | ✓ OK (30/30)
[1695/6590] GradDet(th=8.0,vf=0.04)+GradSplit(th=8.5,vf=0.05)                      | ✓ OK (30/30)
[1696/6590] GradDet(th=8.0,vf=0.04)+GradSplit(th=8.5,vf=0.06)                      | ✓ OK (30/30)
[1697/6590] GradDet(th=8.0,vf=0.04)+GradSplit(th=8.5,vf=0.07)                      | ✓ OK (30/30)
[1698/6590] GradDet(th=8.0,vf=0.04)+GradSplit(th=8.5,vf=0.08)                      | ✓ OK (30/30)
[1699/6590] GradDet(th=8.0,vf=0.04)+GradSplit(th=9.0,vf=0.03)                      | ✓ OK (30/30)
[1700/6590] GradDet(th=8.0,vf=0.04)+GradSplit(th=9.0,vf=0.04)                      | ✓ OK (30/30)
[1701/6590] GradDet(th=8.0,vf=0.04)+GradSplit(th=9.0,vf=0.05)                      | ✓ OK (30/30)
[1702/6590] GradDet(th=8.0,vf=0.04)+GradSplit(th=9.0,vf=0.06)                      | ✓ OK (30/30)
[1703/6590] GradDet(th=8.0,vf=0.04)+GradSplit(th=9.0,vf=0.07)                      | ✓ OK (30/30)
[1704/6590] GradDet(th=8.0,vf=0.04)+GradSplit(th=9.0,vf=0.08)                      | ✓ OK (30/30)
[1705/6590] GradDet(th=8.0,vf=0.04)+GradSplit(th=10.0,vf=0.03)                     | ✓ OK (30/30)
[1706/6590] GradDet(th=8.0,vf=0.04)+GradSplit(th=10.0,vf=0.04)                     | ✓ OK (30/30)
[1707/6590] GradDet(th=8.0,vf=0.04)+GradSplit(th=10.0,vf=0.05)                     | ✓ OK (30/30)
[1708/6590] GradDet(th=8.0,vf=0.04)+GradSplit(th=10.0,vf=0.06)                     | ✓ OK (30/30)
[1709/6590] GradDet(th=8.0,vf=0.04)+GradSplit(th=10.0,vf=0.07)                     | ✓ OK (30/30)
[1710/6590] GradDet(th=8.0,vf=0.04)+GradSplit(th=10.0,vf=0.08)                     | ✓ OK (30/30)
[1711/6590] GradDet(th=8.0,vf=0.04)+GradSplit(th=11.0,vf=0.03)                     | ✓ OK (30/30)
[1712/6590] GradDet(th=8.0,vf=0.04)+GradSplit(th=11.0,vf=0.04)                     | ✓ OK (30/30)
[1713/6590] GradDet(th=8.0,vf=0.04)+GradSplit(th=11.0,vf=0.05)                     | ✓ OK (30/30)
[1714/6590] GradDet(th=8.0,vf=0.04)+GradSplit(th=11.0,vf=0.06)                     | ✓ OK (30/30)
[1715/6590] GradDet(th=8.0,vf=0.04)+GradSplit(th=11.0,vf=0.07)                     | ✓ OK (30/30)
[1716/6590] GradDet(th=8.0,vf=0.04)+GradSplit(th=11.0,vf=0.08)                     | ✓ OK (30/30)
[1717/6590] GradDet(th=8.0,vf=0.04)+GradSplit(th=12.0,vf=0.03)                     | ✓ OK (30/30)
[1718/6590] GradDet(th=8.0,vf=0.04)+GradSplit(th=12.0,vf=0.04)                     | ✓ OK (30/30)
[1719/6590] GradDet(th=8.0,vf=0.04)+GradSplit(th=12.0,vf=0.05)                     | ✓ OK (30/30)
[1720/6590] GradDet(th=8.0,vf=0.04)+GradSplit(th=12.0,vf=0.06)                     | ✓ OK (30/30)
[1721/6590] GradDet(th=8.0,vf=0.04)+GradSplit(th=12.0,vf=0.07)                     | ✓ OK (30/30)
[1722/6590] GradDet(th=8.0,vf=0.04)+GradSplit(th=12.0,vf=0.08)                     | ✓ OK (30/30)
[1723/6590] GradDet(th=8.0,vf=0.04)+GradSplit(th=13.0,vf=0.03)                     | ✓ OK (30/30)
[1724/6590] GradDet(th=8.0,vf=0.04)+GradSplit(th=13.0,vf=0.04)                     | ✓ OK (30/30)
[1725/6590] GradDet(th=8.0,vf=0.04)+GradSplit(th=13.0,vf=0.05)                     | ✓ OK (30/30)
[1726/6590] GradDet(th=8.0,vf=0.04)+GradSplit(th=13.0,vf=0.06)                     | ✓ OK (30/30)
[1727/6590] GradDet(th=8.0,vf=0.04)+GradSplit(th=13.0,vf=0.07)                     | ✓ OK (30/30)
[1728/6590] GradDet(th=8.0,vf=0.04)+GradSplit(th=13.0,vf=0.08)                     | ✓ OK (30/30)
[1729/6590] GradDet(th=8.0,vf=0.05)+GradSplit(th=6.0,vf=0.03)                      | ✗ 1 fail
           └─ Failures: 00017(pred:horizontal,gt:single)
[1730/6590] GradDet(th=8.0,vf=0.05)+GradSplit(th=6.0,vf=0.04)                      | ✗ 1 fail
           └─ Failures: 00017(pred:horizontal,gt:single)
[1731/6590] GradDet(th=8.0,vf=0.05)+GradSplit(th=6.0,vf=0.05)                      | ✗ 1 fail
           └─ Failures: 00017(pred:horizontal,gt:single)
[1732/6590] GradDet(th=8.0,vf=0.05)+GradSplit(th=6.0,vf=0.06)                      | ✗ 1 fail
           └─ Failures: 00017(pred:horizontal,gt:single)
[1733/6590] GradDet(th=8.0,vf=0.05)+GradSplit(th=6.0,vf=0.07)                      | ✗ 1 fail
           └─ Failures: 00017(pred:horizontal,gt:single)
[1734/6590] GradDet(th=8.0,vf=0.05)+GradSplit(th=6.0,vf=0.08)                      | ✗ 1 fail
           └─ Failures: 00017(pred:horizontal,gt:single)
[1735/6590] GradDet(th=8.0,vf=0.05)+GradSplit(th=7.0,vf=0.03)                      | ✗ 1 fail
           └─ Failures: 00017(pred:horizontal,gt:single)
[1736/6590] GradDet(th=8.0,vf=0.05)+GradSplit(th=7.0,vf=0.04)                      | ✗ 1 fail
           └─ Failures: 00017(pred:horizontal,gt:single)
[1737/6590] GradDet(th=8.0,vf=0.05)+GradSplit(th=7.0,vf=0.05)                      | ✗ 1 fail
           └─ Failures: 00017(pred:horizontal,gt:single)
[1738/6590] GradDet(th=8.0,vf=0.05)+GradSplit(th=7.0,vf=0.06)                      | ✗ 1 fail
           └─ Failures: 00017(pred:horizontal,gt:single)
[1739/6590] GradDet(th=8.0,vf=0.05)+GradSplit(th=7.0,vf=0.07)                      | ✗ 1 fail
           └─ Failures: 00017(pred:horizontal,gt:single)
[1740/6590] GradDet(th=8.0,vf=0.05)+GradSplit(th=7.0,vf=0.08)                      | ✗ 1 fail
           └─ Failures: 00017(pred:horizontal,gt:single)
[1741/6590] GradDet(th=8.0,vf=0.05)+GradSplit(th=8.0,vf=0.03)                      | ✗ 1 fail
           └─ Failures: 00017(pred:horizontal,gt:single)
[1742/6590] GradDet(th=8.0,vf=0.05)+GradSplit(th=8.0,vf=0.04)                      | ✗ 1 fail
           └─ Failures: 00017(pred:horizontal,gt:single)
[1743/6590] GradDet(th=8.0,vf=0.05)+GradSplit(th=8.0,vf=0.05)                      | ✗ 1 fail
           └─ Failures: 00017(pred:horizontal,gt:single)
[1744/6590] GradDet(th=8.0,vf=0.05)+GradSplit(th=8.0,vf=0.06)                      | ✗ 1 fail
           └─ Failures: 00017(pred:horizontal,gt:single)
[1745/6590] GradDet(th=8.0,vf=0.05)+GradSplit(th=8.0,vf=0.07)                      | ✗ 1 fail
           └─ Failures: 00017(pred:horizontal,gt:single)
[1746/6590] GradDet(th=8.0,vf=0.05)+GradSplit(th=8.0,vf=0.08)                      | ✗ 1 fail
           └─ Failures: 00017(pred:horizontal,gt:single)
[1747/6590] GradDet(th=8.0,vf=0.05)+GradSplit(th=8.5,vf=0.03)                      | ✗ 1 fail
           └─ Failures: 00017(pred:horizontal,gt:single)
[1748/6590] GradDet(th=8.0,vf=0.05)+GradSplit(th=8.5,vf=0.04)                      | ✗ 1 fail
           └─ Failures: 00017(pred:horizontal,gt:single)
[1749/6590] GradDet(th=8.0,vf=0.05)+GradSplit(th=8.5,vf=0.05)                      | ✗ 1 fail
           └─ Failures: 00017(pred:horizontal,gt:single)
[1750/6590] GradDet(th=8.0,vf=0.05)+GradSplit(th=8.5,vf=0.06)                      | ✗ 1 fail
           └─ Failures: 00017(pred:horizontal,gt:single)
[1751/6590] GradDet(th=8.0,vf=0.05)+GradSplit(th=8.5,vf=0.07)                      | ✗ 1 fail
           └─ Failures: 00017(pred:horizontal,gt:single)
[1752/6590] GradDet(th=8.0,vf=0.05)+GradSplit(th=8.5,vf=0.08)                      | ✗ 1 fail
           └─ Failures: 00017(pred:horizontal,gt:single)
[1753/6590] GradDet(th=8.0,vf=0.05)+GradSplit(th=9.0,vf=0.03)                      | ✗ 1 fail
           └─ Failures: 00017(pred:horizontal,gt:single)
[1754/6590] GradDet(th=8.0,vf=0.05)+GradSplit(th=9.0,vf=0.04)                      | ✗ 1 fail
           └─ Failures: 00017(pred:horizontal,gt:single)
[1755/6590] GradDet(th=8.0,vf=0.05)+GradSplit(th=9.0,vf=0.05)                      | ✗ 1 fail
           └─ Failures: 00017(pred:horizontal,gt:single)
[1756/6590] GradDet(th=8.0,vf=0.05)+GradSplit(th=9.0,vf=0.06)                      | ✗ 1 fail
           └─ Failures: 00017(pred:horizontal,gt:single)
[1757/6590] GradDet(th=8.0,vf=0.05)+GradSplit(th=9.0,vf=0.07)                      | ✗ 1 fail
           └─ Failures: 00017(pred:horizontal,gt:single)
[1758/6590] GradDet(th=8.0,vf=0.05)+GradSplit(th=9.0,vf=0.08)                      | ✗ 1 fail
           └─ Failures: 00017(pred:horizontal,gt:single)
[1759/6590] GradDet(th=8.0,vf=0.05)+GradSplit(th=10.0,vf=0.03)                     | ✗ 1 fail
           └─ Failures: 00017(pred:horizontal,gt:single)
[1760/6590] GradDet(th=8.0,vf=0.05)+GradSplit(th=10.0,vf=0.04)                     | ✗ 1 fail
           └─ Failures: 00017(pred:horizontal,gt:single)
[1761/6590] GradDet(th=8.0,vf=0.05)+GradSplit(th=10.0,vf=0.05)                     | ✗ 1 fail
           └─ Failures: 00017(pred:horizontal,gt:single)
[1762/6590] GradDet(th=8.0,vf=0.05)+GradSplit(th=10.0,vf=0.06)                     | ✗ 1 fail
           └─ Failures: 00017(pred:horizontal,gt:single)
[1763/6590] GradDet(th=8.0,vf=0.05)+GradSplit(th=10.0,vf=0.07)                     | ✗ 1 fail
           └─ Failures: 00017(pred:horizontal,gt:single)
[1764/6590] GradDet(th=8.0,vf=0.05)+GradSplit(th=10.0,vf=0.08)                     | ✗ 1 fail
           └─ Failures: 00017(pred:horizontal,gt:single)
[1765/6590] GradDet(th=8.0,vf=0.05)+GradSplit(th=11.0,vf=0.03)                     | ✗ 1 fail
           └─ Failures: 00017(pred:horizontal,gt:single)
[1766/6590] GradDet(th=8.0,vf=0.05)+GradSplit(th=11.0,vf=0.04)                     | ✗ 1 fail
           └─ Failures: 00017(pred:horizontal,gt:single)
[1767/6590] GradDet(th=8.0,vf=0.05)+GradSplit(th=11.0,vf=0.05)                     | ✗ 1 fail
           └─ Failures: 00017(pred:horizontal,gt:single)
[1768/6590] GradDet(th=8.0,vf=0.05)+GradSplit(th=11.0,vf=0.06)                     | ✗ 1 fail
           └─ Failures: 00017(pred:horizontal,gt:single)
[1769/6590] GradDet(th=8.0,vf=0.05)+GradSplit(th=11.0,vf=0.07)                     | ✗ 1 fail
           └─ Failures: 00017(pred:horizontal,gt:single)
[1770/6590] GradDet(th=8.0,vf=0.05)+GradSplit(th=11.0,vf=0.08)                     | ✗ 1 fail
           └─ Failures: 00017(pred:horizontal,gt:single)
[1771/6590] GradDet(th=8.0,vf=0.05)+GradSplit(th=12.0,vf=0.03)                     | ✗ 1 fail
           └─ Failures: 00017(pred:horizontal,gt:single)
[1772/6590] GradDet(th=8.0,vf=0.05)+GradSplit(th=12.0,vf=0.04)                     | ✗ 1 fail
           └─ Failures: 00017(pred:horizontal,gt:single)
[1773/6590] GradDet(th=8.0,vf=0.05)+GradSplit(th=12.0,vf=0.05)                     | ✗ 1 fail
           └─ Failures: 00017(pred:horizontal,gt:single)
[1774/6590] GradDet(th=8.0,vf=0.05)+GradSplit(th=12.0,vf=0.06)                     | ✗ 1 fail
           └─ Failures: 00017(pred:horizontal,gt:single)
[1775/6590] GradDet(th=8.0,vf=0.05)+GradSplit(th=12.0,vf=0.07)                     | ✗ 1 fail
           └─ Failures: 00017(pred:horizontal,gt:single)
[1776/6590] GradDet(th=8.0,vf=0.05)+GradSplit(th=12.0,vf=0.08)                     | ✗ 1 fail
           └─ Failures: 00017(pred:horizontal,gt:single)
[1777/6590] GradDet(th=8.0,vf=0.05)+GradSplit(th=13.0,vf=0.03)                     | ✗ 1 fail
           └─ Failures: 00017(pred:horizontal,gt:single)
[1778/6590] GradDet(th=8.0,vf=0.05)+GradSplit(th=13.0,vf=0.04)                     | ✗ 1 fail
           └─ Failures: 00017(pred:horizontal,gt:single)
[1779/6590] GradDet(th=8.0,vf=0.05)+GradSplit(th=13.0,vf=0.05)                     | ✗ 1 fail
           └─ Failures: 00017(pred:horizontal,gt:single)
[1780/6590] GradDet(th=8.0,vf=0.05)+GradSplit(th=13.0,vf=0.06)                     | ✗ 1 fail
           └─ Failures: 00017(pred:horizontal,gt:single)
[1781/6590] GradDet(th=8.0,vf=0.05)+GradSplit(th=13.0,vf=0.07)                     | ✗ 1 fail
           └─ Failures: 00017(pred:horizontal,gt:single)
[1782/6590] GradDet(th=8.0,vf=0.05)+GradSplit(th=13.0,vf=0.08)                     | ✗ 1 fail
           └─ Failures: 00017(pred:horizontal,gt:single)
[1783/6590] GradDet(th=8.0,vf=0.06)+GradSplit(th=6.0,vf=0.03)                      | ✓ OK (30/30)
[1784/6590] GradDet(th=8.0,vf=0.06)+GradSplit(th=6.0,vf=0.04)                      | ✓ OK (30/30)
[1785/6590] GradDet(th=8.0,vf=0.06)+GradSplit(th=6.0,vf=0.05)                      | ✓ OK (30/30)
[1786/6590] GradDet(th=8.0,vf=0.06)+GradSplit(th=6.0,vf=0.06)                      | ✓ OK (30/30)
[1787/6590] GradDet(th=8.0,vf=0.06)+GradSplit(th=6.0,vf=0.07)                      | ✓ OK (30/30)
[1788/6590] GradDet(th=8.0,vf=0.06)+GradSplit(th=6.0,vf=0.08)                      | ✓ OK (30/30)
[1789/6590] GradDet(th=8.0,vf=0.06)+GradSplit(th=7.0,vf=0.03)                      | ✓ OK (30/30)
[1790/6590] GradDet(th=8.0,vf=0.06)+GradSplit(th=7.0,vf=0.04)                      | ✓ OK (30/30)
[1791/6590] GradDet(th=8.0,vf=0.06)+GradSplit(th=7.0,vf=0.05)                      | ✓ OK (30/30)
[1792/6590] GradDet(th=8.0,vf=0.06)+GradSplit(th=7.0,vf=0.06)                      | ✓ OK (30/30)
[1793/6590] GradDet(th=8.0,vf=0.06)+GradSplit(th=7.0,vf=0.07)                      | ✓ OK (30/30)
[1794/6590] GradDet(th=8.0,vf=0.06)+GradSplit(th=7.0,vf=0.08)                      | ✓ OK (30/30)
[1795/6590] GradDet(th=8.0,vf=0.06)+GradSplit(th=8.0,vf=0.03)                      | ✓ OK (30/30)
[1796/6590] GradDet(th=8.0,vf=0.06)+GradSplit(th=8.0,vf=0.04)                      | ✓ OK (30/30)
[1797/6590] GradDet(th=8.0,vf=0.06)+GradSplit(th=8.0,vf=0.05)                      | ✓ OK (30/30)
[1798/6590] GradDet(th=8.0,vf=0.06)+GradSplit(th=8.0,vf=0.06)                      | ✓ OK (30/30)
[1799/6590] GradDet(th=8.0,vf=0.06)+GradSplit(th=8.0,vf=0.07)                      | ✓ OK (30/30)
[1800/6590] GradDet(th=8.0,vf=0.06)+GradSplit(th=8.0,vf=0.08)                      | ✓ OK (30/30)
[1801/6590] GradDet(th=8.0,vf=0.06)+GradSplit(th=8.5,vf=0.03)                      | ✓ OK (30/30)
[1802/6590] GradDet(th=8.0,vf=0.06)+GradSplit(th=8.5,vf=0.04)                      | ✓ OK (30/30)
[1803/6590] GradDet(th=8.0,vf=0.06)+GradSplit(th=8.5,vf=0.05)                      | ✓ OK (30/30)
[1804/6590] GradDet(th=8.0,vf=0.06)+GradSplit(th=8.5,vf=0.06)                      | ✓ OK (30/30)
[1805/6590] GradDet(th=8.0,vf=0.06)+GradSplit(th=8.5,vf=0.07)                      | ✓ OK (30/30)
[1806/6590] GradDet(th=8.0,vf=0.06)+GradSplit(th=8.5,vf=0.08)                      | ✓ OK (30/30)
[1807/6590] GradDet(th=8.0,vf=0.06)+GradSplit(th=9.0,vf=0.03)                      | ✓ OK (30/30)
[1808/6590] GradDet(th=8.0,vf=0.06)+GradSplit(th=9.0,vf=0.04)                      | ✓ OK (30/30)
[1809/6590] GradDet(th=8.0,vf=0.06)+GradSplit(th=9.0,vf=0.05)                      | ✓ OK (30/30)
[1810/6590] GradDet(th=8.0,vf=0.06)+GradSplit(th=9.0,vf=0.06)                      | ✓ OK (30/30)
[1811/6590] GradDet(th=8.0,vf=0.06)+GradSplit(th=9.0,vf=0.07)                      | ✓ OK (30/30)
[1812/6590] GradDet(th=8.0,vf=0.06)+GradSplit(th=9.0,vf=0.08)                      | ✓ OK (30/30)
[1813/6590] GradDet(th=8.0,vf=0.06)+GradSplit(th=10.0,vf=0.03)                     | ✓ OK (30/30)
[1814/6590] GradDet(th=8.0,vf=0.06)+GradSplit(th=10.0,vf=0.04)                     | ✓ OK (30/30)
[1815/6590] GradDet(th=8.0,vf=0.06)+GradSplit(th=10.0,vf=0.05)                     | ✓ OK (30/30)
[1816/6590] GradDet(th=8.0,vf=0.06)+GradSplit(th=10.0,vf=0.06)                     | ✓ OK (30/30)
[1817/6590] GradDet(th=8.0,vf=0.06)+GradSplit(th=10.0,vf=0.07)                     | ✓ OK (30/30)
[1818/6590] GradDet(th=8.0,vf=0.06)+GradSplit(th=10.0,vf=0.08)                     | ✓ OK (30/30)
[1819/6590] GradDet(th=8.0,vf=0.06)+GradSplit(th=11.0,vf=0.03)                     | ✓ OK (30/30)
[1820/6590] GradDet(th=8.0,vf=0.06)+GradSplit(th=11.0,vf=0.04)                     | ✓ OK (30/30)
[1821/6590] GradDet(th=8.0,vf=0.06)+GradSplit(th=11.0,vf=0.05)                     | ✓ OK (30/30)
[1822/6590] GradDet(th=8.0,vf=0.06)+GradSplit(th=11.0,vf=0.06)                     | ✓ OK (30/30)
[1823/6590] GradDet(th=8.0,vf=0.06)+GradSplit(th=11.0,vf=0.07)                     | ✓ OK (30/30)
[1824/6590] GradDet(th=8.0,vf=0.06)+GradSplit(th=11.0,vf=0.08)                     | ✓ OK (30/30)
[1825/6590] GradDet(th=8.0,vf=0.06)+GradSplit(th=12.0,vf=0.03)                     | ✓ OK (30/30)
[1826/6590] GradDet(th=8.0,vf=0.06)+GradSplit(th=12.0,vf=0.04)                     | ✓ OK (30/30)
[1827/6590] GradDet(th=8.0,vf=0.06)+GradSplit(th=12.0,vf=0.05)                     | ✓ OK (30/30)
[1828/6590] GradDet(th=8.0,vf=0.06)+GradSplit(th=12.0,vf=0.06)                     | ✓ OK (30/30)
[1829/6590] GradDet(th=8.0,vf=0.06)+GradSplit(th=12.0,vf=0.07)                     | ✓ OK (30/30)
[1830/6590] GradDet(th=8.0,vf=0.06)+GradSplit(th=12.0,vf=0.08)                     | ✓ OK (30/30)
[1831/6590] GradDet(th=8.0,vf=0.06)+GradSplit(th=13.0,vf=0.03)                     | ✓ OK (30/30)
[1832/6590] GradDet(th=8.0,vf=0.06)+GradSplit(th=13.0,vf=0.04)                     | ✓ OK (30/30)
[1833/6590] GradDet(th=8.0,vf=0.06)+GradSplit(th=13.0,vf=0.05)                     | ✓ OK (30/30)
[1834/6590] GradDet(th=8.0,vf=0.06)+GradSplit(th=13.0,vf=0.06)                     | ✓ OK (30/30)
[1835/6590] GradDet(th=8.0,vf=0.06)+GradSplit(th=13.0,vf=0.07)                     | ✓ OK (30/30)
[1836/6590] GradDet(th=8.0,vf=0.06)+GradSplit(th=13.0,vf=0.08)                     | ✓ OK (30/30)
[1837/6590] GradDet(th=8.0,vf=0.07)+GradSplit(th=6.0,vf=0.03)                      | ✓ OK (30/30)
[1838/6590] GradDet(th=8.0,vf=0.07)+GradSplit(th=6.0,vf=0.04)                      | ✓ OK (30/30)
[1839/6590] GradDet(th=8.0,vf=0.07)+GradSplit(th=6.0,vf=0.05)                      | ✓ OK (30/30)
[1840/6590] GradDet(th=8.0,vf=0.07)+GradSplit(th=6.0,vf=0.06)                      | ✓ OK (30/30)
[1841/6590] GradDet(th=8.0,vf=0.07)+GradSplit(th=6.0,vf=0.07)                      | ✓ OK (30/30)
[1842/6590] GradDet(th=8.0,vf=0.07)+GradSplit(th=6.0,vf=0.08)                      | ✓ OK (30/30)
[1843/6590] GradDet(th=8.0,vf=0.07)+GradSplit(th=7.0,vf=0.03)                      | ✓ OK (30/30)
[1844/6590] GradDet(th=8.0,vf=0.07)+GradSplit(th=7.0,vf=0.04)                      | ✓ OK (30/30)
[1845/6590] GradDet(th=8.0,vf=0.07)+GradSplit(th=7.0,vf=0.05)                      | ✓ OK (30/30)
[1846/6590] GradDet(th=8.0,vf=0.07)+GradSplit(th=7.0,vf=0.06)                      | ✓ OK (30/30)
[1847/6590] GradDet(th=8.0,vf=0.07)+GradSplit(th=7.0,vf=0.07)                      | ✓ OK (30/30)
[1848/6590] GradDet(th=8.0,vf=0.07)+GradSplit(th=7.0,vf=0.08)                      | ✓ OK (30/30)
[1849/6590] GradDet(th=8.0,vf=0.07)+GradSplit(th=8.0,vf=0.03)                      | ✓ OK (30/30)
[1850/6590] GradDet(th=8.0,vf=0.07)+GradSplit(th=8.0,vf=0.04)                      | ✓ OK (30/30)
[1851/6590] GradDet(th=8.0,vf=0.07)+GradSplit(th=8.0,vf=0.05)                      | ✓ OK (30/30)
[1852/6590] GradDet(th=8.0,vf=0.07)+GradSplit(th=8.0,vf=0.06)                      | ✓ OK (30/30)
[1853/6590] GradDet(th=8.0,vf=0.07)+GradSplit(th=8.0,vf=0.07)                      | ✓ OK (30/30)
[1854/6590] GradDet(th=8.0,vf=0.07)+GradSplit(th=8.0,vf=0.08)                      | ✓ OK (30/30)
[1855/6590] GradDet(th=8.0,vf=0.07)+GradSplit(th=8.5,vf=0.03)                      | ✓ OK (30/30)
[1856/6590] GradDet(th=8.0,vf=0.07)+GradSplit(th=8.5,vf=0.04)                      | ✓ OK (30/30)
[1857/6590] GradDet(th=8.0,vf=0.07)+GradSplit(th=8.5,vf=0.05)                      | ✓ OK (30/30)
[1858/6590] GradDet(th=8.0,vf=0.07)+GradSplit(th=8.5,vf=0.06)                      | ✓ OK (30/30)
[1859/6590] GradDet(th=8.0,vf=0.07)+GradSplit(th=8.5,vf=0.07)                      | ✓ OK (30/30)
[1860/6590] GradDet(th=8.0,vf=0.07)+GradSplit(th=8.5,vf=0.08)                      | ✓ OK (30/30)
[1861/6590] GradDet(th=8.0,vf=0.07)+GradSplit(th=9.0,vf=0.03)                      | ✓ OK (30/30)
[1862/6590] GradDet(th=8.0,vf=0.07)+GradSplit(th=9.0,vf=0.04)                      | ✓ OK (30/30)
[1863/6590] GradDet(th=8.0,vf=0.07)+GradSplit(th=9.0,vf=0.05)                      | ✓ OK (30/30)
[1864/6590] GradDet(th=8.0,vf=0.07)+GradSplit(th=9.0,vf=0.06)                      | ✓ OK (30/30)
[1865/6590] GradDet(th=8.0,vf=0.07)+GradSplit(th=9.0,vf=0.07)                      | ✓ OK (30/30)
[1866/6590] GradDet(th=8.0,vf=0.07)+GradSplit(th=9.0,vf=0.08)                      | ✓ OK (30/30)
[1867/6590] GradDet(th=8.0,vf=0.07)+GradSplit(th=10.0,vf=0.03)                     | ✓ OK (30/30)
[1868/6590] GradDet(th=8.0,vf=0.07)+GradSplit(th=10.0,vf=0.04)                     | ✓ OK (30/30)
[1869/6590] GradDet(th=8.0,vf=0.07)+GradSplit(th=10.0,vf=0.05)                     | ✓ OK (30/30)
[1870/6590] GradDet(th=8.0,vf=0.07)+GradSplit(th=10.0,vf=0.06)                     | ✓ OK (30/30)
[1871/6590] GradDet(th=8.0,vf=0.07)+GradSplit(th=10.0,vf=0.07)                     | ✓ OK (30/30)
[1872/6590] GradDet(th=8.0,vf=0.07)+GradSplit(th=10.0,vf=0.08)                     | ✓ OK (30/30)
[1873/6590] GradDet(th=8.0,vf=0.07)+GradSplit(th=11.0,vf=0.03)                     | ✓ OK (30/30)
[1874/6590] GradDet(th=8.0,vf=0.07)+GradSplit(th=11.0,vf=0.04)                     | ✓ OK (30/30)
[1875/6590] GradDet(th=8.0,vf=0.07)+GradSplit(th=11.0,vf=0.05)                     | ✓ OK (30/30)
[1876/6590] GradDet(th=8.0,vf=0.07)+GradSplit(th=11.0,vf=0.06)                     | ✓ OK (30/30)
[1877/6590] GradDet(th=8.0,vf=0.07)+GradSplit(th=11.0,vf=0.07)                     | ✓ OK (30/30)
[1878/6590] GradDet(th=8.0,vf=0.07)+GradSplit(th=11.0,vf=0.08)                     | ✓ OK (30/30)
[1879/6590] GradDet(th=8.0,vf=0.07)+GradSplit(th=12.0,vf=0.03)                     | ✓ OK (30/30)
[1880/6590] GradDet(th=8.0,vf=0.07)+GradSplit(th=12.0,vf=0.04)                     | ✓ OK (30/30)
[1881/6590] GradDet(th=8.0,vf=0.07)+GradSplit(th=12.0,vf=0.05)                     | ✓ OK (30/30)
[1882/6590] GradDet(th=8.0,vf=0.07)+GradSplit(th=12.0,vf=0.06)                     | ✓ OK (30/30)
[1883/6590] GradDet(th=8.0,vf=0.07)+GradSplit(th=12.0,vf=0.07)                     | ✓ OK (30/30)
[1884/6590] GradDet(th=8.0,vf=0.07)+GradSplit(th=12.0,vf=0.08)                     | ✓ OK (30/30)
[1885/6590] GradDet(th=8.0,vf=0.07)+GradSplit(th=13.0,vf=0.03)                     | ✓ OK (30/30)
[1886/6590] GradDet(th=8.0,vf=0.07)+GradSplit(th=13.0,vf=0.04)                     | ✓ OK (30/30)
[1887/6590] GradDet(th=8.0,vf=0.07)+GradSplit(th=13.0,vf=0.05)                     | ✓ OK (30/30)
[1888/6590] GradDet(th=8.0,vf=0.07)+GradSplit(th=13.0,vf=0.06)                     | ✓ OK (30/30)
[1889/6590] GradDet(th=8.0,vf=0.07)+GradSplit(th=13.0,vf=0.07)                     | ✓ OK (30/30)
[1890/6590] GradDet(th=8.0,vf=0.07)+GradSplit(th=13.0,vf=0.08)                     | ✓ OK (30/30)
[1891/6590] GradDet(th=8.0,vf=0.08)+GradSplit(th=6.0,vf=0.03)                      | ✓ OK (30/30)
[1892/6590] GradDet(th=8.0,vf=0.08)+GradSplit(th=6.0,vf=0.04)                      | ✓ OK (30/30)
[1893/6590] GradDet(th=8.0,vf=0.08)+GradSplit(th=6.0,vf=0.05)                      | ✓ OK (30/30)
[1894/6590] GradDet(th=8.0,vf=0.08)+GradSplit(th=6.0,vf=0.06)                      | ✓ OK (30/30)
[1895/6590] GradDet(th=8.0,vf=0.08)+GradSplit(th=6.0,vf=0.07)                      | ✓ OK (30/30)
[1896/6590] GradDet(th=8.0,vf=0.08)+GradSplit(th=6.0,vf=0.08)                      | ✓ OK (30/30)
[1897/6590] GradDet(th=8.0,vf=0.08)+GradSplit(th=7.0,vf=0.03)                      | ✓ OK (30/30)
[1898/6590] GradDet(th=8.0,vf=0.08)+GradSplit(th=7.0,vf=0.04)                      | ✓ OK (30/30)
[1899/6590] GradDet(th=8.0,vf=0.08)+GradSplit(th=7.0,vf=0.05)                      | ✓ OK (30/30)
[1900/6590] GradDet(th=8.0,vf=0.08)+GradSplit(th=7.0,vf=0.06)                      | ✓ OK (30/30)
[1901/6590] GradDet(th=8.0,vf=0.08)+GradSplit(th=7.0,vf=0.07)                      | ✓ OK (30/30)
[1902/6590] GradDet(th=8.0,vf=0.08)+GradSplit(th=7.0,vf=0.08)                      | ✓ OK (30/30)
[1903/6590] GradDet(th=8.0,vf=0.08)+GradSplit(th=8.0,vf=0.03)                      | ✓ OK (30/30)
[1904/6590] GradDet(th=8.0,vf=0.08)+GradSplit(th=8.0,vf=0.04)                      | ✓ OK (30/30)
[1905/6590] GradDet(th=8.0,vf=0.08)+GradSplit(th=8.0,vf=0.05)                      | ✓ OK (30/30)
[1906/6590] GradDet(th=8.0,vf=0.08)+GradSplit(th=8.0,vf=0.06)                      | ✓ OK (30/30)
[1907/6590] GradDet(th=8.0,vf=0.08)+GradSplit(th=8.0,vf=0.07)                      | ✓ OK (30/30)
[1908/6590] GradDet(th=8.0,vf=0.08)+GradSplit(th=8.0,vf=0.08)                      | ✓ OK (30/30)
[1909/6590] GradDet(th=8.0,vf=0.08)+GradSplit(th=8.5,vf=0.03)                      | ✓ OK (30/30)
[1910/6590] GradDet(th=8.0,vf=0.08)+GradSplit(th=8.5,vf=0.04)                      | ✓ OK (30/30)
[1911/6590] GradDet(th=8.0,vf=0.08)+GradSplit(th=8.5,vf=0.05)                      | ✓ OK (30/30)
[1912/6590] GradDet(th=8.0,vf=0.08)+GradSplit(th=8.5,vf=0.06)                      | ✓ OK (30/30)
[1913/6590] GradDet(th=8.0,vf=0.08)+GradSplit(th=8.5,vf=0.07)                      | ✓ OK (30/30)
[1914/6590] GradDet(th=8.0,vf=0.08)+GradSplit(th=8.5,vf=0.08)                      | ✓ OK (30/30)
[1915/6590] GradDet(th=8.0,vf=0.08)+GradSplit(th=9.0,vf=0.03)                      | ✓ OK (30/30)
[1916/6590] GradDet(th=8.0,vf=0.08)+GradSplit(th=9.0,vf=0.04)                      | ✓ OK (30/30)
[1917/6590] GradDet(th=8.0,vf=0.08)+GradSplit(th=9.0,vf=0.05)                      | ✓ OK (30/30)
[1918/6590] GradDet(th=8.0,vf=0.08)+GradSplit(th=9.0,vf=0.06)                      | ✓ OK (30/30)
[1919/6590] GradDet(th=8.0,vf=0.08)+GradSplit(th=9.0,vf=0.07)                      | ✓ OK (30/30)
[1920/6590] GradDet(th=8.0,vf=0.08)+GradSplit(th=9.0,vf=0.08)                      | ✓ OK (30/30)
[1921/6590] GradDet(th=8.0,vf=0.08)+GradSplit(th=10.0,vf=0.03)                     | ✓ OK (30/30)
[1922/6590] GradDet(th=8.0,vf=0.08)+GradSplit(th=10.0,vf=0.04)                     | ✓ OK (30/30)
[1923/6590] GradDet(th=8.0,vf=0.08)+GradSplit(th=10.0,vf=0.05)                     | ✓ OK (30/30)
[1924/6590] GradDet(th=8.0,vf=0.08)+GradSplit(th=10.0,vf=0.06)                     | ✓ OK (30/30)
[1925/6590] GradDet(th=8.0,vf=0.08)+GradSplit(th=10.0,vf=0.07)                     | ✓ OK (30/30)
[1926/6590] GradDet(th=8.0,vf=0.08)+GradSplit(th=10.0,vf=0.08)                     | ✓ OK (30/30)
[1927/6590] GradDet(th=8.0,vf=0.08)+GradSplit(th=11.0,vf=0.03)                     | ✓ OK (30/30)
[1928/6590] GradDet(th=8.0,vf=0.08)+GradSplit(th=11.0,vf=0.04)                     | ✓ OK (30/30)
[1929/6590] GradDet(th=8.0,vf=0.08)+GradSplit(th=11.0,vf=0.05)                     | ✓ OK (30/30)
[1930/6590] GradDet(th=8.0,vf=0.08)+GradSplit(th=11.0,vf=0.06)                     | ✓ OK (30/30)
[1931/6590] GradDet(th=8.0,vf=0.08)+GradSplit(th=11.0,vf=0.07)                     | ✓ OK (30/30)
[1932/6590] GradDet(th=8.0,vf=0.08)+GradSplit(th=11.0,vf=0.08)                     | ✓ OK (30/30)
[1933/6590] GradDet(th=8.0,vf=0.08)+GradSplit(th=12.0,vf=0.03)                     | ✓ OK (30/30)
[1934/6590] GradDet(th=8.0,vf=0.08)+GradSplit(th=12.0,vf=0.04)                     | ✓ OK (30/30)
[1935/6590] GradDet(th=8.0,vf=0.08)+GradSplit(th=12.0,vf=0.05)                     | ✓ OK (30/30)
[1936/6590] GradDet(th=8.0,vf=0.08)+GradSplit(th=12.0,vf=0.06)                     | ✓ OK (30/30)
[1937/6590] GradDet(th=8.0,vf=0.08)+GradSplit(th=12.0,vf=0.07)                     | ✓ OK (30/30)
[1938/6590] GradDet(th=8.0,vf=0.08)+GradSplit(th=12.0,vf=0.08)                     | ✓ OK (30/30)
[1939/6590] GradDet(th=8.0,vf=0.08)+GradSplit(th=13.0,vf=0.03)                     | ✓ OK (30/30)
[1940/6590] GradDet(th=8.0,vf=0.08)+GradSplit(th=13.0,vf=0.04)                     | ✓ OK (30/30)
[1941/6590] GradDet(th=8.0,vf=0.08)+GradSplit(th=13.0,vf=0.05)                     | ✓ OK (30/30)
[1942/6590] GradDet(th=8.0,vf=0.08)+GradSplit(th=13.0,vf=0.06)                     | ✓ OK (30/30)
[1943/6590] GradDet(th=8.0,vf=0.08)+GradSplit(th=13.0,vf=0.07)                     | ✓ OK (30/30)
[1944/6590] GradDet(th=8.0,vf=0.08)+GradSplit(th=13.0,vf=0.08)                     | ✓ OK (30/30)
[1945/6590] GradDet(th=8.5,vf=0.03)+GradSplit(th=6.0,vf=0.03)                      | ✓ OK (30/30)
[1946/6590] GradDet(th=8.5,vf=0.03)+GradSplit(th=6.0,vf=0.04)                      | ✓ OK (30/30)
[1947/6590] GradDet(th=8.5,vf=0.03)+GradSplit(th=6.0,vf=0.05)                      | ✓ OK (30/30)
[1948/6590] GradDet(th=8.5,vf=0.03)+GradSplit(th=6.0,vf=0.06)                      | ✓ OK (30/30)
[1949/6590] GradDet(th=8.5,vf=0.03)+GradSplit(th=6.0,vf=0.07)                      | ✓ OK (30/30)
[1950/6590] GradDet(th=8.5,vf=0.03)+GradSplit(th=6.0,vf=0.08)                      | ✓ OK (30/30)
[1951/6590] GradDet(th=8.5,vf=0.03)+GradSplit(th=7.0,vf=0.03)                      | ✓ OK (30/30)
[1952/6590] GradDet(th=8.5,vf=0.03)+GradSplit(th=7.0,vf=0.04)                      | ✓ OK (30/30)
[1953/6590] GradDet(th=8.5,vf=0.03)+GradSplit(th=7.0,vf=0.05)                      | ✓ OK (30/30)
[1954/6590] GradDet(th=8.5,vf=0.03)+GradSplit(th=7.0,vf=0.06)                      | ✓ OK (30/30)
[1955/6590] GradDet(th=8.5,vf=0.03)+GradSplit(th=7.0,vf=0.07)                      | ✓ OK (30/30)
[1956/6590] GradDet(th=8.5,vf=0.03)+GradSplit(th=7.0,vf=0.08)                      | ✓ OK (30/30)
[1957/6590] GradDet(th=8.5,vf=0.03)+GradSplit(th=8.0,vf=0.03)                      | ✓ OK (30/30)
[1958/6590] GradDet(th=8.5,vf=0.03)+GradSplit(th=8.0,vf=0.04)                      | ✓ OK (30/30)
[1959/6590] GradDet(th=8.5,vf=0.03)+GradSplit(th=8.0,vf=0.05)                      | ✓ OK (30/30)
[1960/6590] GradDet(th=8.5,vf=0.03)+GradSplit(th=8.0,vf=0.06)                      | ✓ OK (30/30)
[1961/6590] GradDet(th=8.5,vf=0.03)+GradSplit(th=8.0,vf=0.07)                      | ✓ OK (30/30)
[1962/6590] GradDet(th=8.5,vf=0.03)+GradSplit(th=8.0,vf=0.08)                      | ✓ OK (30/30)
[1963/6590] GradDet(th=8.5,vf=0.03)+GradSplit(th=8.5,vf=0.03)                      | ✓ OK (30/30)
[1964/6590] GradDet(th=8.5,vf=0.03)+GradSplit(th=8.5,vf=0.04)                      | ✓ OK (30/30)
[1965/6590] GradDet(th=8.5,vf=0.03)+GradSplit(th=8.5,vf=0.05)                      | ✓ OK (30/30)
[1966/6590] GradDet(th=8.5,vf=0.03)+GradSplit(th=8.5,vf=0.06)                      | ✓ OK (30/30)
[1967/6590] GradDet(th=8.5,vf=0.03)+GradSplit(th=8.5,vf=0.07)                      | ✓ OK (30/30)
[1968/6590] GradDet(th=8.5,vf=0.03)+GradSplit(th=8.5,vf=0.08)                      | ✓ OK (30/30)
[1969/6590] GradDet(th=8.5,vf=0.03)+GradSplit(th=9.0,vf=0.03)                      | ✓ OK (30/30)
[1970/6590] GradDet(th=8.5,vf=0.03)+GradSplit(th=9.0,vf=0.04)                      | ✓ OK (30/30)
[1971/6590] GradDet(th=8.5,vf=0.03)+GradSplit(th=9.0,vf=0.05)                      | ✓ OK (30/30)
[1972/6590] GradDet(th=8.5,vf=0.03)+GradSplit(th=9.0,vf=0.06)                      | ✓ OK (30/30)
[1973/6590] GradDet(th=8.5,vf=0.03)+GradSplit(th=9.0,vf=0.07)                      | ✓ OK (30/30)
[1974/6590] GradDet(th=8.5,vf=0.03)+GradSplit(th=9.0,vf=0.08)                      | ✓ OK (30/30)
[1975/6590] GradDet(th=8.5,vf=0.03)+GradSplit(th=10.0,vf=0.03)                     | ✓ OK (30/30)
[1976/6590] GradDet(th=8.5,vf=0.03)+GradSplit(th=10.0,vf=0.04)                     | ✓ OK (30/30)
[1977/6590] GradDet(th=8.5,vf=0.03)+GradSplit(th=10.0,vf=0.05)                     | ✓ OK (30/30)
[1978/6590] GradDet(th=8.5,vf=0.03)+GradSplit(th=10.0,vf=0.06)                     | ✓ OK (30/30)
[1979/6590] GradDet(th=8.5,vf=0.03)+GradSplit(th=10.0,vf=0.07)                     | ✓ OK (30/30)
[1980/6590] GradDet(th=8.5,vf=0.03)+GradSplit(th=10.0,vf=0.08)                     | ✓ OK (30/30)
[1981/6590] GradDet(th=8.5,vf=0.03)+GradSplit(th=11.0,vf=0.03)                     | ✓ OK (30/30)
[1982/6590] GradDet(th=8.5,vf=0.03)+GradSplit(th=11.0,vf=0.04)                     | ✓ OK (30/30)
[1983/6590] GradDet(th=8.5,vf=0.03)+GradSplit(th=11.0,vf=0.05)                     | ✓ OK (30/30)
[1984/6590] GradDet(th=8.5,vf=0.03)+GradSplit(th=11.0,vf=0.06)                     | ✓ OK (30/30)
[1985/6590] GradDet(th=8.5,vf=0.03)+GradSplit(th=11.0,vf=0.07)                     | ✓ OK (30/30)
[1986/6590] GradDet(th=8.5,vf=0.03)+GradSplit(th=11.0,vf=0.08)                     | ✓ OK (30/30)
[1987/6590] GradDet(th=8.5,vf=0.03)+GradSplit(th=12.0,vf=0.03)                     | ✓ OK (30/30)
[1988/6590] GradDet(th=8.5,vf=0.03)+GradSplit(th=12.0,vf=0.04)                     | ✓ OK (30/30)
[1989/6590] GradDet(th=8.5,vf=0.03)+GradSplit(th=12.0,vf=0.05)                     | ✓ OK (30/30)
[1990/6590] GradDet(th=8.5,vf=0.03)+GradSplit(th=12.0,vf=0.06)                     | ✓ OK (30/30)
[1991/6590] GradDet(th=8.5,vf=0.03)+GradSplit(th=12.0,vf=0.07)                     | ✓ OK (30/30)
[1992/6590] GradDet(th=8.5,vf=0.03)+GradSplit(th=12.0,vf=0.08)                     | ✓ OK (30/30)
[1993/6590] GradDet(th=8.5,vf=0.03)+GradSplit(th=13.0,vf=0.03)                     | ✓ OK (30/30)
[1994/6590] GradDet(th=8.5,vf=0.03)+GradSplit(th=13.0,vf=0.04)                     | ✓ OK (30/30)
[1995/6590] GradDet(th=8.5,vf=0.03)+GradSplit(th=13.0,vf=0.05)                     | ✓ OK (30/30)
[1996/6590] GradDet(th=8.5,vf=0.03)+GradSplit(th=13.0,vf=0.06)                     | ✓ OK (30/30)
[1997/6590] GradDet(th=8.5,vf=0.03)+GradSplit(th=13.0,vf=0.07)                     | ✓ OK (30/30)
[1998/6590] GradDet(th=8.5,vf=0.03)+GradSplit(th=13.0,vf=0.08)                     | ✓ OK (30/30)
[1999/6590] GradDet(th=8.5,vf=0.04)+GradSplit(th=6.0,vf=0.03)                      | ✓ OK (30/30)
[2000/6590] GradDet(th=8.5,vf=0.04)+GradSplit(th=6.0,vf=0.04)                      | ✓ OK (30/30)
[2001/6590] GradDet(th=8.5,vf=0.04)+GradSplit(th=6.0,vf=0.05)                      | ✓ OK (30/30)
[2002/6590] GradDet(th=8.5,vf=0.04)+GradSplit(th=6.0,vf=0.06)                      | ✓ OK (30/30)
[2003/6590] GradDet(th=8.5,vf=0.04)+GradSplit(th=6.0,vf=0.07)                      | ✓ OK (30/30)
[2004/6590] GradDet(th=8.5,vf=0.04)+GradSplit(th=6.0,vf=0.08)                      | ✓ OK (30/30)
[2005/6590] GradDet(th=8.5,vf=0.04)+GradSplit(th=7.0,vf=0.03)                      | ✓ OK (30/30)
[2006/6590] GradDet(th=8.5,vf=0.04)+GradSplit(th=7.0,vf=0.04)                      | ✓ OK (30/30)
[2007/6590] GradDet(th=8.5,vf=0.04)+GradSplit(th=7.0,vf=0.05)                      | ✓ OK (30/30)
[2008/6590] GradDet(th=8.5,vf=0.04)+GradSplit(th=7.0,vf=0.06)                      | ✓ OK (30/30)
[2009/6590] GradDet(th=8.5,vf=0.04)+GradSplit(th=7.0,vf=0.07)                      | ✓ OK (30/30)
[2010/6590] GradDet(th=8.5,vf=0.04)+GradSplit(th=7.0,vf=0.08)                      | ✓ OK (30/30)
[2011/6590] GradDet(th=8.5,vf=0.04)+GradSplit(th=8.0,vf=0.03)                      | ✓ OK (30/30)
[2012/6590] GradDet(th=8.5,vf=0.04)+GradSplit(th=8.0,vf=0.04)                      | ✓ OK (30/30)
[2013/6590] GradDet(th=8.5,vf=0.04)+GradSplit(th=8.0,vf=0.05)                      | ✓ OK (30/30)
[2014/6590] GradDet(th=8.5,vf=0.04)+GradSplit(th=8.0,vf=0.06)                      | ✓ OK (30/30)
[2015/6590] GradDet(th=8.5,vf=0.04)+GradSplit(th=8.0,vf=0.07)                      | ✓ OK (30/30)
[2016/6590] GradDet(th=8.5,vf=0.04)+GradSplit(th=8.0,vf=0.08)                      | ✓ OK (30/30)
[2017/6590] GradDet(th=8.5,vf=0.04)+GradSplit(th=8.5,vf=0.03)                      | ✓ OK (30/30)
[2018/6590] GradDet(th=8.5,vf=0.04)+GradSplit(th=8.5,vf=0.04)                      | ✓ OK (30/30)
[2019/6590] GradDet(th=8.5,vf=0.04)+GradSplit(th=8.5,vf=0.05)                      | ✓ OK (30/30)
[2020/6590] GradDet(th=8.5,vf=0.04)+GradSplit(th=8.5,vf=0.06)                      | ✓ OK (30/30)
[2021/6590] GradDet(th=8.5,vf=0.04)+GradSplit(th=8.5,vf=0.07)                      | ✓ OK (30/30)
[2022/6590] GradDet(th=8.5,vf=0.04)+GradSplit(th=8.5,vf=0.08)                      | ✓ OK (30/30)
[2023/6590] GradDet(th=8.5,vf=0.04)+GradSplit(th=9.0,vf=0.03)                      | ✓ OK (30/30)
[2024/6590] GradDet(th=8.5,vf=0.04)+GradSplit(th=9.0,vf=0.04)                      | ✓ OK (30/30)
[2025/6590] GradDet(th=8.5,vf=0.04)+GradSplit(th=9.0,vf=0.05)                      | ✓ OK (30/30)
[2026/6590] GradDet(th=8.5,vf=0.04)+GradSplit(th=9.0,vf=0.06)                      | ✓ OK (30/30)
[2027/6590] GradDet(th=8.5,vf=0.04)+GradSplit(th=9.0,vf=0.07)                      | ✓ OK (30/30)
[2028/6590] GradDet(th=8.5,vf=0.04)+GradSplit(th=9.0,vf=0.08)                      | ✓ OK (30/30)
[2029/6590] GradDet(th=8.5,vf=0.04)+GradSplit(th=10.0,vf=0.03)                     | ✓ OK (30/30)
[2030/6590] GradDet(th=8.5,vf=0.04)+GradSplit(th=10.0,vf=0.04)                     | ✓ OK (30/30)
[2031/6590] GradDet(th=8.5,vf=0.04)+GradSplit(th=10.0,vf=0.05)                     | ✓ OK (30/30)
[2032/6590] GradDet(th=8.5,vf=0.04)+GradSplit(th=10.0,vf=0.06)                     | ✓ OK (30/30)
[2033/6590] GradDet(th=8.5,vf=0.04)+GradSplit(th=10.0,vf=0.07)                     | ✓ OK (30/30)
[2034/6590] GradDet(th=8.5,vf=0.04)+GradSplit(th=10.0,vf=0.08)                     | ✓ OK (30/30)
[2035/6590] GradDet(th=8.5,vf=0.04)+GradSplit(th=11.0,vf=0.03)                     | ✓ OK (30/30)
[2036/6590] GradDet(th=8.5,vf=0.04)+GradSplit(th=11.0,vf=0.04)                     | ✓ OK (30/30)
[2037/6590] GradDet(th=8.5,vf=0.04)+GradSplit(th=11.0,vf=0.05)                     | ✓ OK (30/30)
[2038/6590] GradDet(th=8.5,vf=0.04)+GradSplit(th=11.0,vf=0.06)                     | ✓ OK (30/30)
[2039/6590] GradDet(th=8.5,vf=0.04)+GradSplit(th=11.0,vf=0.07)                     | ✓ OK (30/30)
[2040/6590] GradDet(th=8.5,vf=0.04)+GradSplit(th=11.0,vf=0.08)                     | ✓ OK (30/30)
[2041/6590] GradDet(th=8.5,vf=0.04)+GradSplit(th=12.0,vf=0.03)                     | ✓ OK (30/30)
[2042/6590] GradDet(th=8.5,vf=0.04)+GradSplit(th=12.0,vf=0.04)                     | ✓ OK (30/30)
[2043/6590] GradDet(th=8.5,vf=0.04)+GradSplit(th=12.0,vf=0.05)                     | ✓ OK (30/30)
[2044/6590] GradDet(th=8.5,vf=0.04)+GradSplit(th=12.0,vf=0.06)                     | ✓ OK (30/30)
[2045/6590] GradDet(th=8.5,vf=0.04)+GradSplit(th=12.0,vf=0.07)                     | ✓ OK (30/30)
[2046/6590] GradDet(th=8.5,vf=0.04)+GradSplit(th=12.0,vf=0.08)                     | ✓ OK (30/30)
[2047/6590] GradDet(th=8.5,vf=0.04)+GradSplit(th=13.0,vf=0.03)                     | ✓ OK (30/30)
[2048/6590] GradDet(th=8.5,vf=0.04)+GradSplit(th=13.0,vf=0.04)                     | ✓ OK (30/30)
[2049/6590] GradDet(th=8.5,vf=0.04)+GradSplit(th=13.0,vf=0.05)                     | ✓ OK (30/30)
[2050/6590] GradDet(th=8.5,vf=0.04)+GradSplit(th=13.0,vf=0.06)                     | ✓ OK (30/30)
[2051/6590] GradDet(th=8.5,vf=0.04)+GradSplit(th=13.0,vf=0.07)                     | ✓ OK (30/30)
[2052/6590] GradDet(th=8.5,vf=0.04)+GradSplit(th=13.0,vf=0.08)                     | ✓ OK (30/30)
[2053/6590] GradDet(th=8.5,vf=0.05)+GradSplit(th=6.0,vf=0.03)                      | ✗ 1 fail
           └─ Failures: 00017(pred:horizontal,gt:single)
[2054/6590] GradDet(th=8.5,vf=0.05)+GradSplit(th=6.0,vf=0.04)                      | ✗ 1 fail
           └─ Failures: 00017(pred:horizontal,gt:single)
[2055/6590] GradDet(th=8.5,vf=0.05)+GradSplit(th=6.0,vf=0.05)                      | ✗ 1 fail
           └─ Failures: 00017(pred:horizontal,gt:single)
[2056/6590] GradDet(th=8.5,vf=0.05)+GradSplit(th=6.0,vf=0.06)                      | ✗ 1 fail
           └─ Failures: 00017(pred:horizontal,gt:single)
[2057/6590] GradDet(th=8.5,vf=0.05)+GradSplit(th=6.0,vf=0.07)                      | ✗ 1 fail
           └─ Failures: 00017(pred:horizontal,gt:single)
[2058/6590] GradDet(th=8.5,vf=0.05)+GradSplit(th=6.0,vf=0.08)                      | ✗ 1 fail
           └─ Failures: 00017(pred:horizontal,gt:single)
[2059/6590] GradDet(th=8.5,vf=0.05)+GradSplit(th=7.0,vf=0.03)                      | ✗ 1 fail
           └─ Failures: 00017(pred:horizontal,gt:single)
[2060/6590] GradDet(th=8.5,vf=0.05)+GradSplit(th=7.0,vf=0.04)                      | ✗ 1 fail
           └─ Failures: 00017(pred:horizontal,gt:single)
[2061/6590] GradDet(th=8.5,vf=0.05)+GradSplit(th=7.0,vf=0.05)                      | ✗ 1 fail
           └─ Failures: 00017(pred:horizontal,gt:single)
[2062/6590] GradDet(th=8.5,vf=0.05)+GradSplit(th=7.0,vf=0.06)                      | ✗ 1 fail
           └─ Failures: 00017(pred:horizontal,gt:single)
[2063/6590] GradDet(th=8.5,vf=0.05)+GradSplit(th=7.0,vf=0.07)                      | ✗ 1 fail
           └─ Failures: 00017(pred:horizontal,gt:single)
[2064/6590] GradDet(th=8.5,vf=0.05)+GradSplit(th=7.0,vf=0.08)                      | ✗ 1 fail
           └─ Failures: 00017(pred:horizontal,gt:single)
[2065/6590] GradDet(th=8.5,vf=0.05)+GradSplit(th=8.0,vf=0.03)                      | ✗ 1 fail
           └─ Failures: 00017(pred:horizontal,gt:single)
[2066/6590] GradDet(th=8.5,vf=0.05)+GradSplit(th=8.0,vf=0.04)                      | ✗ 1 fail
           └─ Failures: 00017(pred:horizontal,gt:single)
[2067/6590] GradDet(th=8.5,vf=0.05)+GradSplit(th=8.0,vf=0.05)                      | ✗ 1 fail
           └─ Failures: 00017(pred:horizontal,gt:single)
[2068/6590] GradDet(th=8.5,vf=0.05)+GradSplit(th=8.0,vf=0.06)                      | ✗ 1 fail
           └─ Failures: 00017(pred:horizontal,gt:single)
[2069/6590] GradDet(th=8.5,vf=0.05)+GradSplit(th=8.0,vf=0.07)                      | ✗ 1 fail
           └─ Failures: 00017(pred:horizontal,gt:single)
[2070/6590] GradDet(th=8.5,vf=0.05)+GradSplit(th=8.0,vf=0.08)                      | ✗ 1 fail
           └─ Failures: 00017(pred:horizontal,gt:single)
[2071/6590] GradDet(th=8.5,vf=0.05)+GradSplit(th=8.5,vf=0.03)                      | ✗ 1 fail
           └─ Failures: 00017(pred:horizontal,gt:single)
[2072/6590] GradDet(th=8.5,vf=0.05)+GradSplit(th=8.5,vf=0.04)                      | ✗ 1 fail
           └─ Failures: 00017(pred:horizontal,gt:single)
[2073/6590] GradDet(th=8.5,vf=0.05)+GradSplit(th=8.5,vf=0.05)                      | ✗ 1 fail
           └─ Failures: 00017(pred:horizontal,gt:single)
[2074/6590] GradDet(th=8.5,vf=0.05)+GradSplit(th=8.5,vf=0.06)                      | ✗ 1 fail
           └─ Failures: 00017(pred:horizontal,gt:single)
[2075/6590] GradDet(th=8.5,vf=0.05)+GradSplit(th=8.5,vf=0.07)                      | ✗ 1 fail
           └─ Failures: 00017(pred:horizontal,gt:single)
[2076/6590] GradDet(th=8.5,vf=0.05)+GradSplit(th=8.5,vf=0.08)                      | ✗ 1 fail
           └─ Failures: 00017(pred:horizontal,gt:single)
[2077/6590] GradDet(th=8.5,vf=0.05)+GradSplit(th=9.0,vf=0.03)                      | ✗ 1 fail
           └─ Failures: 00017(pred:horizontal,gt:single)
[2078/6590] GradDet(th=8.5,vf=0.05)+GradSplit(th=9.0,vf=0.04)                      | ✗ 1 fail
           └─ Failures: 00017(pred:horizontal,gt:single)
[2079/6590] GradDet(th=8.5,vf=0.05)+GradSplit(th=9.0,vf=0.05)                      | ✗ 1 fail
           └─ Failures: 00017(pred:horizontal,gt:single)
[2080/6590] GradDet(th=8.5,vf=0.05)+GradSplit(th=9.0,vf=0.06)                      | ✗ 1 fail
           └─ Failures: 00017(pred:horizontal,gt:single)
[2081/6590] GradDet(th=8.5,vf=0.05)+GradSplit(th=9.0,vf=0.07)                      | ✗ 1 fail
           └─ Failures: 00017(pred:horizontal,gt:single)
[2082/6590] GradDet(th=8.5,vf=0.05)+GradSplit(th=9.0,vf=0.08)                      | ✗ 1 fail
           └─ Failures: 00017(pred:horizontal,gt:single)
[2083/6590] GradDet(th=8.5,vf=0.05)+GradSplit(th=10.0,vf=0.03)                     | ✗ 1 fail
           └─ Failures: 00017(pred:horizontal,gt:single)
[2084/6590] GradDet(th=8.5,vf=0.05)+GradSplit(th=10.0,vf=0.04)                     | ✗ 1 fail
           └─ Failures: 00017(pred:horizontal,gt:single)
[2085/6590] GradDet(th=8.5,vf=0.05)+GradSplit(th=10.0,vf=0.05)                     | ✗ 1 fail
           └─ Failures: 00017(pred:horizontal,gt:single)
[2086/6590] GradDet(th=8.5,vf=0.05)+GradSplit(th=10.0,vf=0.06)                     | ✗ 1 fail
           └─ Failures: 00017(pred:horizontal,gt:single)
[2087/6590] GradDet(th=8.5,vf=0.05)+GradSplit(th=10.0,vf=0.07)                     | ✗ 1 fail
           └─ Failures: 00017(pred:horizontal,gt:single)
[2088/6590] GradDet(th=8.5,vf=0.05)+GradSplit(th=10.0,vf=0.08)                     | ✗ 1 fail
           └─ Failures: 00017(pred:horizontal,gt:single)
[2089/6590] GradDet(th=8.5,vf=0.05)+GradSplit(th=11.0,vf=0.03)                     | ✗ 1 fail
           └─ Failures: 00017(pred:horizontal,gt:single)
[2090/6590] GradDet(th=8.5,vf=0.05)+GradSplit(th=11.0,vf=0.04)                     | ✗ 1 fail
           └─ Failures: 00017(pred:horizontal,gt:single)
[2091/6590] GradDet(th=8.5,vf=0.05)+GradSplit(th=11.0,vf=0.05)                     | ✗ 1 fail
           └─ Failures: 00017(pred:horizontal,gt:single)
[2092/6590] GradDet(th=8.5,vf=0.05)+GradSplit(th=11.0,vf=0.06)                     | ✗ 1 fail
           └─ Failures: 00017(pred:horizontal,gt:single)
[2093/6590] GradDet(th=8.5,vf=0.05)+GradSplit(th=11.0,vf=0.07)                     | ✗ 1 fail
           └─ Failures: 00017(pred:horizontal,gt:single)
[2094/6590] GradDet(th=8.5,vf=0.05)+GradSplit(th=11.0,vf=0.08)                     | ✗ 1 fail
           └─ Failures: 00017(pred:horizontal,gt:single)
[2095/6590] GradDet(th=8.5,vf=0.05)+GradSplit(th=12.0,vf=0.03)                     | ✗ 1 fail
           └─ Failures: 00017(pred:horizontal,gt:single)
[2096/6590] GradDet(th=8.5,vf=0.05)+GradSplit(th=12.0,vf=0.04)                     | ✗ 1 fail
           └─ Failures: 00017(pred:horizontal,gt:single)
[2097/6590] GradDet(th=8.5,vf=0.05)+GradSplit(th=12.0,vf=0.05)                     | ✗ 1 fail
           └─ Failures: 00017(pred:horizontal,gt:single)
[2098/6590] GradDet(th=8.5,vf=0.05)+GradSplit(th=12.0,vf=0.06)                     | ✗ 1 fail
           └─ Failures: 00017(pred:horizontal,gt:single)
[2099/6590] GradDet(th=8.5,vf=0.05)+GradSplit(th=12.0,vf=0.07)                     | ✗ 1 fail
           └─ Failures: 00017(pred:horizontal,gt:single)
[2100/6590] GradDet(th=8.5,vf=0.05)+GradSplit(th=12.0,vf=0.08)                     | ✗ 1 fail
           └─ Failures: 00017(pred:horizontal,gt:single)
[2101/6590] GradDet(th=8.5,vf=0.05)+GradSplit(th=13.0,vf=0.03)                     | ✗ 1 fail
           └─ Failures: 00017(pred:horizontal,gt:single)
[2102/6590] GradDet(th=8.5,vf=0.05)+GradSplit(th=13.0,vf=0.04)                     | ✗ 1 fail
           └─ Failures: 00017(pred:horizontal,gt:single)
[2103/6590] GradDet(th=8.5,vf=0.05)+GradSplit(th=13.0,vf=0.05)                     | ✗ 1 fail
           └─ Failures: 00017(pred:horizontal,gt:single)
[2104/6590] GradDet(th=8.5,vf=0.05)+GradSplit(th=13.0,vf=0.06)                     | ✗ 1 fail
           └─ Failures: 00017(pred:horizontal,gt:single)
[2105/6590] GradDet(th=8.5,vf=0.05)+GradSplit(th=13.0,vf=0.07)                     | ✗ 1 fail
           └─ Failures: 00017(pred:horizontal,gt:single)
[2106/6590] GradDet(th=8.5,vf=0.05)+GradSplit(th=13.0,vf=0.08)                     | ✗ 1 fail
           └─ Failures: 00017(pred:horizontal,gt:single)
[2107/6590] GradDet(th=8.5,vf=0.06)+GradSplit(th=6.0,vf=0.03)                      | ✓ OK (30/30)
[2108/6590] GradDet(th=8.5,vf=0.06)+GradSplit(th=6.0,vf=0.04)                      | ✓ OK (30/30)
[2109/6590] GradDet(th=8.5,vf=0.06)+GradSplit(th=6.0,vf=0.05)                      | ✓ OK (30/30)
[2110/6590] GradDet(th=8.5,vf=0.06)+GradSplit(th=6.0,vf=0.06)                      | ✓ OK (30/30)
[2111/6590] GradDet(th=8.5,vf=0.06)+GradSplit(th=6.0,vf=0.07)                      | ✓ OK (30/30)
[2112/6590] GradDet(th=8.5,vf=0.06)+GradSplit(th=6.0,vf=0.08)                      | ✓ OK (30/30)
[2113/6590] GradDet(th=8.5,vf=0.06)+GradSplit(th=7.0,vf=0.03)                      | ✓ OK (30/30)
[2114/6590] GradDet(th=8.5,vf=0.06)+GradSplit(th=7.0,vf=0.04)                      | ✓ OK (30/30)
[2115/6590] GradDet(th=8.5,vf=0.06)+GradSplit(th=7.0,vf=0.05)                      | ✓ OK (30/30)
[2116/6590] GradDet(th=8.5,vf=0.06)+GradSplit(th=7.0,vf=0.06)                      | ✓ OK (30/30)
[2117/6590] GradDet(th=8.5,vf=0.06)+GradSplit(th=7.0,vf=0.07)                      | ✓ OK (30/30)
[2118/6590] GradDet(th=8.5,vf=0.06)+GradSplit(th=7.0,vf=0.08)                      | ✓ OK (30/30)
[2119/6590] GradDet(th=8.5,vf=0.06)+GradSplit(th=8.0,vf=0.03)                      | ✓ OK (30/30)
[2120/6590] GradDet(th=8.5,vf=0.06)+GradSplit(th=8.0,vf=0.04)                      | ✓ OK (30/30)
[2121/6590] GradDet(th=8.5,vf=0.06)+GradSplit(th=8.0,vf=0.05)                      | ✓ OK (30/30)
[2122/6590] GradDet(th=8.5,vf=0.06)+GradSplit(th=8.0,vf=0.06)                      | ✓ OK (30/30)
[2123/6590] GradDet(th=8.5,vf=0.06)+GradSplit(th=8.0,vf=0.07)                      | ✓ OK (30/30)
[2124/6590] GradDet(th=8.5,vf=0.06)+GradSplit(th=8.0,vf=0.08)                      | ✓ OK (30/30)
[2125/6590] GradDet(th=8.5,vf=0.06)+GradSplit(th=8.5,vf=0.03)                      | ✓ OK (30/30)
[2126/6590] GradDet(th=8.5,vf=0.06)+GradSplit(th=8.5,vf=0.04)                      | ✓ OK (30/30)
[2127/6590] GradDet(th=8.5,vf=0.06)+GradSplit(th=8.5,vf=0.05)                      | ✓ OK (30/30)
[2128/6590] GradDet(th=8.5,vf=0.06)+GradSplit(th=8.5,vf=0.06)                      | ✓ OK (30/30)
[2129/6590] GradDet(th=8.5,vf=0.06)+GradSplit(th=8.5,vf=0.07)                      | ✓ OK (30/30)
[2130/6590] GradDet(th=8.5,vf=0.06)+GradSplit(th=8.5,vf=0.08)                      | ✓ OK (30/30)
[2131/6590] GradDet(th=8.5,vf=0.06)+GradSplit(th=9.0,vf=0.03)                      | ✓ OK (30/30)
[2132/6590] GradDet(th=8.5,vf=0.06)+GradSplit(th=9.0,vf=0.04)                      | ✓ OK (30/30)
[2133/6590] GradDet(th=8.5,vf=0.06)+GradSplit(th=9.0,vf=0.05)                      | ✓ OK (30/30)
[2134/6590] GradDet(th=8.5,vf=0.06)+GradSplit(th=9.0,vf=0.06)                      | ✓ OK (30/30)
[2135/6590] GradDet(th=8.5,vf=0.06)+GradSplit(th=9.0,vf=0.07)                      | ✓ OK (30/30)
[2136/6590] GradDet(th=8.5,vf=0.06)+GradSplit(th=9.0,vf=0.08)                      | ✓ OK (30/30)
[2137/6590] GradDet(th=8.5,vf=0.06)+GradSplit(th=10.0,vf=0.03)                     | ✓ OK (30/30)
[2138/6590] GradDet(th=8.5,vf=0.06)+GradSplit(th=10.0,vf=0.04)                     | ✓ OK (30/30)
[2139/6590] GradDet(th=8.5,vf=0.06)+GradSplit(th=10.0,vf=0.05)                     | ✓ OK (30/30)
[2140/6590] GradDet(th=8.5,vf=0.06)+GradSplit(th=10.0,vf=0.06)                     | ✓ OK (30/30)
[2141/6590] GradDet(th=8.5,vf=0.06)+GradSplit(th=10.0,vf=0.07)                     | ✓ OK (30/30)
[2142/6590] GradDet(th=8.5,vf=0.06)+GradSplit(th=10.0,vf=0.08)                     | ✓ OK (30/30)
[2143/6590] GradDet(th=8.5,vf=0.06)+GradSplit(th=11.0,vf=0.03)                     | ✓ OK (30/30)
[2144/6590] GradDet(th=8.5,vf=0.06)+GradSplit(th=11.0,vf=0.04)                     | ✓ OK (30/30)
[2145/6590] GradDet(th=8.5,vf=0.06)+GradSplit(th=11.0,vf=0.05)                     | ✓ OK (30/30)
[2146/6590] GradDet(th=8.5,vf=0.06)+GradSplit(th=11.0,vf=0.06)                     | ✓ OK (30/30)
[2147/6590] GradDet(th=8.5,vf=0.06)+GradSplit(th=11.0,vf=0.07)                     | ✓ OK (30/30)
[2148/6590] GradDet(th=8.5,vf=0.06)+GradSplit(th=11.0,vf=0.08)                     | ✓ OK (30/30)
[2149/6590] GradDet(th=8.5,vf=0.06)+GradSplit(th=12.0,vf=0.03)                     | ✓ OK (30/30)
[2150/6590] GradDet(th=8.5,vf=0.06)+GradSplit(th=12.0,vf=0.04)                     | ✓ OK (30/30)
[2151/6590] GradDet(th=8.5,vf=0.06)+GradSplit(th=12.0,vf=0.05)                     | ✓ OK (30/30)
[2152/6590] GradDet(th=8.5,vf=0.06)+GradSplit(th=12.0,vf=0.06)                     | ✓ OK (30/30)
[2153/6590] GradDet(th=8.5,vf=0.06)+GradSplit(th=12.0,vf=0.07)                     | ✓ OK (30/30)
[2154/6590] GradDet(th=8.5,vf=0.06)+GradSplit(th=12.0,vf=0.08)                     | ✓ OK (30/30)
[2155/6590] GradDet(th=8.5,vf=0.06)+GradSplit(th=13.0,vf=0.03)                     | ✓ OK (30/30)
[2156/6590] GradDet(th=8.5,vf=0.06)+GradSplit(th=13.0,vf=0.04)                     | ✓ OK (30/30)
[2157/6590] GradDet(th=8.5,vf=0.06)+GradSplit(th=13.0,vf=0.05)                     | ✓ OK (30/30)
[2158/6590] GradDet(th=8.5,vf=0.06)+GradSplit(th=13.0,vf=0.06)                     | ✓ OK (30/30)
[2159/6590] GradDet(th=8.5,vf=0.06)+GradSplit(th=13.0,vf=0.07)                     | ✓ OK (30/30)
[2160/6590] GradDet(th=8.5,vf=0.06)+GradSplit(th=13.0,vf=0.08)                     | ✓ OK (30/30)
[2161/6590] GradDet(th=8.5,vf=0.07)+GradSplit(th=6.0,vf=0.03)                      | ✓ OK (30/30)
[2162/6590] GradDet(th=8.5,vf=0.07)+GradSplit(th=6.0,vf=0.04)                      | ✓ OK (30/30)
[2163/6590] GradDet(th=8.5,vf=0.07)+GradSplit(th=6.0,vf=0.05)                      | ✓ OK (30/30)
[2164/6590] GradDet(th=8.5,vf=0.07)+GradSplit(th=6.0,vf=0.06)                      | ✓ OK (30/30)
[2165/6590] GradDet(th=8.5,vf=0.07)+GradSplit(th=6.0,vf=0.07)                      | ✓ OK (30/30)
[2166/6590] GradDet(th=8.5,vf=0.07)+GradSplit(th=6.0,vf=0.08)                      | ✓ OK (30/30)
[2167/6590] GradDet(th=8.5,vf=0.07)+GradSplit(th=7.0,vf=0.03)                      | ✓ OK (30/30)
[2168/6590] GradDet(th=8.5,vf=0.07)+GradSplit(th=7.0,vf=0.04)                      | ✓ OK (30/30)
[2169/6590] GradDet(th=8.5,vf=0.07)+GradSplit(th=7.0,vf=0.05)                      | ✓ OK (30/30)
[2170/6590] GradDet(th=8.5,vf=0.07)+GradSplit(th=7.0,vf=0.06)                      | ✓ OK (30/30)
[2171/6590] GradDet(th=8.5,vf=0.07)+GradSplit(th=7.0,vf=0.07)                      | ✓ OK (30/30)
[2172/6590] GradDet(th=8.5,vf=0.07)+GradSplit(th=7.0,vf=0.08)                      | ✓ OK (30/30)
[2173/6590] GradDet(th=8.5,vf=0.07)+GradSplit(th=8.0,vf=0.03)                      | ✓ OK (30/30)
[2174/6590] GradDet(th=8.5,vf=0.07)+GradSplit(th=8.0,vf=0.04)                      | ✓ OK (30/30)
[2175/6590] GradDet(th=8.5,vf=0.07)+GradSplit(th=8.0,vf=0.05)                      | ✓ OK (30/30)
[2176/6590] GradDet(th=8.5,vf=0.07)+GradSplit(th=8.0,vf=0.06)                      | ✓ OK (30/30)
[2177/6590] GradDet(th=8.5,vf=0.07)+GradSplit(th=8.0,vf=0.07)                      | ✓ OK (30/30)
[2178/6590] GradDet(th=8.5,vf=0.07)+GradSplit(th=8.0,vf=0.08)                      | ✓ OK (30/30)
[2179/6590] GradDet(th=8.5,vf=0.07)+GradSplit(th=8.5,vf=0.03)                      | ✓ OK (30/30)
[2180/6590] GradDet(th=8.5,vf=0.07)+GradSplit(th=8.5,vf=0.04)                      | ✓ OK (30/30)
[2181/6590] GradDet(th=8.5,vf=0.07)+GradSplit(th=8.5,vf=0.05)                      | ✓ OK (30/30)
[2182/6590] GradDet(th=8.5,vf=0.07)+GradSplit(th=8.5,vf=0.06)                      | ✓ OK (30/30)
[2183/6590] GradDet(th=8.5,vf=0.07)+GradSplit(th=8.5,vf=0.07)                      | ✓ OK (30/30)
[2184/6590] GradDet(th=8.5,vf=0.07)+GradSplit(th=8.5,vf=0.08)                      | ✓ OK (30/30)
[2185/6590] GradDet(th=8.5,vf=0.07)+GradSplit(th=9.0,vf=0.03)                      | ✓ OK (30/30)
[2186/6590] GradDet(th=8.5,vf=0.07)+GradSplit(th=9.0,vf=0.04)                      | ✓ OK (30/30)
[2187/6590] GradDet(th=8.5,vf=0.07)+GradSplit(th=9.0,vf=0.05)                      | ✓ OK (30/30)
[2188/6590] GradDet(th=8.5,vf=0.07)+GradSplit(th=9.0,vf=0.06)                      | ✓ OK (30/30)
[2189/6590] GradDet(th=8.5,vf=0.07)+GradSplit(th=9.0,vf=0.07)                      | ✓ OK (30/30)
[2190/6590] GradDet(th=8.5,vf=0.07)+GradSplit(th=9.0,vf=0.08)                      | ✓ OK (30/30)
[2191/6590] GradDet(th=8.5,vf=0.07)+GradSplit(th=10.0,vf=0.03)                     | ✓ OK (30/30)
[2192/6590] GradDet(th=8.5,vf=0.07)+GradSplit(th=10.0,vf=0.04)                     | ✓ OK (30/30)
[2193/6590] GradDet(th=8.5,vf=0.07)+GradSplit(th=10.0,vf=0.05)                     | ✓ OK (30/30)
[2194/6590] GradDet(th=8.5,vf=0.07)+GradSplit(th=10.0,vf=0.06)                     | ✓ OK (30/30)
[2195/6590] GradDet(th=8.5,vf=0.07)+GradSplit(th=10.0,vf=0.07)                     | ✓ OK (30/30)
[2196/6590] GradDet(th=8.5,vf=0.07)+GradSplit(th=10.0,vf=0.08)                     | ✓ OK (30/30)
[2197/6590] GradDet(th=8.5,vf=0.07)+GradSplit(th=11.0,vf=0.03)                     | ✓ OK (30/30)
[2198/6590] GradDet(th=8.5,vf=0.07)+GradSplit(th=11.0,vf=0.04)                     | ✓ OK (30/30)
[2199/6590] GradDet(th=8.5,vf=0.07)+GradSplit(th=11.0,vf=0.05)                     | ✓ OK (30/30)
[2200/6590] GradDet(th=8.5,vf=0.07)+GradSplit(th=11.0,vf=0.06)                     | ✓ OK (30/30)
[2201/6590] GradDet(th=8.5,vf=0.07)+GradSplit(th=11.0,vf=0.07)                     | ✓ OK (30/30)
[2202/6590] GradDet(th=8.5,vf=0.07)+GradSplit(th=11.0,vf=0.08)                     | ✓ OK (30/30)
[2203/6590] GradDet(th=8.5,vf=0.07)+GradSplit(th=12.0,vf=0.03)                     | ✓ OK (30/30)
[2204/6590] GradDet(th=8.5,vf=0.07)+GradSplit(th=12.0,vf=0.04)                     | ✓ OK (30/30)
[2205/6590] GradDet(th=8.5,vf=0.07)+GradSplit(th=12.0,vf=0.05)                     | ✓ OK (30/30)
[2206/6590] GradDet(th=8.5,vf=0.07)+GradSplit(th=12.0,vf=0.06)                     | ✓ OK (30/30)
[2207/6590] GradDet(th=8.5,vf=0.07)+GradSplit(th=12.0,vf=0.07)                     | ✓ OK (30/30)
[2208/6590] GradDet(th=8.5,vf=0.07)+GradSplit(th=12.0,vf=0.08)                     | ✓ OK (30/30)
[2209/6590] GradDet(th=8.5,vf=0.07)+GradSplit(th=13.0,vf=0.03)                     | ✓ OK (30/30)
[2210/6590] GradDet(th=8.5,vf=0.07)+GradSplit(th=13.0,vf=0.04)                     | ✓ OK (30/30)
[2211/6590] GradDet(th=8.5,vf=0.07)+GradSplit(th=13.0,vf=0.05)                     | ✓ OK (30/30)
[2212/6590] GradDet(th=8.5,vf=0.07)+GradSplit(th=13.0,vf=0.06)                     | ✓ OK (30/30)
[2213/6590] GradDet(th=8.5,vf=0.07)+GradSplit(th=13.0,vf=0.07)                     | ✓ OK (30/30)
[2214/6590] GradDet(th=8.5,vf=0.07)+GradSplit(th=13.0,vf=0.08)                     | ✓ OK (30/30)
[2215/6590] GradDet(th=8.5,vf=0.08)+GradSplit(th=6.0,vf=0.03)                      | ✓ OK (30/30)
[2216/6590] GradDet(th=8.5,vf=0.08)+GradSplit(th=6.0,vf=0.04)                      | ✓ OK (30/30)
[2217/6590] GradDet(th=8.5,vf=0.08)+GradSplit(th=6.0,vf=0.05)                      | ✓ OK (30/30)
[2218/6590] GradDet(th=8.5,vf=0.08)+GradSplit(th=6.0,vf=0.06)                      | ✓ OK (30/30)
[2219/6590] GradDet(th=8.5,vf=0.08)+GradSplit(th=6.0,vf=0.07)                      | ✓ OK (30/30)
[2220/6590] GradDet(th=8.5,vf=0.08)+GradSplit(th=6.0,vf=0.08)                      | ✓ OK (30/30)
[2221/6590] GradDet(th=8.5,vf=0.08)+GradSplit(th=7.0,vf=0.03)                      | ✓ OK (30/30)
[2222/6590] GradDet(th=8.5,vf=0.08)+GradSplit(th=7.0,vf=0.04)                      | ✓ OK (30/30)
[2223/6590] GradDet(th=8.5,vf=0.08)+GradSplit(th=7.0,vf=0.05)                      | ✓ OK (30/30)
[2224/6590] GradDet(th=8.5,vf=0.08)+GradSplit(th=7.0,vf=0.06)                      | ✓ OK (30/30)
[2225/6590] GradDet(th=8.5,vf=0.08)+GradSplit(th=7.0,vf=0.07)                      | ✓ OK (30/30)
[2226/6590] GradDet(th=8.5,vf=0.08)+GradSplit(th=7.0,vf=0.08)                      | ✓ OK (30/30)
[2227/6590] GradDet(th=8.5,vf=0.08)+GradSplit(th=8.0,vf=0.03)                      | ✓ OK (30/30)
[2228/6590] GradDet(th=8.5,vf=0.08)+GradSplit(th=8.0,vf=0.04)                      | ✓ OK (30/30)
[2229/6590] GradDet(th=8.5,vf=0.08)+GradSplit(th=8.0,vf=0.05)                      | ✓ OK (30/30)
[2230/6590] GradDet(th=8.5,vf=0.08)+GradSplit(th=8.0,vf=0.06)                      | ✓ OK (30/30)
[2231/6590] GradDet(th=8.5,vf=0.08)+GradSplit(th=8.0,vf=0.07)                      | ✓ OK (30/30)
[2232/6590] GradDet(th=8.5,vf=0.08)+GradSplit(th=8.0,vf=0.08)                      | ✓ OK (30/30)
[2233/6590] GradDet(th=8.5,vf=0.08)+GradSplit(th=8.5,vf=0.03)                      | ✓ OK (30/30)
[2234/6590] GradDet(th=8.5,vf=0.08)+GradSplit(th=8.5,vf=0.04)                      | ✓ OK (30/30)
[2235/6590] GradDet(th=8.5,vf=0.08)+GradSplit(th=8.5,vf=0.05)                      | ✓ OK (30/30)
[2236/6590] GradDet(th=8.5,vf=0.08)+GradSplit(th=8.5,vf=0.06)                      | ✓ OK (30/30)
[2237/6590] GradDet(th=8.5,vf=0.08)+GradSplit(th=8.5,vf=0.07)                      | ✓ OK (30/30)
[2238/6590] GradDet(th=8.5,vf=0.08)+GradSplit(th=8.5,vf=0.08)                      | ✓ OK (30/30)
[2239/6590] GradDet(th=8.5,vf=0.08)+GradSplit(th=9.0,vf=0.03)                      | ✓ OK (30/30)
[2240/6590] GradDet(th=8.5,vf=0.08)+GradSplit(th=9.0,vf=0.04)                      | ✓ OK (30/30)
[2241/6590] GradDet(th=8.5,vf=0.08)+GradSplit(th=9.0,vf=0.05)                      | ✓ OK (30/30)
[2242/6590] GradDet(th=8.5,vf=0.08)+GradSplit(th=9.0,vf=0.06)                      | ✓ OK (30/30)
[2243/6590] GradDet(th=8.5,vf=0.08)+GradSplit(th=9.0,vf=0.07)                      | ✓ OK (30/30)
[2244/6590] GradDet(th=8.5,vf=0.08)+GradSplit(th=9.0,vf=0.08)                      | ✓ OK (30/30)
[2245/6590] GradDet(th=8.5,vf=0.08)+GradSplit(th=10.0,vf=0.03)                     | ✓ OK (30/30)
[2246/6590] GradDet(th=8.5,vf=0.08)+GradSplit(th=10.0,vf=0.04)                     | ✓ OK (30/30)
[2247/6590] GradDet(th=8.5,vf=0.08)+GradSplit(th=10.0,vf=0.05)                     | ✓ OK (30/30)
[2248/6590] GradDet(th=8.5,vf=0.08)+GradSplit(th=10.0,vf=0.06)                     | ✓ OK (30/30)
[2249/6590] GradDet(th=8.5,vf=0.08)+GradSplit(th=10.0,vf=0.07)                     | ✓ OK (30/30)
[2250/6590] GradDet(th=8.5,vf=0.08)+GradSplit(th=10.0,vf=0.08)                     | ✓ OK (30/30)
[2251/6590] GradDet(th=8.5,vf=0.08)+GradSplit(th=11.0,vf=0.03)                     | ✓ OK (30/30)
[2252/6590] GradDet(th=8.5,vf=0.08)+GradSplit(th=11.0,vf=0.04)                     | ✓ OK (30/30)
[2253/6590] GradDet(th=8.5,vf=0.08)+GradSplit(th=11.0,vf=0.05)                     | ✓ OK (30/30)
[2254/6590] GradDet(th=8.5,vf=0.08)+GradSplit(th=11.0,vf=0.06)                     | ✓ OK (30/30)
[2255/6590] GradDet(th=8.5,vf=0.08)+GradSplit(th=11.0,vf=0.07)                     | ✓ OK (30/30)
[2256/6590] GradDet(th=8.5,vf=0.08)+GradSplit(th=11.0,vf=0.08)                     | ✓ OK (30/30)
[2257/6590] GradDet(th=8.5,vf=0.08)+GradSplit(th=12.0,vf=0.03)                     | ✓ OK (30/30)
[2258/6590] GradDet(th=8.5,vf=0.08)+GradSplit(th=12.0,vf=0.04)                     | ✓ OK (30/30)
[2259/6590] GradDet(th=8.5,vf=0.08)+GradSplit(th=12.0,vf=0.05)                     | ✓ OK (30/30)
[2260/6590] GradDet(th=8.5,vf=0.08)+GradSplit(th=12.0,vf=0.06)                     | ✓ OK (30/30)
[2261/6590] GradDet(th=8.5,vf=0.08)+GradSplit(th=12.0,vf=0.07)                     | ✓ OK (30/30)
[2262/6590] GradDet(th=8.5,vf=0.08)+GradSplit(th=12.0,vf=0.08)                     | ✓ OK (30/30)
[2263/6590] GradDet(th=8.5,vf=0.08)+GradSplit(th=13.0,vf=0.03)                     | ✓ OK (30/30)
[2264/6590] GradDet(th=8.5,vf=0.08)+GradSplit(th=13.0,vf=0.04)                     | ✓ OK (30/30)
[2265/6590] GradDet(th=8.5,vf=0.08)+GradSplit(th=13.0,vf=0.05)                     | ✓ OK (30/30)
[2266/6590] GradDet(th=8.5,vf=0.08)+GradSplit(th=13.0,vf=0.06)                     | ✓ OK (30/30)
[2267/6590] GradDet(th=8.5,vf=0.08)+GradSplit(th=13.0,vf=0.07)                     | ✓ OK (30/30)
[2268/6590] GradDet(th=8.5,vf=0.08)+GradSplit(th=13.0,vf=0.08)                     | ✓ OK (30/30)
[2269/6590] GradDet(th=9.0,vf=0.03)+GradSplit(th=6.0,vf=0.03)                      | ✓ OK (30/30)
[2270/6590] GradDet(th=9.0,vf=0.03)+GradSplit(th=6.0,vf=0.04)                      | ✓ OK (30/30)
[2271/6590] GradDet(th=9.0,vf=0.03)+GradSplit(th=6.0,vf=0.05)                      | ✓ OK (30/30)
[2272/6590] GradDet(th=9.0,vf=0.03)+GradSplit(th=6.0,vf=0.06)                      | ✓ OK (30/30)
[2273/6590] GradDet(th=9.0,vf=0.03)+GradSplit(th=6.0,vf=0.07)                      | ✓ OK (30/30)
[2274/6590] GradDet(th=9.0,vf=0.03)+GradSplit(th=6.0,vf=0.08)                      | ✓ OK (30/30)
[2275/6590] GradDet(th=9.0,vf=0.03)+GradSplit(th=7.0,vf=0.03)                      | ✓ OK (30/30)
[2276/6590] GradDet(th=9.0,vf=0.03)+GradSplit(th=7.0,vf=0.04)                      | ✓ OK (30/30)
[2277/6590] GradDet(th=9.0,vf=0.03)+GradSplit(th=7.0,vf=0.05)                      | ✓ OK (30/30)
[2278/6590] GradDet(th=9.0,vf=0.03)+GradSplit(th=7.0,vf=0.06)                      | ✓ OK (30/30)
[2279/6590] GradDet(th=9.0,vf=0.03)+GradSplit(th=7.0,vf=0.07)                      | ✓ OK (30/30)
[2280/6590] GradDet(th=9.0,vf=0.03)+GradSplit(th=7.0,vf=0.08)                      | ✓ OK (30/30)
[2281/6590] GradDet(th=9.0,vf=0.03)+GradSplit(th=8.0,vf=0.03)                      | ✓ OK (30/30)
[2282/6590] GradDet(th=9.0,vf=0.03)+GradSplit(th=8.0,vf=0.04)                      | ✓ OK (30/30)
[2283/6590] GradDet(th=9.0,vf=0.03)+GradSplit(th=8.0,vf=0.05)                      | ✓ OK (30/30)
[2284/6590] GradDet(th=9.0,vf=0.03)+GradSplit(th=8.0,vf=0.06)                      | ✓ OK (30/30)
[2285/6590] GradDet(th=9.0,vf=0.03)+GradSplit(th=8.0,vf=0.07)                      | ✓ OK (30/30)
[2286/6590] GradDet(th=9.0,vf=0.03)+GradSplit(th=8.0,vf=0.08)                      | ✓ OK (30/30)
[2287/6590] GradDet(th=9.0,vf=0.03)+GradSplit(th=8.5,vf=0.03)                      | ✓ OK (30/30)
[2288/6590] GradDet(th=9.0,vf=0.03)+GradSplit(th=8.5,vf=0.04)                      | ✓ OK (30/30)
[2289/6590] GradDet(th=9.0,vf=0.03)+GradSplit(th=8.5,vf=0.05)                      | ✓ OK (30/30)
[2290/6590] GradDet(th=9.0,vf=0.03)+GradSplit(th=8.5,vf=0.06)                      | ✓ OK (30/30)
[2291/6590] GradDet(th=9.0,vf=0.03)+GradSplit(th=8.5,vf=0.07)                      | ✓ OK (30/30)
[2292/6590] GradDet(th=9.0,vf=0.03)+GradSplit(th=8.5,vf=0.08)                      | ✓ OK (30/30)
[2293/6590] GradDet(th=9.0,vf=0.03)+GradSplit(th=9.0,vf=0.03)                      | ✓ OK (30/30)
[2294/6590] GradDet(th=9.0,vf=0.03)+GradSplit(th=9.0,vf=0.04)                      | ✓ OK (30/30)
[2295/6590] GradDet(th=9.0,vf=0.03)+GradSplit(th=9.0,vf=0.05)                      | ✓ OK (30/30)
[2296/6590] GradDet(th=9.0,vf=0.03)+GradSplit(th=9.0,vf=0.06)                      | ✓ OK (30/30)
[2297/6590] GradDet(th=9.0,vf=0.03)+GradSplit(th=9.0,vf=0.07)                      | ✓ OK (30/30)
[2298/6590] GradDet(th=9.0,vf=0.03)+GradSplit(th=9.0,vf=0.08)                      | ✓ OK (30/30)
[2299/6590] GradDet(th=9.0,vf=0.03)+GradSplit(th=10.0,vf=0.03)                     | ✓ OK (30/30)
[2300/6590] GradDet(th=9.0,vf=0.03)+GradSplit(th=10.0,vf=0.04)                     | ✓ OK (30/30)
[2301/6590] GradDet(th=9.0,vf=0.03)+GradSplit(th=10.0,vf=0.05)                     | ✓ OK (30/30)
[2302/6590] GradDet(th=9.0,vf=0.03)+GradSplit(th=10.0,vf=0.06)                     | ✓ OK (30/30)
[2303/6590] GradDet(th=9.0,vf=0.03)+GradSplit(th=10.0,vf=0.07)                     | ✓ OK (30/30)
[2304/6590] GradDet(th=9.0,vf=0.03)+GradSplit(th=10.0,vf=0.08)                     | ✓ OK (30/30)
[2305/6590] GradDet(th=9.0,vf=0.03)+GradSplit(th=11.0,vf=0.03)                     | ✓ OK (30/30)
[2306/6590] GradDet(th=9.0,vf=0.03)+GradSplit(th=11.0,vf=0.04)                     | ✓ OK (30/30)
[2307/6590] GradDet(th=9.0,vf=0.03)+GradSplit(th=11.0,vf=0.05)                     | ✓ OK (30/30)
[2308/6590] GradDet(th=9.0,vf=0.03)+GradSplit(th=11.0,vf=0.06)                     | ✓ OK (30/30)
[2309/6590] GradDet(th=9.0,vf=0.03)+GradSplit(th=11.0,vf=0.07)                     | ✓ OK (30/30)
[2310/6590] GradDet(th=9.0,vf=0.03)+GradSplit(th=11.0,vf=0.08)                     | ✓ OK (30/30)
[2311/6590] GradDet(th=9.0,vf=0.03)+GradSplit(th=12.0,vf=0.03)                     | ✓ OK (30/30)
[2312/6590] GradDet(th=9.0,vf=0.03)+GradSplit(th=12.0,vf=0.04)                     | ✓ OK (30/30)
[2313/6590] GradDet(th=9.0,vf=0.03)+GradSplit(th=12.0,vf=0.05)                     | ✓ OK (30/30)
[2314/6590] GradDet(th=9.0,vf=0.03)+GradSplit(th=12.0,vf=0.06)                     | ✓ OK (30/30)
[2315/6590] GradDet(th=9.0,vf=0.03)+GradSplit(th=12.0,vf=0.07)                     | ✓ OK (30/30)
[2316/6590] GradDet(th=9.0,vf=0.03)+GradSplit(th=12.0,vf=0.08)                     | ✓ OK (30/30)
[2317/6590] GradDet(th=9.0,vf=0.03)+GradSplit(th=13.0,vf=0.03)                     | ✓ OK (30/30)
[2318/6590] GradDet(th=9.0,vf=0.03)+GradSplit(th=13.0,vf=0.04)                     | ✓ OK (30/30)
[2319/6590] GradDet(th=9.0,vf=0.03)+GradSplit(th=13.0,vf=0.05)                     | ✓ OK (30/30)
[2320/6590] GradDet(th=9.0,vf=0.03)+GradSplit(th=13.0,vf=0.06)                     | ✓ OK (30/30)
[2321/6590] GradDet(th=9.0,vf=0.03)+GradSplit(th=13.0,vf=0.07)                     | ✓ OK (30/30)
[2322/6590] GradDet(th=9.0,vf=0.03)+GradSplit(th=13.0,vf=0.08)                     | ✓ OK (30/30)
[2323/6590] GradDet(th=9.0,vf=0.04)+GradSplit(th=6.0,vf=0.03)                      | ✓ OK (30/30)
[2324/6590] GradDet(th=9.0,vf=0.04)+GradSplit(th=6.0,vf=0.04)                      | ✓ OK (30/30)
[2325/6590] GradDet(th=9.0,vf=0.04)+GradSplit(th=6.0,vf=0.05)                      | ✓ OK (30/30)
[2326/6590] GradDet(th=9.0,vf=0.04)+GradSplit(th=6.0,vf=0.06)                      | ✓ OK (30/30)
[2327/6590] GradDet(th=9.0,vf=0.04)+GradSplit(th=6.0,vf=0.07)                      | ✓ OK (30/30)
[2328/6590] GradDet(th=9.0,vf=0.04)+GradSplit(th=6.0,vf=0.08)                      | ✓ OK (30/30)
[2329/6590] GradDet(th=9.0,vf=0.04)+GradSplit(th=7.0,vf=0.03)                      | ✓ OK (30/30)
[2330/6590] GradDet(th=9.0,vf=0.04)+GradSplit(th=7.0,vf=0.04)                      | ✓ OK (30/30)
[2331/6590] GradDet(th=9.0,vf=0.04)+GradSplit(th=7.0,vf=0.05)                      | ✓ OK (30/30)
[2332/6590] GradDet(th=9.0,vf=0.04)+GradSplit(th=7.0,vf=0.06)                      | ✓ OK (30/30)
[2333/6590] GradDet(th=9.0,vf=0.04)+GradSplit(th=7.0,vf=0.07)                      | ✓ OK (30/30)
[2334/6590] GradDet(th=9.0,vf=0.04)+GradSplit(th=7.0,vf=0.08)                      | ✓ OK (30/30)
[2335/6590] GradDet(th=9.0,vf=0.04)+GradSplit(th=8.0,vf=0.03)                      | ✓ OK (30/30)
[2336/6590] GradDet(th=9.0,vf=0.04)+GradSplit(th=8.0,vf=0.04)                      | ✓ OK (30/30)
[2337/6590] GradDet(th=9.0,vf=0.04)+GradSplit(th=8.0,vf=0.05)                      | ✓ OK (30/30)
[2338/6590] GradDet(th=9.0,vf=0.04)+GradSplit(th=8.0,vf=0.06)                      | ✓ OK (30/30)
[2339/6590] GradDet(th=9.0,vf=0.04)+GradSplit(th=8.0,vf=0.07)                      | ✓ OK (30/30)
[2340/6590] GradDet(th=9.0,vf=0.04)+GradSplit(th=8.0,vf=0.08)                      | ✓ OK (30/30)
[2341/6590] GradDet(th=9.0,vf=0.04)+GradSplit(th=8.5,vf=0.03)                      | ✓ OK (30/30)
[2342/6590] GradDet(th=9.0,vf=0.04)+GradSplit(th=8.5,vf=0.04)                      | ✓ OK (30/30)
[2343/6590] GradDet(th=9.0,vf=0.04)+GradSplit(th=8.5,vf=0.05)                      | ✓ OK (30/30)
[2344/6590] GradDet(th=9.0,vf=0.04)+GradSplit(th=8.5,vf=0.06)                      | ✓ OK (30/30)
[2345/6590] GradDet(th=9.0,vf=0.04)+GradSplit(th=8.5,vf=0.07)                      | ✓ OK (30/30)
[2346/6590] GradDet(th=9.0,vf=0.04)+GradSplit(th=8.5,vf=0.08)                      | ✓ OK (30/30)
[2347/6590] GradDet(th=9.0,vf=0.04)+GradSplit(th=9.0,vf=0.03)                      | ✓ OK (30/30)
[2348/6590] GradDet(th=9.0,vf=0.04)+GradSplit(th=9.0,vf=0.04)                      | ✓ OK (30/30)
[2349/6590] GradDet(th=9.0,vf=0.04)+GradSplit(th=9.0,vf=0.05)                      | ✓ OK (30/30)
[2350/6590] GradDet(th=9.0,vf=0.04)+GradSplit(th=9.0,vf=0.06)                      | ✓ OK (30/30)
[2351/6590] GradDet(th=9.0,vf=0.04)+GradSplit(th=9.0,vf=0.07)                      | ✓ OK (30/30)
[2352/6590] GradDet(th=9.0,vf=0.04)+GradSplit(th=9.0,vf=0.08)                      | ✓ OK (30/30)
[2353/6590] GradDet(th=9.0,vf=0.04)+GradSplit(th=10.0,vf=0.03)                     | ✓ OK (30/30)
[2354/6590] GradDet(th=9.0,vf=0.04)+GradSplit(th=10.0,vf=0.04)                     | ✓ OK (30/30)
[2355/6590] GradDet(th=9.0,vf=0.04)+GradSplit(th=10.0,vf=0.05)                     | ✓ OK (30/30)
[2356/6590] GradDet(th=9.0,vf=0.04)+GradSplit(th=10.0,vf=0.06)                     | ✓ OK (30/30)
[2357/6590] GradDet(th=9.0,vf=0.04)+GradSplit(th=10.0,vf=0.07)                     | ✓ OK (30/30)
[2358/6590] GradDet(th=9.0,vf=0.04)+GradSplit(th=10.0,vf=0.08)                     | ✓ OK (30/30)
[2359/6590] GradDet(th=9.0,vf=0.04)+GradSplit(th=11.0,vf=0.03)                     | ✓ OK (30/30)
[2360/6590] GradDet(th=9.0,vf=0.04)+GradSplit(th=11.0,vf=0.04)                     | ✓ OK (30/30)
[2361/6590] GradDet(th=9.0,vf=0.04)+GradSplit(th=11.0,vf=0.05)                     | ✓ OK (30/30)
[2362/6590] GradDet(th=9.0,vf=0.04)+GradSplit(th=11.0,vf=0.06)                     | ✓ OK (30/30)
[2363/6590] GradDet(th=9.0,vf=0.04)+GradSplit(th=11.0,vf=0.07)                     | ✓ OK (30/30)
[2364/6590] GradDet(th=9.0,vf=0.04)+GradSplit(th=11.0,vf=0.08)                     | ✓ OK (30/30)
[2365/6590] GradDet(th=9.0,vf=0.04)+GradSplit(th=12.0,vf=0.03)                     | ✓ OK (30/30)
[2366/6590] GradDet(th=9.0,vf=0.04)+GradSplit(th=12.0,vf=0.04)                     | ✓ OK (30/30)
[2367/6590] GradDet(th=9.0,vf=0.04)+GradSplit(th=12.0,vf=0.05)                     | ✓ OK (30/30)
[2368/6590] GradDet(th=9.0,vf=0.04)+GradSplit(th=12.0,vf=0.06)                     | ✓ OK (30/30)
[2369/6590] GradDet(th=9.0,vf=0.04)+GradSplit(th=12.0,vf=0.07)                     | ✓ OK (30/30)
[2370/6590] GradDet(th=9.0,vf=0.04)+GradSplit(th=12.0,vf=0.08)                     | ✓ OK (30/30)
[2371/6590] GradDet(th=9.0,vf=0.04)+GradSplit(th=13.0,vf=0.03)                     | ✓ OK (30/30)
[2372/6590] GradDet(th=9.0,vf=0.04)+GradSplit(th=13.0,vf=0.04)                     | ✓ OK (30/30)
[2373/6590] GradDet(th=9.0,vf=0.04)+GradSplit(th=13.0,vf=0.05)                     | ✓ OK (30/30)
[2374/6590] GradDet(th=9.0,vf=0.04)+GradSplit(th=13.0,vf=0.06)                     | ✓ OK (30/30)
[2375/6590] GradDet(th=9.0,vf=0.04)+GradSplit(th=13.0,vf=0.07)                     | ✓ OK (30/30)
[2376/6590] GradDet(th=9.0,vf=0.04)+GradSplit(th=13.0,vf=0.08)                     | ✓ OK (30/30)
[2377/6590] GradDet(th=9.0,vf=0.05)+GradSplit(th=6.0,vf=0.03)                      | ✗ 1 fail
           └─ Failures: 00017(pred:horizontal,gt:single)
[2378/6590] GradDet(th=9.0,vf=0.05)+GradSplit(th=6.0,vf=0.04)                      | ✗ 1 fail
           └─ Failures: 00017(pred:horizontal,gt:single)
[2379/6590] GradDet(th=9.0,vf=0.05)+GradSplit(th=6.0,vf=0.05)                      | ✗ 1 fail
           └─ Failures: 00017(pred:horizontal,gt:single)
[2380/6590] GradDet(th=9.0,vf=0.05)+GradSplit(th=6.0,vf=0.06)                      | ✗ 1 fail
           └─ Failures: 00017(pred:horizontal,gt:single)
[2381/6590] GradDet(th=9.0,vf=0.05)+GradSplit(th=6.0,vf=0.07)                      | ✗ 1 fail
           └─ Failures: 00017(pred:horizontal,gt:single)
[2382/6590] GradDet(th=9.0,vf=0.05)+GradSplit(th=6.0,vf=0.08)                      | ✗ 1 fail
           └─ Failures: 00017(pred:horizontal,gt:single)
[2383/6590] GradDet(th=9.0,vf=0.05)+GradSplit(th=7.0,vf=0.03)                      | ✗ 1 fail
           └─ Failures: 00017(pred:horizontal,gt:single)
[2384/6590] GradDet(th=9.0,vf=0.05)+GradSplit(th=7.0,vf=0.04)                      | ✗ 1 fail
           └─ Failures: 00017(pred:horizontal,gt:single)
[2385/6590] GradDet(th=9.0,vf=0.05)+GradSplit(th=7.0,vf=0.05)                      | ✗ 1 fail
           └─ Failures: 00017(pred:horizontal,gt:single)
[2386/6590] GradDet(th=9.0,vf=0.05)+GradSplit(th=7.0,vf=0.06)                      | ✗ 1 fail
           └─ Failures: 00017(pred:horizontal,gt:single)
[2387/6590] GradDet(th=9.0,vf=0.05)+GradSplit(th=7.0,vf=0.07)                      | ✗ 1 fail
           └─ Failures: 00017(pred:horizontal,gt:single)
[2388/6590] GradDet(th=9.0,vf=0.05)+GradSplit(th=7.0,vf=0.08)                      | ✗ 1 fail
           └─ Failures: 00017(pred:horizontal,gt:single)
[2389/6590] GradDet(th=9.0,vf=0.05)+GradSplit(th=8.0,vf=0.03)                      | ✗ 1 fail
           └─ Failures: 00017(pred:horizontal,gt:single)
[2390/6590] GradDet(th=9.0,vf=0.05)+GradSplit(th=8.0,vf=0.04)                      | ✗ 1 fail
           └─ Failures: 00017(pred:horizontal,gt:single)
[2391/6590] GradDet(th=9.0,vf=0.05)+GradSplit(th=8.0,vf=0.05)                      | ✗ 1 fail
           └─ Failures: 00017(pred:horizontal,gt:single)
[2392/6590] GradDet(th=9.0,vf=0.05)+GradSplit(th=8.0,vf=0.06)                      | ✗ 1 fail
           └─ Failures: 00017(pred:horizontal,gt:single)
[2393/6590] GradDet(th=9.0,vf=0.05)+GradSplit(th=8.0,vf=0.07)                      | ✗ 1 fail
           └─ Failures: 00017(pred:horizontal,gt:single)
[2394/6590] GradDet(th=9.0,vf=0.05)+GradSplit(th=8.0,vf=0.08)                      | ✗ 1 fail
           └─ Failures: 00017(pred:horizontal,gt:single)
[2395/6590] GradDet(th=9.0,vf=0.05)+GradSplit(th=8.5,vf=0.03)                      | ✗ 1 fail
           └─ Failures: 00017(pred:horizontal,gt:single)
[2396/6590] GradDet(th=9.0,vf=0.05)+GradSplit(th=8.5,vf=0.04)                      | ✗ 1 fail
           └─ Failures: 00017(pred:horizontal,gt:single)
[2397/6590] GradDet(th=9.0,vf=0.05)+GradSplit(th=8.5,vf=0.05)                      | ✗ 1 fail
           └─ Failures: 00017(pred:horizontal,gt:single)
[2398/6590] GradDet(th=9.0,vf=0.05)+GradSplit(th=8.5,vf=0.06)                      | ✗ 1 fail
           └─ Failures: 00017(pred:horizontal,gt:single)
[2399/6590] GradDet(th=9.0,vf=0.05)+GradSplit(th=8.5,vf=0.07)                      | ✗ 1 fail
           └─ Failures: 00017(pred:horizontal,gt:single)
[2400/6590] GradDet(th=9.0,vf=0.05)+GradSplit(th=8.5,vf=0.08)                      | ✗ 1 fail
           └─ Failures: 00017(pred:horizontal,gt:single)
[2401/6590] GradDet(th=9.0,vf=0.05)+GradSplit(th=9.0,vf=0.03)                      | ✗ 1 fail
           └─ Failures: 00017(pred:horizontal,gt:single)
[2402/6590] GradDet(th=9.0,vf=0.05)+GradSplit(th=9.0,vf=0.04)                      | ✗ 1 fail
           └─ Failures: 00017(pred:horizontal,gt:single)
[2403/6590] GradDet(th=9.0,vf=0.05)+GradSplit(th=9.0,vf=0.05)                      | ✗ 1 fail
           └─ Failures: 00017(pred:horizontal,gt:single)
[2404/6590] GradDet(th=9.0,vf=0.05)+GradSplit(th=9.0,vf=0.06)                      | ✗ 1 fail
           └─ Failures: 00017(pred:horizontal,gt:single)
[2405/6590] GradDet(th=9.0,vf=0.05)+GradSplit(th=9.0,vf=0.07)                      | ✗ 1 fail
           └─ Failures: 00017(pred:horizontal,gt:single)
[2406/6590] GradDet(th=9.0,vf=0.05)+GradSplit(th=9.0,vf=0.08)                      | ✗ 1 fail
           └─ Failures: 00017(pred:horizontal,gt:single)
[2407/6590] GradDet(th=9.0,vf=0.05)+GradSplit(th=10.0,vf=0.03)                     | ✗ 1 fail
           └─ Failures: 00017(pred:horizontal,gt:single)
[2408/6590] GradDet(th=9.0,vf=0.05)+GradSplit(th=10.0,vf=0.04)                     | ✗ 1 fail
           └─ Failures: 00017(pred:horizontal,gt:single)
[2409/6590] GradDet(th=9.0,vf=0.05)+GradSplit(th=10.0,vf=0.05)                     | ✗ 1 fail
           └─ Failures: 00017(pred:horizontal,gt:single)
[2410/6590] GradDet(th=9.0,vf=0.05)+GradSplit(th=10.0,vf=0.06)                     | ✗ 1 fail
           └─ Failures: 00017(pred:horizontal,gt:single)
[2411/6590] GradDet(th=9.0,vf=0.05)+GradSplit(th=10.0,vf=0.07)                     | ✗ 1 fail
           └─ Failures: 00017(pred:horizontal,gt:single)
[2412/6590] GradDet(th=9.0,vf=0.05)+GradSplit(th=10.0,vf=0.08)                     | ✗ 1 fail
           └─ Failures: 00017(pred:horizontal,gt:single)
[2413/6590] GradDet(th=9.0,vf=0.05)+GradSplit(th=11.0,vf=0.03)                     | ✗ 1 fail
           └─ Failures: 00017(pred:horizontal,gt:single)
[2414/6590] GradDet(th=9.0,vf=0.05)+GradSplit(th=11.0,vf=0.04)                     | ✗ 1 fail
           └─ Failures: 00017(pred:horizontal,gt:single)
[2415/6590] GradDet(th=9.0,vf=0.05)+GradSplit(th=11.0,vf=0.05)                     | ✗ 1 fail
           └─ Failures: 00017(pred:horizontal,gt:single)
[2416/6590] GradDet(th=9.0,vf=0.05)+GradSplit(th=11.0,vf=0.06)                     | ✗ 1 fail
           └─ Failures: 00017(pred:horizontal,gt:single)
[2417/6590] GradDet(th=9.0,vf=0.05)+GradSplit(th=11.0,vf=0.07)                     | ✗ 1 fail
           └─ Failures: 00017(pred:horizontal,gt:single)
[2418/6590] GradDet(th=9.0,vf=0.05)+GradSplit(th=11.0,vf=0.08)                     | ✗ 1 fail
           └─ Failures: 00017(pred:horizontal,gt:single)
[2419/6590] GradDet(th=9.0,vf=0.05)+GradSplit(th=12.0,vf=0.03)                     | ✗ 1 fail
           └─ Failures: 00017(pred:horizontal,gt:single)
[2420/6590] GradDet(th=9.0,vf=0.05)+GradSplit(th=12.0,vf=0.04)                     | ✗ 1 fail
           └─ Failures: 00017(pred:horizontal,gt:single)
[2421/6590] GradDet(th=9.0,vf=0.05)+GradSplit(th=12.0,vf=0.05)                     | ✗ 1 fail
           └─ Failures: 00017(pred:horizontal,gt:single)
[2422/6590] GradDet(th=9.0,vf=0.05)+GradSplit(th=12.0,vf=0.06)                     | ✗ 1 fail
           └─ Failures: 00017(pred:horizontal,gt:single)
[2423/6590] GradDet(th=9.0,vf=0.05)+GradSplit(th=12.0,vf=0.07)                     | ✗ 1 fail
           └─ Failures: 00017(pred:horizontal,gt:single)
[2424/6590] GradDet(th=9.0,vf=0.05)+GradSplit(th=12.0,vf=0.08)                     | ✗ 1 fail
           └─ Failures: 00017(pred:horizontal,gt:single)
[2425/6590] GradDet(th=9.0,vf=0.05)+GradSplit(th=13.0,vf=0.03)                     | ✗ 1 fail
           └─ Failures: 00017(pred:horizontal,gt:single)
[2426/6590] GradDet(th=9.0,vf=0.05)+GradSplit(th=13.0,vf=0.04)                     | ✗ 1 fail
           └─ Failures: 00017(pred:horizontal,gt:single)
[2427/6590] GradDet(th=9.0,vf=0.05)+GradSplit(th=13.0,vf=0.05)                     | ✗ 1 fail
           └─ Failures: 00017(pred:horizontal,gt:single)
[2428/6590] GradDet(th=9.0,vf=0.05)+GradSplit(th=13.0,vf=0.06)                     | ✗ 1 fail
           └─ Failures: 00017(pred:horizontal,gt:single)
[2429/6590] GradDet(th=9.0,vf=0.05)+GradSplit(th=13.0,vf=0.07)                     | ✗ 1 fail
           └─ Failures: 00017(pred:horizontal,gt:single)
[2430/6590] GradDet(th=9.0,vf=0.05)+GradSplit(th=13.0,vf=0.08)                     | ✗ 1 fail
           └─ Failures: 00017(pred:horizontal,gt:single)
[2431/6590] GradDet(th=9.0,vf=0.06)+GradSplit(th=6.0,vf=0.03)                      | ✓ OK (30/30)
[2432/6590] GradDet(th=9.0,vf=0.06)+GradSplit(th=6.0,vf=0.04)                      | ✓ OK (30/30)
[2433/6590] GradDet(th=9.0,vf=0.06)+GradSplit(th=6.0,vf=0.05)                      | ✓ OK (30/30)
[2434/6590] GradDet(th=9.0,vf=0.06)+GradSplit(th=6.0,vf=0.06)                      | ✓ OK (30/30)
[2435/6590] GradDet(th=9.0,vf=0.06)+GradSplit(th=6.0,vf=0.07)                      | ✓ OK (30/30)
[2436/6590] GradDet(th=9.0,vf=0.06)+GradSplit(th=6.0,vf=0.08)                      | ✓ OK (30/30)
[2437/6590] GradDet(th=9.0,vf=0.06)+GradSplit(th=7.0,vf=0.03)                      | ✓ OK (30/30)
[2438/6590] GradDet(th=9.0,vf=0.06)+GradSplit(th=7.0,vf=0.04)                      | ✓ OK (30/30)
[2439/6590] GradDet(th=9.0,vf=0.06)+GradSplit(th=7.0,vf=0.05)                      | ✓ OK (30/30)
[2440/6590] GradDet(th=9.0,vf=0.06)+GradSplit(th=7.0,vf=0.06)                      | ✓ OK (30/30)
[2441/6590] GradDet(th=9.0,vf=0.06)+GradSplit(th=7.0,vf=0.07)                      | ✓ OK (30/30)
[2442/6590] GradDet(th=9.0,vf=0.06)+GradSplit(th=7.0,vf=0.08)                      | ✓ OK (30/30)
[2443/6590] GradDet(th=9.0,vf=0.06)+GradSplit(th=8.0,vf=0.03)                      | ✓ OK (30/30)
[2444/6590] GradDet(th=9.0,vf=0.06)+GradSplit(th=8.0,vf=0.04)                      | ✓ OK (30/30)
[2445/6590] GradDet(th=9.0,vf=0.06)+GradSplit(th=8.0,vf=0.05)                      | ✓ OK (30/30)
[2446/6590] GradDet(th=9.0,vf=0.06)+GradSplit(th=8.0,vf=0.06)                      | ✓ OK (30/30)
[2447/6590] GradDet(th=9.0,vf=0.06)+GradSplit(th=8.0,vf=0.07)                      | ✓ OK (30/30)
[2448/6590] GradDet(th=9.0,vf=0.06)+GradSplit(th=8.0,vf=0.08)                      | ✓ OK (30/30)
[2449/6590] GradDet(th=9.0,vf=0.06)+GradSplit(th=8.5,vf=0.03)                      | ✓ OK (30/30)
[2450/6590] GradDet(th=9.0,vf=0.06)+GradSplit(th=8.5,vf=0.04)                      | ✓ OK (30/30)
[2451/6590] GradDet(th=9.0,vf=0.06)+GradSplit(th=8.5,vf=0.05)                      | ✓ OK (30/30)
[2452/6590] GradDet(th=9.0,vf=0.06)+GradSplit(th=8.5,vf=0.06)                      | ✓ OK (30/30)
[2453/6590] GradDet(th=9.0,vf=0.06)+GradSplit(th=8.5,vf=0.07)                      | ✓ OK (30/30)
[2454/6590] GradDet(th=9.0,vf=0.06)+GradSplit(th=8.5,vf=0.08)                      | ✓ OK (30/30)
[2455/6590] GradDet(th=9.0,vf=0.06)+GradSplit(th=9.0,vf=0.03)                      | ✓ OK (30/30)
[2456/6590] GradDet(th=9.0,vf=0.06)+GradSplit(th=9.0,vf=0.04)                      | ✓ OK (30/30)
[2457/6590] GradDet(th=9.0,vf=0.06)+GradSplit(th=9.0,vf=0.05)                      | ✓ OK (30/30)
[2458/6590] GradDet(th=9.0,vf=0.06)+GradSplit(th=9.0,vf=0.06)                      | ✓ OK (30/30)
[2459/6590] GradDet(th=9.0,vf=0.06)+GradSplit(th=9.0,vf=0.07)                      | ✓ OK (30/30)
[2460/6590] GradDet(th=9.0,vf=0.06)+GradSplit(th=9.0,vf=0.08)                      | ✓ OK (30/30)
[2461/6590] GradDet(th=9.0,vf=0.06)+GradSplit(th=10.0,vf=0.03)                     | ✓ OK (30/30)
[2462/6590] GradDet(th=9.0,vf=0.06)+GradSplit(th=10.0,vf=0.04)                     | ✓ OK (30/30)
[2463/6590] GradDet(th=9.0,vf=0.06)+GradSplit(th=10.0,vf=0.05)                     | ✓ OK (30/30)
[2464/6590] GradDet(th=9.0,vf=0.06)+GradSplit(th=10.0,vf=0.06)                     | ✓ OK (30/30)
[2465/6590] GradDet(th=9.0,vf=0.06)+GradSplit(th=10.0,vf=0.07)                     | ✓ OK (30/30)
[2466/6590] GradDet(th=9.0,vf=0.06)+GradSplit(th=10.0,vf=0.08)                     | ✓ OK (30/30)
[2467/6590] GradDet(th=9.0,vf=0.06)+GradSplit(th=11.0,vf=0.03)                     | ✓ OK (30/30)
[2468/6590] GradDet(th=9.0,vf=0.06)+GradSplit(th=11.0,vf=0.04)                     | ✓ OK (30/30)
[2469/6590] GradDet(th=9.0,vf=0.06)+GradSplit(th=11.0,vf=0.05)                     | ✓ OK (30/30)
[2470/6590] GradDet(th=9.0,vf=0.06)+GradSplit(th=11.0,vf=0.06)                     | ✓ OK (30/30)
[2471/6590] GradDet(th=9.0,vf=0.06)+GradSplit(th=11.0,vf=0.07)                     | ✓ OK (30/30)
[2472/6590] GradDet(th=9.0,vf=0.06)+GradSplit(th=11.0,vf=0.08)                     | ✓ OK (30/30)
[2473/6590] GradDet(th=9.0,vf=0.06)+GradSplit(th=12.0,vf=0.03)                     | ✓ OK (30/30)
[2474/6590] GradDet(th=9.0,vf=0.06)+GradSplit(th=12.0,vf=0.04)                     | ✓ OK (30/30)
[2475/6590] GradDet(th=9.0,vf=0.06)+GradSplit(th=12.0,vf=0.05)                     | ✓ OK (30/30)
[2476/6590] GradDet(th=9.0,vf=0.06)+GradSplit(th=12.0,vf=0.06)                     | ✓ OK (30/30)
[2477/6590] GradDet(th=9.0,vf=0.06)+GradSplit(th=12.0,vf=0.07)                     | ✓ OK (30/30)
[2478/6590] GradDet(th=9.0,vf=0.06)+GradSplit(th=12.0,vf=0.08)                     | ✓ OK (30/30)
[2479/6590] GradDet(th=9.0,vf=0.06)+GradSplit(th=13.0,vf=0.03)                     | ✓ OK (30/30)
[2480/6590] GradDet(th=9.0,vf=0.06)+GradSplit(th=13.0,vf=0.04)                     | ✓ OK (30/30)
[2481/6590] GradDet(th=9.0,vf=0.06)+GradSplit(th=13.0,vf=0.05)                     | ✓ OK (30/30)
[2482/6590] GradDet(th=9.0,vf=0.06)+GradSplit(th=13.0,vf=0.06)                     | ✓ OK (30/30)
[2483/6590] GradDet(th=9.0,vf=0.06)+GradSplit(th=13.0,vf=0.07)                     | ✓ OK (30/30)
[2484/6590] GradDet(th=9.0,vf=0.06)+GradSplit(th=13.0,vf=0.08)                     | ✓ OK (30/30)
[2485/6590] GradDet(th=9.0,vf=0.07)+GradSplit(th=6.0,vf=0.03)                      | ✓ OK (30/30)
[2486/6590] GradDet(th=9.0,vf=0.07)+GradSplit(th=6.0,vf=0.04)                      | ✓ OK (30/30)
[2487/6590] GradDet(th=9.0,vf=0.07)+GradSplit(th=6.0,vf=0.05)                      | ✓ OK (30/30)
[2488/6590] GradDet(th=9.0,vf=0.07)+GradSplit(th=6.0,vf=0.06)                      | ✓ OK (30/30)
[2489/6590] GradDet(th=9.0,vf=0.07)+GradSplit(th=6.0,vf=0.07)                      | ✓ OK (30/30)
[2490/6590] GradDet(th=9.0,vf=0.07)+GradSplit(th=6.0,vf=0.08)                      | ✓ OK (30/30)
[2491/6590] GradDet(th=9.0,vf=0.07)+GradSplit(th=7.0,vf=0.03)                      | ✓ OK (30/30)
[2492/6590] GradDet(th=9.0,vf=0.07)+GradSplit(th=7.0,vf=0.04)                      | ✓ OK (30/30)
[2493/6590] GradDet(th=9.0,vf=0.07)+GradSplit(th=7.0,vf=0.05)                      | ✓ OK (30/30)
[2494/6590] GradDet(th=9.0,vf=0.07)+GradSplit(th=7.0,vf=0.06)                      | ✓ OK (30/30)
[2495/6590] GradDet(th=9.0,vf=0.07)+GradSplit(th=7.0,vf=0.07)                      | ✓ OK (30/30)
[2496/6590] GradDet(th=9.0,vf=0.07)+GradSplit(th=7.0,vf=0.08)                      | ✓ OK (30/30)
[2497/6590] GradDet(th=9.0,vf=0.07)+GradSplit(th=8.0,vf=0.03)                      | ✓ OK (30/30)
[2498/6590] GradDet(th=9.0,vf=0.07)+GradSplit(th=8.0,vf=0.04)                      | ✓ OK (30/30)
[2499/6590] GradDet(th=9.0,vf=0.07)+GradSplit(th=8.0,vf=0.05)                      | ✓ OK (30/30)
[2500/6590] GradDet(th=9.0,vf=0.07)+GradSplit(th=8.0,vf=0.06)                      | ✓ OK (30/30)
[2501/6590] GradDet(th=9.0,vf=0.07)+GradSplit(th=8.0,vf=0.07)                      | ✓ OK (30/30)
[2502/6590] GradDet(th=9.0,vf=0.07)+GradSplit(th=8.0,vf=0.08)                      | ✓ OK (30/30)
[2503/6590] GradDet(th=9.0,vf=0.07)+GradSplit(th=8.5,vf=0.03)                      | ✓ OK (30/30)
[2504/6590] GradDet(th=9.0,vf=0.07)+GradSplit(th=8.5,vf=0.04)                      | ✓ OK (30/30)
[2505/6590] GradDet(th=9.0,vf=0.07)+GradSplit(th=8.5,vf=0.05)                      | ✓ OK (30/30)
[2506/6590] GradDet(th=9.0,vf=0.07)+GradSplit(th=8.5,vf=0.06)                      | ✓ OK (30/30)
[2507/6590] GradDet(th=9.0,vf=0.07)+GradSplit(th=8.5,vf=0.07)                      | ✓ OK (30/30)
[2508/6590] GradDet(th=9.0,vf=0.07)+GradSplit(th=8.5,vf=0.08)                      | ✓ OK (30/30)
[2509/6590] GradDet(th=9.0,vf=0.07)+GradSplit(th=9.0,vf=0.03)                      | ✓ OK (30/30)
[2510/6590] GradDet(th=9.0,vf=0.07)+GradSplit(th=9.0,vf=0.04)                      | ✓ OK (30/30)
[2511/6590] GradDet(th=9.0,vf=0.07)+GradSplit(th=9.0,vf=0.05)                      | ✓ OK (30/30)
[2512/6590] GradDet(th=9.0,vf=0.07)+GradSplit(th=9.0,vf=0.06)                      | ✓ OK (30/30)
[2513/6590] GradDet(th=9.0,vf=0.07)+GradSplit(th=9.0,vf=0.07)                      | ✓ OK (30/30)
[2514/6590] GradDet(th=9.0,vf=0.07)+GradSplit(th=9.0,vf=0.08)                      | ✓ OK (30/30)
[2515/6590] GradDet(th=9.0,vf=0.07)+GradSplit(th=10.0,vf=0.03)                     | ✓ OK (30/30)
[2516/6590] GradDet(th=9.0,vf=0.07)+GradSplit(th=10.0,vf=0.04)                     | ✓ OK (30/30)
[2517/6590] GradDet(th=9.0,vf=0.07)+GradSplit(th=10.0,vf=0.05)                     | ✓ OK (30/30)
[2518/6590] GradDet(th=9.0,vf=0.07)+GradSplit(th=10.0,vf=0.06)                     | ✓ OK (30/30)
[2519/6590] GradDet(th=9.0,vf=0.07)+GradSplit(th=10.0,vf=0.07)                     | ✓ OK (30/30)
[2520/6590] GradDet(th=9.0,vf=0.07)+GradSplit(th=10.0,vf=0.08)                     | ✓ OK (30/30)
[2521/6590] GradDet(th=9.0,vf=0.07)+GradSplit(th=11.0,vf=0.03)                     | ✓ OK (30/30)
[2522/6590] GradDet(th=9.0,vf=0.07)+GradSplit(th=11.0,vf=0.04)                     | ✓ OK (30/30)
[2523/6590] GradDet(th=9.0,vf=0.07)+GradSplit(th=11.0,vf=0.05)                     | ✓ OK (30/30)
[2524/6590] GradDet(th=9.0,vf=0.07)+GradSplit(th=11.0,vf=0.06)                     | ✓ OK (30/30)
[2525/6590] GradDet(th=9.0,vf=0.07)+GradSplit(th=11.0,vf=0.07)                     | ✓ OK (30/30)
[2526/6590] GradDet(th=9.0,vf=0.07)+GradSplit(th=11.0,vf=0.08)                     | ✓ OK (30/30)
[2527/6590] GradDet(th=9.0,vf=0.07)+GradSplit(th=12.0,vf=0.03)                     | ✓ OK (30/30)
[2528/6590] GradDet(th=9.0,vf=0.07)+GradSplit(th=12.0,vf=0.04)                     | ✓ OK (30/30)
[2529/6590] GradDet(th=9.0,vf=0.07)+GradSplit(th=12.0,vf=0.05)                     | ✓ OK (30/30)
[2530/6590] GradDet(th=9.0,vf=0.07)+GradSplit(th=12.0,vf=0.06)                     | ✓ OK (30/30)
[2531/6590] GradDet(th=9.0,vf=0.07)+GradSplit(th=12.0,vf=0.07)                     | ✓ OK (30/30)
[2532/6590] GradDet(th=9.0,vf=0.07)+GradSplit(th=12.0,vf=0.08)                     | ✓ OK (30/30)
[2533/6590] GradDet(th=9.0,vf=0.07)+GradSplit(th=13.0,vf=0.03)                     | ✓ OK (30/30)
[2534/6590] GradDet(th=9.0,vf=0.07)+GradSplit(th=13.0,vf=0.04)                     | ✓ OK (30/30)
[2535/6590] GradDet(th=9.0,vf=0.07)+GradSplit(th=13.0,vf=0.05)                     | ✓ OK (30/30)
[2536/6590] GradDet(th=9.0,vf=0.07)+GradSplit(th=13.0,vf=0.06)                     | ✓ OK (30/30)
[2537/6590] GradDet(th=9.0,vf=0.07)+GradSplit(th=13.0,vf=0.07)                     | ✓ OK (30/30)
[2538/6590] GradDet(th=9.0,vf=0.07)+GradSplit(th=13.0,vf=0.08)                     | ✓ OK (30/30)
[2539/6590] GradDet(th=9.0,vf=0.08)+GradSplit(th=6.0,vf=0.03)                      | ✓ OK (30/30)
[2540/6590] GradDet(th=9.0,vf=0.08)+GradSplit(th=6.0,vf=0.04)                      | ✓ OK (30/30)
[2541/6590] GradDet(th=9.0,vf=0.08)+GradSplit(th=6.0,vf=0.05)                      | ✓ OK (30/30)
[2542/6590] GradDet(th=9.0,vf=0.08)+GradSplit(th=6.0,vf=0.06)                      | ✓ OK (30/30)
[2543/6590] GradDet(th=9.0,vf=0.08)+GradSplit(th=6.0,vf=0.07)                      | ✓ OK (30/30)
[2544/6590] GradDet(th=9.0,vf=0.08)+GradSplit(th=6.0,vf=0.08)                      | ✓ OK (30/30)
[2545/6590] GradDet(th=9.0,vf=0.08)+GradSplit(th=7.0,vf=0.03)                      | ✓ OK (30/30)
[2546/6590] GradDet(th=9.0,vf=0.08)+GradSplit(th=7.0,vf=0.04)                      | ✓ OK (30/30)
[2547/6590] GradDet(th=9.0,vf=0.08)+GradSplit(th=7.0,vf=0.05)                      | ✓ OK (30/30)
[2548/6590] GradDet(th=9.0,vf=0.08)+GradSplit(th=7.0,vf=0.06)                      | ✓ OK (30/30)
[2549/6590] GradDet(th=9.0,vf=0.08)+GradSplit(th=7.0,vf=0.07)                      | ✓ OK (30/30)
[2550/6590] GradDet(th=9.0,vf=0.08)+GradSplit(th=7.0,vf=0.08)                      | ✓ OK (30/30)
[2551/6590] GradDet(th=9.0,vf=0.08)+GradSplit(th=8.0,vf=0.03)                      | ✓ OK (30/30)
[2552/6590] GradDet(th=9.0,vf=0.08)+GradSplit(th=8.0,vf=0.04)                      | ✓ OK (30/30)
[2553/6590] GradDet(th=9.0,vf=0.08)+GradSplit(th=8.0,vf=0.05)                      | ✓ OK (30/30)
[2554/6590] GradDet(th=9.0,vf=0.08)+GradSplit(th=8.0,vf=0.06)                      | ✓ OK (30/30)
[2555/6590] GradDet(th=9.0,vf=0.08)+GradSplit(th=8.0,vf=0.07)                      | ✓ OK (30/30)
[2556/6590] GradDet(th=9.0,vf=0.08)+GradSplit(th=8.0,vf=0.08)                      | ✓ OK (30/30)
[2557/6590] GradDet(th=9.0,vf=0.08)+GradSplit(th=8.5,vf=0.03)                      | ✓ OK (30/30)
[2558/6590] GradDet(th=9.0,vf=0.08)+GradSplit(th=8.5,vf=0.04)                      | ✓ OK (30/30)
[2559/6590] GradDet(th=9.0,vf=0.08)+GradSplit(th=8.5,vf=0.05)                      | ✓ OK (30/30)
[2560/6590] GradDet(th=9.0,vf=0.08)+GradSplit(th=8.5,vf=0.06)                      | ✓ OK (30/30)
[2561/6590] GradDet(th=9.0,vf=0.08)+GradSplit(th=8.5,vf=0.07)                      | ✓ OK (30/30)
[2562/6590] GradDet(th=9.0,vf=0.08)+GradSplit(th=8.5,vf=0.08)                      | ✓ OK (30/30)
[2563/6590] GradDet(th=9.0,vf=0.08)+GradSplit(th=9.0,vf=0.03)                      | ✓ OK (30/30)
[2564/6590] GradDet(th=9.0,vf=0.08)+GradSplit(th=9.0,vf=0.04)                      | ✓ OK (30/30)
[2565/6590] GradDet(th=9.0,vf=0.08)+GradSplit(th=9.0,vf=0.05)                      | ✓ OK (30/30)
[2566/6590] GradDet(th=9.0,vf=0.08)+GradSplit(th=9.0,vf=0.06)                      | ✓ OK (30/30)
[2567/6590] GradDet(th=9.0,vf=0.08)+GradSplit(th=9.0,vf=0.07)                      | ✓ OK (30/30)
[2568/6590] GradDet(th=9.0,vf=0.08)+GradSplit(th=9.0,vf=0.08)                      | ✓ OK (30/30)
[2569/6590] GradDet(th=9.0,vf=0.08)+GradSplit(th=10.0,vf=0.03)                     | ✓ OK (30/30)
[2570/6590] GradDet(th=9.0,vf=0.08)+GradSplit(th=10.0,vf=0.04)                     | ✓ OK (30/30)
[2571/6590] GradDet(th=9.0,vf=0.08)+GradSplit(th=10.0,vf=0.05)                     | ✓ OK (30/30)
[2572/6590] GradDet(th=9.0,vf=0.08)+GradSplit(th=10.0,vf=0.06)                     | ✓ OK (30/30)
[2573/6590] GradDet(th=9.0,vf=0.08)+GradSplit(th=10.0,vf=0.07)                     | ✓ OK (30/30)
[2574/6590] GradDet(th=9.0,vf=0.08)+GradSplit(th=10.0,vf=0.08)                     | ✓ OK (30/30)
[2575/6590] GradDet(th=9.0,vf=0.08)+GradSplit(th=11.0,vf=0.03)                     | ✓ OK (30/30)
[2576/6590] GradDet(th=9.0,vf=0.08)+GradSplit(th=11.0,vf=0.04)                     | ✓ OK (30/30)
[2577/6590] GradDet(th=9.0,vf=0.08)+GradSplit(th=11.0,vf=0.05)                     | ✓ OK (30/30)
[2578/6590] GradDet(th=9.0,vf=0.08)+GradSplit(th=11.0,vf=0.06)                     | ✓ OK (30/30)
[2579/6590] GradDet(th=9.0,vf=0.08)+GradSplit(th=11.0,vf=0.07)                     | ✓ OK (30/30)
[2580/6590] GradDet(th=9.0,vf=0.08)+GradSplit(th=11.0,vf=0.08)                     | ✓ OK (30/30)
[2581/6590] GradDet(th=9.0,vf=0.08)+GradSplit(th=12.0,vf=0.03)                     | ✓ OK (30/30)
[2582/6590] GradDet(th=9.0,vf=0.08)+GradSplit(th=12.0,vf=0.04)                     | ✓ OK (30/30)
[2583/6590] GradDet(th=9.0,vf=0.08)+GradSplit(th=12.0,vf=0.05)                     | ✓ OK (30/30)
[2584/6590] GradDet(th=9.0,vf=0.08)+GradSplit(th=12.0,vf=0.06)                     | ✓ OK (30/30)
[2585/6590] GradDet(th=9.0,vf=0.08)+GradSplit(th=12.0,vf=0.07)                     | ✓ OK (30/30)
[2586/6590] GradDet(th=9.0,vf=0.08)+GradSplit(th=12.0,vf=0.08)                     | ✓ OK (30/30)
[2587/6590] GradDet(th=9.0,vf=0.08)+GradSplit(th=13.0,vf=0.03)                     | ✓ OK (30/30)
[2588/6590] GradDet(th=9.0,vf=0.08)+GradSplit(th=13.0,vf=0.04)                     | ✓ OK (30/30)
[2589/6590] GradDet(th=9.0,vf=0.08)+GradSplit(th=13.0,vf=0.05)                     | ✓ OK (30/30)
[2590/6590] GradDet(th=9.0,vf=0.08)+GradSplit(th=13.0,vf=0.06)                     | ✓ OK (30/30)
[2591/6590] GradDet(th=9.0,vf=0.08)+GradSplit(th=13.0,vf=0.07)                     | ✓ OK (30/30)
[2592/6590] GradDet(th=9.0,vf=0.08)+GradSplit(th=13.0,vf=0.08)                     | ✓ OK (30/30)
[2593/6590] GradDet(th=9.5,vf=0.03)+GradSplit(th=6.0,vf=0.03)                      | ✓ OK (30/30)
[2594/6590] GradDet(th=9.5,vf=0.03)+GradSplit(th=6.0,vf=0.04)                      | ✓ OK (30/30)
[2595/6590] GradDet(th=9.5,vf=0.03)+GradSplit(th=6.0,vf=0.05)                      | ✓ OK (30/30)
[2596/6590] GradDet(th=9.5,vf=0.03)+GradSplit(th=6.0,vf=0.06)                      | ✓ OK (30/30)
[2597/6590] GradDet(th=9.5,vf=0.03)+GradSplit(th=6.0,vf=0.07)                      | ✓ OK (30/30)
[2598/6590] GradDet(th=9.5,vf=0.03)+GradSplit(th=6.0,vf=0.08)                      | ✓ OK (30/30)
[2599/6590] GradDet(th=9.5,vf=0.03)+GradSplit(th=7.0,vf=0.03)                      | ✓ OK (30/30)
[2600/6590] GradDet(th=9.5,vf=0.03)+GradSplit(th=7.0,vf=0.04)                      | ✓ OK (30/30)
[2601/6590] GradDet(th=9.5,vf=0.03)+GradSplit(th=7.0,vf=0.05)                      | ✓ OK (30/30)
[2602/6590] GradDet(th=9.5,vf=0.03)+GradSplit(th=7.0,vf=0.06)                      | ✓ OK (30/30)
[2603/6590] GradDet(th=9.5,vf=0.03)+GradSplit(th=7.0,vf=0.07)                      | ✓ OK (30/30)
[2604/6590] GradDet(th=9.5,vf=0.03)+GradSplit(th=7.0,vf=0.08)                      | ✓ OK (30/30)
[2605/6590] GradDet(th=9.5,vf=0.03)+GradSplit(th=8.0,vf=0.03)                      | ✓ OK (30/30)
[2606/6590] GradDet(th=9.5,vf=0.03)+GradSplit(th=8.0,vf=0.04)                      | ✓ OK (30/30)
[2607/6590] GradDet(th=9.5,vf=0.03)+GradSplit(th=8.0,vf=0.05)                      | ✓ OK (30/30)
[2608/6590] GradDet(th=9.5,vf=0.03)+GradSplit(th=8.0,vf=0.06)                      | ✓ OK (30/30)
[2609/6590] GradDet(th=9.5,vf=0.03)+GradSplit(th=8.0,vf=0.07)                      | ✓ OK (30/30)
[2610/6590] GradDet(th=9.5,vf=0.03)+GradSplit(th=8.0,vf=0.08)                      | ✓ OK (30/30)
[2611/6590] GradDet(th=9.5,vf=0.03)+GradSplit(th=8.5,vf=0.03)                      | ✓ OK (30/30)
[2612/6590] GradDet(th=9.5,vf=0.03)+GradSplit(th=8.5,vf=0.04)                      | ✓ OK (30/30)
[2613/6590] GradDet(th=9.5,vf=0.03)+GradSplit(th=8.5,vf=0.05)                      | ✓ OK (30/30)
[2614/6590] GradDet(th=9.5,vf=0.03)+GradSplit(th=8.5,vf=0.06)                      | ✓ OK (30/30)
[2615/6590] GradDet(th=9.5,vf=0.03)+GradSplit(th=8.5,vf=0.07)                      | ✓ OK (30/30)
[2616/6590] GradDet(th=9.5,vf=0.03)+GradSplit(th=8.5,vf=0.08)                      | ✓ OK (30/30)
[2617/6590] GradDet(th=9.5,vf=0.03)+GradSplit(th=9.0,vf=0.03)                      | ✓ OK (30/30)
[2618/6590] GradDet(th=9.5,vf=0.03)+GradSplit(th=9.0,vf=0.04)                      | ✓ OK (30/30)
[2619/6590] GradDet(th=9.5,vf=0.03)+GradSplit(th=9.0,vf=0.05)                      | ✓ OK (30/30)
[2620/6590] GradDet(th=9.5,vf=0.03)+GradSplit(th=9.0,vf=0.06)                      | ✓ OK (30/30)
[2621/6590] GradDet(th=9.5,vf=0.03)+GradSplit(th=9.0,vf=0.07)                      | ✓ OK (30/30)
[2622/6590] GradDet(th=9.5,vf=0.03)+GradSplit(th=9.0,vf=0.08)                      | ✓ OK (30/30)
[2623/6590] GradDet(th=9.5,vf=0.03)+GradSplit(th=10.0,vf=0.03)                     | ✓ OK (30/30)
[2624/6590] GradDet(th=9.5,vf=0.03)+GradSplit(th=10.0,vf=0.04)                     | ✓ OK (30/30)
[2625/6590] GradDet(th=9.5,vf=0.03)+GradSplit(th=10.0,vf=0.05)                     | ✓ OK (30/30)
[2626/6590] GradDet(th=9.5,vf=0.03)+GradSplit(th=10.0,vf=0.06)                     | ✓ OK (30/30)
[2627/6590] GradDet(th=9.5,vf=0.03)+GradSplit(th=10.0,vf=0.07)                     | ✓ OK (30/30)
[2628/6590] GradDet(th=9.5,vf=0.03)+GradSplit(th=10.0,vf=0.08)                     | ✓ OK (30/30)
[2629/6590] GradDet(th=9.5,vf=0.03)+GradSplit(th=11.0,vf=0.03)                     | ✓ OK (30/30)
[2630/6590] GradDet(th=9.5,vf=0.03)+GradSplit(th=11.0,vf=0.04)                     | ✓ OK (30/30)
[2631/6590] GradDet(th=9.5,vf=0.03)+GradSplit(th=11.0,vf=0.05)                     | ✓ OK (30/30)
[2632/6590] GradDet(th=9.5,vf=0.03)+GradSplit(th=11.0,vf=0.06)                     | ✓ OK (30/30)
[2633/6590] GradDet(th=9.5,vf=0.03)+GradSplit(th=11.0,vf=0.07)                     | ✓ OK (30/30)
[2634/6590] GradDet(th=9.5,vf=0.03)+GradSplit(th=11.0,vf=0.08)                     | ✓ OK (30/30)
[2635/6590] GradDet(th=9.5,vf=0.03)+GradSplit(th=12.0,vf=0.03)                     | ✓ OK (30/30)
[2636/6590] GradDet(th=9.5,vf=0.03)+GradSplit(th=12.0,vf=0.04)                     | ✓ OK (30/30)
[2637/6590] GradDet(th=9.5,vf=0.03)+GradSplit(th=12.0,vf=0.05)                     | ✓ OK (30/30)
[2638/6590] GradDet(th=9.5,vf=0.03)+GradSplit(th=12.0,vf=0.06)                     | ✓ OK (30/30)
[2639/6590] GradDet(th=9.5,vf=0.03)+GradSplit(th=12.0,vf=0.07)                     | ✓ OK (30/30)
[2640/6590] GradDet(th=9.5,vf=0.03)+GradSplit(th=12.0,vf=0.08)                     | ✓ OK (30/30)
[2641/6590] GradDet(th=9.5,vf=0.03)+GradSplit(th=13.0,vf=0.03)                     | ✓ OK (30/30)
[2642/6590] GradDet(th=9.5,vf=0.03)+GradSplit(th=13.0,vf=0.04)                     | ✓ OK (30/30)
[2643/6590] GradDet(th=9.5,vf=0.03)+GradSplit(th=13.0,vf=0.05)                     | ✓ OK (30/30)
[2644/6590] GradDet(th=9.5,vf=0.03)+GradSplit(th=13.0,vf=0.06)                     | ✓ OK (30/30)
[2645/6590] GradDet(th=9.5,vf=0.03)+GradSplit(th=13.0,vf=0.07)                     | ✓ OK (30/30)
[2646/6590] GradDet(th=9.5,vf=0.03)+GradSplit(th=13.0,vf=0.08)                     | ✓ OK (30/30)
[2647/6590] GradDet(th=9.5,vf=0.04)+GradSplit(th=6.0,vf=0.03)                      | ✓ OK (30/30)
[2648/6590] GradDet(th=9.5,vf=0.04)+GradSplit(th=6.0,vf=0.04)                      | ✓ OK (30/30)
[2649/6590] GradDet(th=9.5,vf=0.04)+GradSplit(th=6.0,vf=0.05)                      | ✓ OK (30/30)
[2650/6590] GradDet(th=9.5,vf=0.04)+GradSplit(th=6.0,vf=0.06)                      | ✓ OK (30/30)
[2651/6590] GradDet(th=9.5,vf=0.04)+GradSplit(th=6.0,vf=0.07)                      | ✓ OK (30/30)
[2652/6590] GradDet(th=9.5,vf=0.04)+GradSplit(th=6.0,vf=0.08)                      | ✓ OK (30/30)
[2653/6590] GradDet(th=9.5,vf=0.04)+GradSplit(th=7.0,vf=0.03)                      | ✓ OK (30/30)
[2654/6590] GradDet(th=9.5,vf=0.04)+GradSplit(th=7.0,vf=0.04)                      | ✓ OK (30/30)
[2655/6590] GradDet(th=9.5,vf=0.04)+GradSplit(th=7.0,vf=0.05)                      | ✓ OK (30/30)
[2656/6590] GradDet(th=9.5,vf=0.04)+GradSplit(th=7.0,vf=0.06)                      | ✓ OK (30/30)
[2657/6590] GradDet(th=9.5,vf=0.04)+GradSplit(th=7.0,vf=0.07)                      | ✓ OK (30/30)
[2658/6590] GradDet(th=9.5,vf=0.04)+GradSplit(th=7.0,vf=0.08)                      | ✓ OK (30/30)
[2659/6590] GradDet(th=9.5,vf=0.04)+GradSplit(th=8.0,vf=0.03)                      | ✓ OK (30/30)
[2660/6590] GradDet(th=9.5,vf=0.04)+GradSplit(th=8.0,vf=0.04)                      | ✓ OK (30/30)
[2661/6590] GradDet(th=9.5,vf=0.04)+GradSplit(th=8.0,vf=0.05)                      | ✓ OK (30/30)
[2662/6590] GradDet(th=9.5,vf=0.04)+GradSplit(th=8.0,vf=0.06)                      | ✓ OK (30/30)
[2663/6590] GradDet(th=9.5,vf=0.04)+GradSplit(th=8.0,vf=0.07)                      | ✓ OK (30/30)
[2664/6590] GradDet(th=9.5,vf=0.04)+GradSplit(th=8.0,vf=0.08)                      | ✓ OK (30/30)
[2665/6590] GradDet(th=9.5,vf=0.04)+GradSplit(th=8.5,vf=0.03)                      | ✓ OK (30/30)
[2666/6590] GradDet(th=9.5,vf=0.04)+GradSplit(th=8.5,vf=0.04)                      | ✓ OK (30/30)
[2667/6590] GradDet(th=9.5,vf=0.04)+GradSplit(th=8.5,vf=0.05)                      | ✓ OK (30/30)
[2668/6590] GradDet(th=9.5,vf=0.04)+GradSplit(th=8.5,vf=0.06)                      | ✓ OK (30/30)
[2669/6590] GradDet(th=9.5,vf=0.04)+GradSplit(th=8.5,vf=0.07)                      | ✓ OK (30/30)
[2670/6590] GradDet(th=9.5,vf=0.04)+GradSplit(th=8.5,vf=0.08)                      | ✓ OK (30/30)
[2671/6590] GradDet(th=9.5,vf=0.04)+GradSplit(th=9.0,vf=0.03)                      | ✓ OK (30/30)
[2672/6590] GradDet(th=9.5,vf=0.04)+GradSplit(th=9.0,vf=0.04)                      | ✓ OK (30/30)
[2673/6590] GradDet(th=9.5,vf=0.04)+GradSplit(th=9.0,vf=0.05)                      | ✓ OK (30/30)
[2674/6590] GradDet(th=9.5,vf=0.04)+GradSplit(th=9.0,vf=0.06)                      | ✓ OK (30/30)
[2675/6590] GradDet(th=9.5,vf=0.04)+GradSplit(th=9.0,vf=0.07)                      | ✓ OK (30/30)
[2676/6590] GradDet(th=9.5,vf=0.04)+GradSplit(th=9.0,vf=0.08)                      | ✓ OK (30/30)
[2677/6590] GradDet(th=9.5,vf=0.04)+GradSplit(th=10.0,vf=0.03)                     | ✓ OK (30/30)
[2678/6590] GradDet(th=9.5,vf=0.04)+GradSplit(th=10.0,vf=0.04)                     | ✓ OK (30/30)
[2679/6590] GradDet(th=9.5,vf=0.04)+GradSplit(th=10.0,vf=0.05)                     | ✓ OK (30/30)
[2680/6590] GradDet(th=9.5,vf=0.04)+GradSplit(th=10.0,vf=0.06)                     | ✓ OK (30/30)
[2681/6590] GradDet(th=9.5,vf=0.04)+GradSplit(th=10.0,vf=0.07)                     | ✓ OK (30/30)
[2682/6590] GradDet(th=9.5,vf=0.04)+GradSplit(th=10.0,vf=0.08)                     | ✓ OK (30/30)
[2683/6590] GradDet(th=9.5,vf=0.04)+GradSplit(th=11.0,vf=0.03)                     | ✓ OK (30/30)
[2684/6590] GradDet(th=9.5,vf=0.04)+GradSplit(th=11.0,vf=0.04)                     | ✓ OK (30/30)
[2685/6590] GradDet(th=9.5,vf=0.04)+GradSplit(th=11.0,vf=0.05)                     | ✓ OK (30/30)
[2686/6590] GradDet(th=9.5,vf=0.04)+GradSplit(th=11.0,vf=0.06)                     | ✓ OK (30/30)
[2687/6590] GradDet(th=9.5,vf=0.04)+GradSplit(th=11.0,vf=0.07)                     | ✓ OK (30/30)
[2688/6590] GradDet(th=9.5,vf=0.04)+GradSplit(th=11.0,vf=0.08)                     | ✓ OK (30/30)
[2689/6590] GradDet(th=9.5,vf=0.04)+GradSplit(th=12.0,vf=0.03)                     | ✓ OK (30/30)
[2690/6590] GradDet(th=9.5,vf=0.04)+GradSplit(th=12.0,vf=0.04)                     | ✓ OK (30/30)
[2691/6590] GradDet(th=9.5,vf=0.04)+GradSplit(th=12.0,vf=0.05)                     | ✓ OK (30/30)
[2692/6590] GradDet(th=9.5,vf=0.04)+GradSplit(th=12.0,vf=0.06)                     | ✓ OK (30/30)
[2693/6590] GradDet(th=9.5,vf=0.04)+GradSplit(th=12.0,vf=0.07)                     | ✓ OK (30/30)
[2694/6590] GradDet(th=9.5,vf=0.04)+GradSplit(th=12.0,vf=0.08)                     | ✓ OK (30/30)
[2695/6590] GradDet(th=9.5,vf=0.04)+GradSplit(th=13.0,vf=0.03)                     | ✓ OK (30/30)
[2696/6590] GradDet(th=9.5,vf=0.04)+GradSplit(th=13.0,vf=0.04)                     | ✓ OK (30/30)
[2697/6590] GradDet(th=9.5,vf=0.04)+GradSplit(th=13.0,vf=0.05)                     | ✓ OK (30/30)
[2698/6590] GradDet(th=9.5,vf=0.04)+GradSplit(th=13.0,vf=0.06)                     | ✓ OK (30/30)
[2699/6590] GradDet(th=9.5,vf=0.04)+GradSplit(th=13.0,vf=0.07)                     | ✓ OK (30/30)
[2700/6590] GradDet(th=9.5,vf=0.04)+GradSplit(th=13.0,vf=0.08)                     | ✓ OK (30/30)
[2701/6590] GradDet(th=9.5,vf=0.05)+GradSplit(th=6.0,vf=0.03)                      | ✗ 1 fail
           └─ Failures: 00017(pred:horizontal,gt:single)
[2702/6590] GradDet(th=9.5,vf=0.05)+GradSplit(th=6.0,vf=0.04)                      | ✗ 1 fail
           └─ Failures: 00017(pred:horizontal,gt:single)
[2703/6590] GradDet(th=9.5,vf=0.05)+GradSplit(th=6.0,vf=0.05)                      | ✗ 1 fail
           └─ Failures: 00017(pred:horizontal,gt:single)
[2704/6590] GradDet(th=9.5,vf=0.05)+GradSplit(th=6.0,vf=0.06)                      | ✗ 1 fail
           └─ Failures: 00017(pred:horizontal,gt:single)
[2705/6590] GradDet(th=9.5,vf=0.05)+GradSplit(th=6.0,vf=0.07)                      | ✗ 1 fail
           └─ Failures: 00017(pred:horizontal,gt:single)
[2706/6590] GradDet(th=9.5,vf=0.05)+GradSplit(th=6.0,vf=0.08)                      | ✗ 1 fail
           └─ Failures: 00017(pred:horizontal,gt:single)
[2707/6590] GradDet(th=9.5,vf=0.05)+GradSplit(th=7.0,vf=0.03)                      | ✗ 1 fail
           └─ Failures: 00017(pred:horizontal,gt:single)
[2708/6590] GradDet(th=9.5,vf=0.05)+GradSplit(th=7.0,vf=0.04)                      | ✗ 1 fail
           └─ Failures: 00017(pred:horizontal,gt:single)
[2709/6590] GradDet(th=9.5,vf=0.05)+GradSplit(th=7.0,vf=0.05)                      | ✗ 1 fail
           └─ Failures: 00017(pred:horizontal,gt:single)
[2710/6590] GradDet(th=9.5,vf=0.05)+GradSplit(th=7.0,vf=0.06)                      | ✗ 1 fail
           └─ Failures: 00017(pred:horizontal,gt:single)
[2711/6590] GradDet(th=9.5,vf=0.05)+GradSplit(th=7.0,vf=0.07)                      | ✗ 1 fail
           └─ Failures: 00017(pred:horizontal,gt:single)
[2712/6590] GradDet(th=9.5,vf=0.05)+GradSplit(th=7.0,vf=0.08)                      | ✗ 1 fail
           └─ Failures: 00017(pred:horizontal,gt:single)
[2713/6590] GradDet(th=9.5,vf=0.05)+GradSplit(th=8.0,vf=0.03)                      | ✗ 1 fail
           └─ Failures: 00017(pred:horizontal,gt:single)
[2714/6590] GradDet(th=9.5,vf=0.05)+GradSplit(th=8.0,vf=0.04)                      | ✗ 1 fail
           └─ Failures: 00017(pred:horizontal,gt:single)
[2715/6590] GradDet(th=9.5,vf=0.05)+GradSplit(th=8.0,vf=0.05)                      | ✗ 1 fail
           └─ Failures: 00017(pred:horizontal,gt:single)
[2716/6590] GradDet(th=9.5,vf=0.05)+GradSplit(th=8.0,vf=0.06)                      | ✗ 1 fail
           └─ Failures: 00017(pred:horizontal,gt:single)
[2717/6590] GradDet(th=9.5,vf=0.05)+GradSplit(th=8.0,vf=0.07)                      | ✗ 1 fail
           └─ Failures: 00017(pred:horizontal,gt:single)
[2718/6590] GradDet(th=9.5,vf=0.05)+GradSplit(th=8.0,vf=0.08)                      | ✗ 1 fail
           └─ Failures: 00017(pred:horizontal,gt:single)
[2719/6590] GradDet(th=9.5,vf=0.05)+GradSplit(th=8.5,vf=0.03)                      | ✗ 1 fail
           └─ Failures: 00017(pred:horizontal,gt:single)
[2720/6590] GradDet(th=9.5,vf=0.05)+GradSplit(th=8.5,vf=0.04)                      | ✗ 1 fail
           └─ Failures: 00017(pred:horizontal,gt:single)
[2721/6590] GradDet(th=9.5,vf=0.05)+GradSplit(th=8.5,vf=0.05)                      | ✗ 1 fail
           └─ Failures: 00017(pred:horizontal,gt:single)
[2722/6590] GradDet(th=9.5,vf=0.05)+GradSplit(th=8.5,vf=0.06)                      | ✗ 1 fail
           └─ Failures: 00017(pred:horizontal,gt:single)
[2723/6590] GradDet(th=9.5,vf=0.05)+GradSplit(th=8.5,vf=0.07)                      | ✗ 1 fail
           └─ Failures: 00017(pred:horizontal,gt:single)
[2724/6590] GradDet(th=9.5,vf=0.05)+GradSplit(th=8.5,vf=0.08)                      | ✗ 1 fail
           └─ Failures: 00017(pred:horizontal,gt:single)
[2725/6590] GradDet(th=9.5,vf=0.05)+GradSplit(th=9.0,vf=0.03)                      | ✗ 1 fail
           └─ Failures: 00017(pred:horizontal,gt:single)
[2726/6590] GradDet(th=9.5,vf=0.05)+GradSplit(th=9.0,vf=0.04)                      | ✗ 1 fail
           └─ Failures: 00017(pred:horizontal,gt:single)
[2727/6590] GradDet(th=9.5,vf=0.05)+GradSplit(th=9.0,vf=0.05)                      | ✗ 1 fail
           └─ Failures: 00017(pred:horizontal,gt:single)
[2728/6590] GradDet(th=9.5,vf=0.05)+GradSplit(th=9.0,vf=0.06)                      | ✗ 1 fail
           └─ Failures: 00017(pred:horizontal,gt:single)
[2729/6590] GradDet(th=9.5,vf=0.05)+GradSplit(th=9.0,vf=0.07)                      | ✗ 1 fail
           └─ Failures: 00017(pred:horizontal,gt:single)
[2730/6590] GradDet(th=9.5,vf=0.05)+GradSplit(th=9.0,vf=0.08)                      | ✗ 1 fail
           └─ Failures: 00017(pred:horizontal,gt:single)
[2731/6590] GradDet(th=9.5,vf=0.05)+GradSplit(th=10.0,vf=0.03)                     | ✗ 1 fail
           └─ Failures: 00017(pred:horizontal,gt:single)
[2732/6590] GradDet(th=9.5,vf=0.05)+GradSplit(th=10.0,vf=0.04)                     | ✗ 1 fail
           └─ Failures: 00017(pred:horizontal,gt:single)
[2733/6590] GradDet(th=9.5,vf=0.05)+GradSplit(th=10.0,vf=0.05)                     | ✗ 1 fail
           └─ Failures: 00017(pred:horizontal,gt:single)
[2734/6590] GradDet(th=9.5,vf=0.05)+GradSplit(th=10.0,vf=0.06)                     | ✗ 1 fail
           └─ Failures: 00017(pred:horizontal,gt:single)
[2735/6590] GradDet(th=9.5,vf=0.05)+GradSplit(th=10.0,vf=0.07)                     | ✗ 1 fail
           └─ Failures: 00017(pred:horizontal,gt:single)
[2736/6590] GradDet(th=9.5,vf=0.05)+GradSplit(th=10.0,vf=0.08)                     | ✗ 1 fail
           └─ Failures: 00017(pred:horizontal,gt:single)
[2737/6590] GradDet(th=9.5,vf=0.05)+GradSplit(th=11.0,vf=0.03)                     | ✗ 1 fail
           └─ Failures: 00017(pred:horizontal,gt:single)
[2738/6590] GradDet(th=9.5,vf=0.05)+GradSplit(th=11.0,vf=0.04)                     | ✗ 1 fail
           └─ Failures: 00017(pred:horizontal,gt:single)
[2739/6590] GradDet(th=9.5,vf=0.05)+GradSplit(th=11.0,vf=0.05)                     | ✗ 1 fail
           └─ Failures: 00017(pred:horizontal,gt:single)
[2740/6590] GradDet(th=9.5,vf=0.05)+GradSplit(th=11.0,vf=0.06)                     | ✗ 1 fail
           └─ Failures: 00017(pred:horizontal,gt:single)
[2741/6590] GradDet(th=9.5,vf=0.05)+GradSplit(th=11.0,vf=0.07)                     | ✗ 1 fail
           └─ Failures: 00017(pred:horizontal,gt:single)
[2742/6590] GradDet(th=9.5,vf=0.05)+GradSplit(th=11.0,vf=0.08)                     | ✗ 1 fail
           └─ Failures: 00017(pred:horizontal,gt:single)
[2743/6590] GradDet(th=9.5,vf=0.05)+GradSplit(th=12.0,vf=0.03)                     | ✗ 1 fail
           └─ Failures: 00017(pred:horizontal,gt:single)
[2744/6590] GradDet(th=9.5,vf=0.05)+GradSplit(th=12.0,vf=0.04)                     | ✗ 1 fail
           └─ Failures: 00017(pred:horizontal,gt:single)
[2745/6590] GradDet(th=9.5,vf=0.05)+GradSplit(th=12.0,vf=0.05)                     | ✗ 1 fail
           └─ Failures: 00017(pred:horizontal,gt:single)
[2746/6590] GradDet(th=9.5,vf=0.05)+GradSplit(th=12.0,vf=0.06)                     | ✗ 1 fail
           └─ Failures: 00017(pred:horizontal,gt:single)
[2747/6590] GradDet(th=9.5,vf=0.05)+GradSplit(th=12.0,vf=0.07)                     | ✗ 1 fail
           └─ Failures: 00017(pred:horizontal,gt:single)
[2748/6590] GradDet(th=9.5,vf=0.05)+GradSplit(th=12.0,vf=0.08)                     | ✗ 1 fail
           └─ Failures: 00017(pred:horizontal,gt:single)
[2749/6590] GradDet(th=9.5,vf=0.05)+GradSplit(th=13.0,vf=0.03)                     | ✗ 1 fail
           └─ Failures: 00017(pred:horizontal,gt:single)
[2750/6590] GradDet(th=9.5,vf=0.05)+GradSplit(th=13.0,vf=0.04)                     | ✗ 1 fail
           └─ Failures: 00017(pred:horizontal,gt:single)
[2751/6590] GradDet(th=9.5,vf=0.05)+GradSplit(th=13.0,vf=0.05)                     | ✗ 1 fail
           └─ Failures: 00017(pred:horizontal,gt:single)
[2752/6590] GradDet(th=9.5,vf=0.05)+GradSplit(th=13.0,vf=0.06)                     | ✗ 1 fail
           └─ Failures: 00017(pred:horizontal,gt:single)
[2753/6590] GradDet(th=9.5,vf=0.05)+GradSplit(th=13.0,vf=0.07)                     | ✗ 1 fail
           └─ Failures: 00017(pred:horizontal,gt:single)
[2754/6590] GradDet(th=9.5,vf=0.05)+GradSplit(th=13.0,vf=0.08)                     | ✗ 1 fail
           └─ Failures: 00017(pred:horizontal,gt:single)
[2755/6590] GradDet(th=9.5,vf=0.06)+GradSplit(th=6.0,vf=0.03)                      | ✓ OK (30/30)
[2756/6590] GradDet(th=9.5,vf=0.06)+GradSplit(th=6.0,vf=0.04)                      | ✓ OK (30/30)
[2757/6590] GradDet(th=9.5,vf=0.06)+GradSplit(th=6.0,vf=0.05)                      | ✓ OK (30/30)
[2758/6590] GradDet(th=9.5,vf=0.06)+GradSplit(th=6.0,vf=0.06)                      | ✓ OK (30/30)
[2759/6590] GradDet(th=9.5,vf=0.06)+GradSplit(th=6.0,vf=0.07)                      | ✓ OK (30/30)
[2760/6590] GradDet(th=9.5,vf=0.06)+GradSplit(th=6.0,vf=0.08)                      | ✓ OK (30/30)
[2761/6590] GradDet(th=9.5,vf=0.06)+GradSplit(th=7.0,vf=0.03)                      | ✓ OK (30/30)
[2762/6590] GradDet(th=9.5,vf=0.06)+GradSplit(th=7.0,vf=0.04)                      | ✓ OK (30/30)
[2763/6590] GradDet(th=9.5,vf=0.06)+GradSplit(th=7.0,vf=0.05)                      | ✓ OK (30/30)
[2764/6590] GradDet(th=9.5,vf=0.06)+GradSplit(th=7.0,vf=0.06)                      | ✓ OK (30/30)
[2765/6590] GradDet(th=9.5,vf=0.06)+GradSplit(th=7.0,vf=0.07)                      | ✓ OK (30/30)
[2766/6590] GradDet(th=9.5,vf=0.06)+GradSplit(th=7.0,vf=0.08)                      | ✓ OK (30/30)
[2767/6590] GradDet(th=9.5,vf=0.06)+GradSplit(th=8.0,vf=0.03)                      | ✓ OK (30/30)
[2768/6590] GradDet(th=9.5,vf=0.06)+GradSplit(th=8.0,vf=0.04)                      | ✓ OK (30/30)
[2769/6590] GradDet(th=9.5,vf=0.06)+GradSplit(th=8.0,vf=0.05)                      | ✓ OK (30/30)
[2770/6590] GradDet(th=9.5,vf=0.06)+GradSplit(th=8.0,vf=0.06)                      | ✓ OK (30/30)
[2771/6590] GradDet(th=9.5,vf=0.06)+GradSplit(th=8.0,vf=0.07)                      | ✓ OK (30/30)
[2772/6590] GradDet(th=9.5,vf=0.06)+GradSplit(th=8.0,vf=0.08)                      | ✓ OK (30/30)
[2773/6590] GradDet(th=9.5,vf=0.06)+GradSplit(th=8.5,vf=0.03)                      | ✓ OK (30/30)
[2774/6590] GradDet(th=9.5,vf=0.06)+GradSplit(th=8.5,vf=0.04)                      | ✓ OK (30/30)
[2775/6590] GradDet(th=9.5,vf=0.06)+GradSplit(th=8.5,vf=0.05)                      | ✓ OK (30/30)
[2776/6590] GradDet(th=9.5,vf=0.06)+GradSplit(th=8.5,vf=0.06)                      | ✓ OK (30/30)
[2777/6590] GradDet(th=9.5,vf=0.06)+GradSplit(th=8.5,vf=0.07)                      | ✓ OK (30/30)
[2778/6590] GradDet(th=9.5,vf=0.06)+GradSplit(th=8.5,vf=0.08)                      | ✓ OK (30/30)
[2779/6590] GradDet(th=9.5,vf=0.06)+GradSplit(th=9.0,vf=0.03)                      | ✓ OK (30/30)
[2780/6590] GradDet(th=9.5,vf=0.06)+GradSplit(th=9.0,vf=0.04)                      | ✓ OK (30/30)
[2781/6590] GradDet(th=9.5,vf=0.06)+GradSplit(th=9.0,vf=0.05)                      | ✓ OK (30/30)
[2782/6590] GradDet(th=9.5,vf=0.06)+GradSplit(th=9.0,vf=0.06)                      | ✓ OK (30/30)
[2783/6590] GradDet(th=9.5,vf=0.06)+GradSplit(th=9.0,vf=0.07)                      | ✓ OK (30/30)
[2784/6590] GradDet(th=9.5,vf=0.06)+GradSplit(th=9.0,vf=0.08)                      | ✓ OK (30/30)
[2785/6590] GradDet(th=9.5,vf=0.06)+GradSplit(th=10.0,vf=0.03)                     | ✓ OK (30/30)
[2786/6590] GradDet(th=9.5,vf=0.06)+GradSplit(th=10.0,vf=0.04)                     | ✓ OK (30/30)
[2787/6590] GradDet(th=9.5,vf=0.06)+GradSplit(th=10.0,vf=0.05)                     | ✓ OK (30/30)
[2788/6590] GradDet(th=9.5,vf=0.06)+GradSplit(th=10.0,vf=0.06)                     | ✓ OK (30/30)
[2789/6590] GradDet(th=9.5,vf=0.06)+GradSplit(th=10.0,vf=0.07)                     | ✓ OK (30/30)
[2790/6590] GradDet(th=9.5,vf=0.06)+GradSplit(th=10.0,vf=0.08)                     | ✓ OK (30/30)
[2791/6590] GradDet(th=9.5,vf=0.06)+GradSplit(th=11.0,vf=0.03)                     | ✓ OK (30/30)
[2792/6590] GradDet(th=9.5,vf=0.06)+GradSplit(th=11.0,vf=0.04)                     | ✓ OK (30/30)
[2793/6590] GradDet(th=9.5,vf=0.06)+GradSplit(th=11.0,vf=0.05)                     | ✓ OK (30/30)
[2794/6590] GradDet(th=9.5,vf=0.06)+GradSplit(th=11.0,vf=0.06)                     | ✓ OK (30/30)
[2795/6590] GradDet(th=9.5,vf=0.06)+GradSplit(th=11.0,vf=0.07)                     | ✓ OK (30/30)
[2796/6590] GradDet(th=9.5,vf=0.06)+GradSplit(th=11.0,vf=0.08)                     | ✓ OK (30/30)
[2797/6590] GradDet(th=9.5,vf=0.06)+GradSplit(th=12.0,vf=0.03)                     | ✓ OK (30/30)
[2798/6590] GradDet(th=9.5,vf=0.06)+GradSplit(th=12.0,vf=0.04)                     | ✓ OK (30/30)
[2799/6590] GradDet(th=9.5,vf=0.06)+GradSplit(th=12.0,vf=0.05)                     | ✓ OK (30/30)
[2800/6590] GradDet(th=9.5,vf=0.06)+GradSplit(th=12.0,vf=0.06)                     | ✓ OK (30/30)
[2801/6590] GradDet(th=9.5,vf=0.06)+GradSplit(th=12.0,vf=0.07)                     | ✓ OK (30/30)
[2802/6590] GradDet(th=9.5,vf=0.06)+GradSplit(th=12.0,vf=0.08)                     | ✓ OK (30/30)
[2803/6590] GradDet(th=9.5,vf=0.06)+GradSplit(th=13.0,vf=0.03)                     | ✓ OK (30/30)
[2804/6590] GradDet(th=9.5,vf=0.06)+GradSplit(th=13.0,vf=0.04)                     | ✓ OK (30/30)
[2805/6590] GradDet(th=9.5,vf=0.06)+GradSplit(th=13.0,vf=0.05)                     | ✓ OK (30/30)
[2806/6590] GradDet(th=9.5,vf=0.06)+GradSplit(th=13.0,vf=0.06)                     | ✓ OK (30/30)
[2807/6590] GradDet(th=9.5,vf=0.06)+GradSplit(th=13.0,vf=0.07)                     | ✓ OK (30/30)
[2808/6590] GradDet(th=9.5,vf=0.06)+GradSplit(th=13.0,vf=0.08)                     | ✓ OK (30/30)
[2809/6590] GradDet(th=9.5,vf=0.07)+GradSplit(th=6.0,vf=0.03)                      | ✓ OK (30/30)
[2810/6590] GradDet(th=9.5,vf=0.07)+GradSplit(th=6.0,vf=0.04)                      | ✓ OK (30/30)
[2811/6590] GradDet(th=9.5,vf=0.07)+GradSplit(th=6.0,vf=0.05)                      | ✓ OK (30/30)
[2812/6590] GradDet(th=9.5,vf=0.07)+GradSplit(th=6.0,vf=0.06)                      | ✓ OK (30/30)
[2813/6590] GradDet(th=9.5,vf=0.07)+GradSplit(th=6.0,vf=0.07)                      | ✓ OK (30/30)
[2814/6590] GradDet(th=9.5,vf=0.07)+GradSplit(th=6.0,vf=0.08)                      | ✓ OK (30/30)
[2815/6590] GradDet(th=9.5,vf=0.07)+GradSplit(th=7.0,vf=0.03)                      | ✓ OK (30/30)
[2816/6590] GradDet(th=9.5,vf=0.07)+GradSplit(th=7.0,vf=0.04)                      | ✓ OK (30/30)
[2817/6590] GradDet(th=9.5,vf=0.07)+GradSplit(th=7.0,vf=0.05)                      | ✓ OK (30/30)
[2818/6590] GradDet(th=9.5,vf=0.07)+GradSplit(th=7.0,vf=0.06)                      | ✓ OK (30/30)
[2819/6590] GradDet(th=9.5,vf=0.07)+GradSplit(th=7.0,vf=0.07)                      | ✓ OK (30/30)
[2820/6590] GradDet(th=9.5,vf=0.07)+GradSplit(th=7.0,vf=0.08)                      | ✓ OK (30/30)
[2821/6590] GradDet(th=9.5,vf=0.07)+GradSplit(th=8.0,vf=0.03)                      | ✓ OK (30/30)
[2822/6590] GradDet(th=9.5,vf=0.07)+GradSplit(th=8.0,vf=0.04)                      | ✓ OK (30/30)
[2823/6590] GradDet(th=9.5,vf=0.07)+GradSplit(th=8.0,vf=0.05)                      | ✓ OK (30/30)
[2824/6590] GradDet(th=9.5,vf=0.07)+GradSplit(th=8.0,vf=0.06)                      | ✓ OK (30/30)
[2825/6590] GradDet(th=9.5,vf=0.07)+GradSplit(th=8.0,vf=0.07)                      | ✓ OK (30/30)
[2826/6590] GradDet(th=9.5,vf=0.07)+GradSplit(th=8.0,vf=0.08)                      | ✓ OK (30/30)
[2827/6590] GradDet(th=9.5,vf=0.07)+GradSplit(th=8.5,vf=0.03)                      | ✓ OK (30/30)
[2828/6590] GradDet(th=9.5,vf=0.07)+GradSplit(th=8.5,vf=0.04)                      | ✓ OK (30/30)
[2829/6590] GradDet(th=9.5,vf=0.07)+GradSplit(th=8.5,vf=0.05)                      | ✓ OK (30/30)
[2830/6590] GradDet(th=9.5,vf=0.07)+GradSplit(th=8.5,vf=0.06)                      | ✓ OK (30/30)
[2831/6590] GradDet(th=9.5,vf=0.07)+GradSplit(th=8.5,vf=0.07)                      | ✓ OK (30/30)
[2832/6590] GradDet(th=9.5,vf=0.07)+GradSplit(th=8.5,vf=0.08)                      | ✓ OK (30/30)
[2833/6590] GradDet(th=9.5,vf=0.07)+GradSplit(th=9.0,vf=0.03)                      | ✓ OK (30/30)
[2834/6590] GradDet(th=9.5,vf=0.07)+GradSplit(th=9.0,vf=0.04)                      | ✓ OK (30/30)
[2835/6590] GradDet(th=9.5,vf=0.07)+GradSplit(th=9.0,vf=0.05)                      | ✓ OK (30/30)
[2836/6590] GradDet(th=9.5,vf=0.07)+GradSplit(th=9.0,vf=0.06)                      | ✓ OK (30/30)
[2837/6590] GradDet(th=9.5,vf=0.07)+GradSplit(th=9.0,vf=0.07)                      | ✓ OK (30/30)
[2838/6590] GradDet(th=9.5,vf=0.07)+GradSplit(th=9.0,vf=0.08)                      | ✓ OK (30/30)
[2839/6590] GradDet(th=9.5,vf=0.07)+GradSplit(th=10.0,vf=0.03)                     | ✓ OK (30/30)
[2840/6590] GradDet(th=9.5,vf=0.07)+GradSplit(th=10.0,vf=0.04)                     | ✓ OK (30/30)
[2841/6590] GradDet(th=9.5,vf=0.07)+GradSplit(th=10.0,vf=0.05)                     | ✓ OK (30/30)
[2842/6590] GradDet(th=9.5,vf=0.07)+GradSplit(th=10.0,vf=0.06)                     | ✓ OK (30/30)
[2843/6590] GradDet(th=9.5,vf=0.07)+GradSplit(th=10.0,vf=0.07)                     | ✓ OK (30/30)
[2844/6590] GradDet(th=9.5,vf=0.07)+GradSplit(th=10.0,vf=0.08)                     | ✓ OK (30/30)
[2845/6590] GradDet(th=9.5,vf=0.07)+GradSplit(th=11.0,vf=0.03)                     | ✓ OK (30/30)
[2846/6590] GradDet(th=9.5,vf=0.07)+GradSplit(th=11.0,vf=0.04)                     | ✓ OK (30/30)
[2847/6590] GradDet(th=9.5,vf=0.07)+GradSplit(th=11.0,vf=0.05)                     | ✓ OK (30/30)
[2848/6590] GradDet(th=9.5,vf=0.07)+GradSplit(th=11.0,vf=0.06)                     | ✓ OK (30/30)
[2849/6590] GradDet(th=9.5,vf=0.07)+GradSplit(th=11.0,vf=0.07)                     | ✓ OK (30/30)
[2850/6590] GradDet(th=9.5,vf=0.07)+GradSplit(th=11.0,vf=0.08)                     | ✓ OK (30/30)
[2851/6590] GradDet(th=9.5,vf=0.07)+GradSplit(th=12.0,vf=0.03)                     | ✓ OK (30/30)
[2852/6590] GradDet(th=9.5,vf=0.07)+GradSplit(th=12.0,vf=0.04)                     | ✓ OK (30/30)
[2853/6590] GradDet(th=9.5,vf=0.07)+GradSplit(th=12.0,vf=0.05)                     | ✓ OK (30/30)
[2854/6590] GradDet(th=9.5,vf=0.07)+GradSplit(th=12.0,vf=0.06)                     | ✓ OK (30/30)
[2855/6590] GradDet(th=9.5,vf=0.07)+GradSplit(th=12.0,vf=0.07)                     | ✓ OK (30/30)
[2856/6590] GradDet(th=9.5,vf=0.07)+GradSplit(th=12.0,vf=0.08)                     | ✓ OK (30/30)
[2857/6590] GradDet(th=9.5,vf=0.07)+GradSplit(th=13.0,vf=0.03)                     | ✓ OK (30/30)
[2858/6590] GradDet(th=9.5,vf=0.07)+GradSplit(th=13.0,vf=0.04)                     | ✓ OK (30/30)
[2859/6590] GradDet(th=9.5,vf=0.07)+GradSplit(th=13.0,vf=0.05)                     | ✓ OK (30/30)
[2860/6590] GradDet(th=9.5,vf=0.07)+GradSplit(th=13.0,vf=0.06)                     | ✓ OK (30/30)
[2861/6590] GradDet(th=9.5,vf=0.07)+GradSplit(th=13.0,vf=0.07)                     | ✓ OK (30/30)
[2862/6590] GradDet(th=9.5,vf=0.07)+GradSplit(th=13.0,vf=0.08)                     | ✓ OK (30/30)
[2863/6590] GradDet(th=9.5,vf=0.08)+GradSplit(th=6.0,vf=0.03)                      | ✓ OK (30/30)
[2864/6590] GradDet(th=9.5,vf=0.08)+GradSplit(th=6.0,vf=0.04)                      | ✓ OK (30/30)
[2865/6590] GradDet(th=9.5,vf=0.08)+GradSplit(th=6.0,vf=0.05)                      | ✓ OK (30/30)
[2866/6590] GradDet(th=9.5,vf=0.08)+GradSplit(th=6.0,vf=0.06)                      | ✓ OK (30/30)
[2867/6590] GradDet(th=9.5,vf=0.08)+GradSplit(th=6.0,vf=0.07)                      | ✓ OK (30/30)
[2868/6590] GradDet(th=9.5,vf=0.08)+GradSplit(th=6.0,vf=0.08)                      | ✓ OK (30/30)
[2869/6590] GradDet(th=9.5,vf=0.08)+GradSplit(th=7.0,vf=0.03)                      | ✓ OK (30/30)
[2870/6590] GradDet(th=9.5,vf=0.08)+GradSplit(th=7.0,vf=0.04)                      | ✓ OK (30/30)
[2871/6590] GradDet(th=9.5,vf=0.08)+GradSplit(th=7.0,vf=0.05)                      | ✓ OK (30/30)
[2872/6590] GradDet(th=9.5,vf=0.08)+GradSplit(th=7.0,vf=0.06)                      | ✓ OK (30/30)
[2873/6590] GradDet(th=9.5,vf=0.08)+GradSplit(th=7.0,vf=0.07)                      | ✓ OK (30/30)
[2874/6590] GradDet(th=9.5,vf=0.08)+GradSplit(th=7.0,vf=0.08)                      | ✓ OK (30/30)
[2875/6590] GradDet(th=9.5,vf=0.08)+GradSplit(th=8.0,vf=0.03)                      | ✓ OK (30/30)
[2876/6590] GradDet(th=9.5,vf=0.08)+GradSplit(th=8.0,vf=0.04)                      | ✓ OK (30/30)
[2877/6590] GradDet(th=9.5,vf=0.08)+GradSplit(th=8.0,vf=0.05)                      | ✓ OK (30/30)
[2878/6590] GradDet(th=9.5,vf=0.08)+GradSplit(th=8.0,vf=0.06)                      | ✓ OK (30/30)
[2879/6590] GradDet(th=9.5,vf=0.08)+GradSplit(th=8.0,vf=0.07)                      | ✓ OK (30/30)
[2880/6590] GradDet(th=9.5,vf=0.08)+GradSplit(th=8.0,vf=0.08)                      | ✓ OK (30/30)
[2881/6590] GradDet(th=9.5,vf=0.08)+GradSplit(th=8.5,vf=0.03)                      | ✓ OK (30/30)
[2882/6590] GradDet(th=9.5,vf=0.08)+GradSplit(th=8.5,vf=0.04)                      | ✓ OK (30/30)
[2883/6590] GradDet(th=9.5,vf=0.08)+GradSplit(th=8.5,vf=0.05)                      | ✓ OK (30/30)
[2884/6590] GradDet(th=9.5,vf=0.08)+GradSplit(th=8.5,vf=0.06)                      | ✓ OK (30/30)
[2885/6590] GradDet(th=9.5,vf=0.08)+GradSplit(th=8.5,vf=0.07)                      | ✓ OK (30/30)
[2886/6590] GradDet(th=9.5,vf=0.08)+GradSplit(th=8.5,vf=0.08)                      | ✓ OK (30/30)
[2887/6590] GradDet(th=9.5,vf=0.08)+GradSplit(th=9.0,vf=0.03)                      | ✓ OK (30/30)
[2888/6590] GradDet(th=9.5,vf=0.08)+GradSplit(th=9.0,vf=0.04)                      | ✓ OK (30/30)
[2889/6590] GradDet(th=9.5,vf=0.08)+GradSplit(th=9.0,vf=0.05)                      | ✓ OK (30/30)
[2890/6590] GradDet(th=9.5,vf=0.08)+GradSplit(th=9.0,vf=0.06)                      | ✓ OK (30/30)
[2891/6590] GradDet(th=9.5,vf=0.08)+GradSplit(th=9.0,vf=0.07)                      | ✓ OK (30/30)
[2892/6590] GradDet(th=9.5,vf=0.08)+GradSplit(th=9.0,vf=0.08)                      | ✓ OK (30/30)
[2893/6590] GradDet(th=9.5,vf=0.08)+GradSplit(th=10.0,vf=0.03)                     | ✓ OK (30/30)
[2894/6590] GradDet(th=9.5,vf=0.08)+GradSplit(th=10.0,vf=0.04)                     | ✓ OK (30/30)
[2895/6590] GradDet(th=9.5,vf=0.08)+GradSplit(th=10.0,vf=0.05)                     | ✓ OK (30/30)
[2896/6590] GradDet(th=9.5,vf=0.08)+GradSplit(th=10.0,vf=0.06)                     | ✓ OK (30/30)
[2897/6590] GradDet(th=9.5,vf=0.08)+GradSplit(th=10.0,vf=0.07)                     | ✓ OK (30/30)
[2898/6590] GradDet(th=9.5,vf=0.08)+GradSplit(th=10.0,vf=0.08)                     | ✓ OK (30/30)
[2899/6590] GradDet(th=9.5,vf=0.08)+GradSplit(th=11.0,vf=0.03)                     | ✓ OK (30/30)
[2900/6590] GradDet(th=9.5,vf=0.08)+GradSplit(th=11.0,vf=0.04)                     | ✓ OK (30/30)
[2901/6590] GradDet(th=9.5,vf=0.08)+GradSplit(th=11.0,vf=0.05)                     | ✓ OK (30/30)
[2902/6590] GradDet(th=9.5,vf=0.08)+GradSplit(th=11.0,vf=0.06)                     | ✓ OK (30/30)
[2903/6590] GradDet(th=9.5,vf=0.08)+GradSplit(th=11.0,vf=0.07)                     | ✓ OK (30/30)
[2904/6590] GradDet(th=9.5,vf=0.08)+GradSplit(th=11.0,vf=0.08)                     | ✓ OK (30/30)
[2905/6590] GradDet(th=9.5,vf=0.08)+GradSplit(th=12.0,vf=0.03)                     | ✓ OK (30/30)
[2906/6590] GradDet(th=9.5,vf=0.08)+GradSplit(th=12.0,vf=0.04)                     | ✓ OK (30/30)
[2907/6590] GradDet(th=9.5,vf=0.08)+GradSplit(th=12.0,vf=0.05)                     | ✓ OK (30/30)
[2908/6590] GradDet(th=9.5,vf=0.08)+GradSplit(th=12.0,vf=0.06)                     | ✓ OK (30/30)
[2909/6590] GradDet(th=9.5,vf=0.08)+GradSplit(th=12.0,vf=0.07)                     | ✓ OK (30/30)
[2910/6590] GradDet(th=9.5,vf=0.08)+GradSplit(th=12.0,vf=0.08)                     | ✓ OK (30/30)
[2911/6590] GradDet(th=9.5,vf=0.08)+GradSplit(th=13.0,vf=0.03)                     | ✓ OK (30/30)
[2912/6590] GradDet(th=9.5,vf=0.08)+GradSplit(th=13.0,vf=0.04)                     | ✓ OK (30/30)
[2913/6590] GradDet(th=9.5,vf=0.08)+GradSplit(th=13.0,vf=0.05)                     | ✓ OK (30/30)
[2914/6590] GradDet(th=9.5,vf=0.08)+GradSplit(th=13.0,vf=0.06)                     | ✓ OK (30/30)
[2915/6590] GradDet(th=9.5,vf=0.08)+GradSplit(th=13.0,vf=0.07)                     | ✓ OK (30/30)
[2916/6590] GradDet(th=9.5,vf=0.08)+GradSplit(th=13.0,vf=0.08)                     | ✓ OK (30/30)
[2917/6590] GradDet(th=10.0,vf=0.03)+GradSplit(th=6.0,vf=0.03)                     | ✓ OK (30/30)
[2918/6590] GradDet(th=10.0,vf=0.03)+GradSplit(th=6.0,vf=0.04)                     | ✓ OK (30/30)
[2919/6590] GradDet(th=10.0,vf=0.03)+GradSplit(th=6.0,vf=0.05)                     | ✓ OK (30/30)
[2920/6590] GradDet(th=10.0,vf=0.03)+GradSplit(th=6.0,vf=0.06)                     | ✓ OK (30/30)
[2921/6590] GradDet(th=10.0,vf=0.03)+GradSplit(th=6.0,vf=0.07)                     | ✓ OK (30/30)
[2922/6590] GradDet(th=10.0,vf=0.03)+GradSplit(th=6.0,vf=0.08)                     | ✓ OK (30/30)
[2923/6590] GradDet(th=10.0,vf=0.03)+GradSplit(th=7.0,vf=0.03)                     | ✓ OK (30/30)
[2924/6590] GradDet(th=10.0,vf=0.03)+GradSplit(th=7.0,vf=0.04)                     | ✓ OK (30/30)
[2925/6590] GradDet(th=10.0,vf=0.03)+GradSplit(th=7.0,vf=0.05)                     | ✓ OK (30/30)
[2926/6590] GradDet(th=10.0,vf=0.03)+GradSplit(th=7.0,vf=0.06)                     | ✓ OK (30/30)
[2927/6590] GradDet(th=10.0,vf=0.03)+GradSplit(th=7.0,vf=0.07)                     | ✓ OK (30/30)
[2928/6590] GradDet(th=10.0,vf=0.03)+GradSplit(th=7.0,vf=0.08)                     | ✓ OK (30/30)
[2929/6590] GradDet(th=10.0,vf=0.03)+GradSplit(th=8.0,vf=0.03)                     | ✓ OK (30/30)
[2930/6590] GradDet(th=10.0,vf=0.03)+GradSplit(th=8.0,vf=0.04)                     | ✓ OK (30/30)
[2931/6590] GradDet(th=10.0,vf=0.03)+GradSplit(th=8.0,vf=0.05)                     | ✓ OK (30/30)
[2932/6590] GradDet(th=10.0,vf=0.03)+GradSplit(th=8.0,vf=0.06)                     | ✓ OK (30/30)
[2933/6590] GradDet(th=10.0,vf=0.03)+GradSplit(th=8.0,vf=0.07)                     | ✓ OK (30/30)
[2934/6590] GradDet(th=10.0,vf=0.03)+GradSplit(th=8.0,vf=0.08)                     | ✓ OK (30/30)
[2935/6590] GradDet(th=10.0,vf=0.03)+GradSplit(th=8.5,vf=0.03)                     | ✓ OK (30/30)
[2936/6590] GradDet(th=10.0,vf=0.03)+GradSplit(th=8.5,vf=0.04)                     | ✓ OK (30/30)
[2937/6590] GradDet(th=10.0,vf=0.03)+GradSplit(th=8.5,vf=0.05)                     | ✓ OK (30/30)
[2938/6590] GradDet(th=10.0,vf=0.03)+GradSplit(th=8.5,vf=0.06)                     | ✓ OK (30/30)
[2939/6590] GradDet(th=10.0,vf=0.03)+GradSplit(th=8.5,vf=0.07)                     | ✓ OK (30/30)
[2940/6590] GradDet(th=10.0,vf=0.03)+GradSplit(th=8.5,vf=0.08)                     | ✓ OK (30/30)
[2941/6590] GradDet(th=10.0,vf=0.03)+GradSplit(th=9.0,vf=0.03)                     | ✓ OK (30/30)
[2942/6590] GradDet(th=10.0,vf=0.03)+GradSplit(th=9.0,vf=0.04)                     | ✓ OK (30/30)
[2943/6590] GradDet(th=10.0,vf=0.03)+GradSplit(th=9.0,vf=0.05)                     | ✓ OK (30/30)
[2944/6590] GradDet(th=10.0,vf=0.03)+GradSplit(th=9.0,vf=0.06)                     | ✓ OK (30/30)
[2945/6590] GradDet(th=10.0,vf=0.03)+GradSplit(th=9.0,vf=0.07)                     | ✓ OK (30/30)
[2946/6590] GradDet(th=10.0,vf=0.03)+GradSplit(th=9.0,vf=0.08)                     | ✓ OK (30/30)
[2947/6590] GradDet(th=10.0,vf=0.03)+GradSplit(th=10.0,vf=0.03)                    | ✓ OK (30/30)
[2948/6590] GradDet(th=10.0,vf=0.03)+GradSplit(th=10.0,vf=0.04)                    | ✓ OK (30/30)
[2949/6590] GradDet(th=10.0,vf=0.03)+GradSplit(th=10.0,vf=0.05)                    | ✓ OK (30/30)
[2950/6590] GradDet(th=10.0,vf=0.03)+GradSplit(th=10.0,vf=0.06)                    | ✓ OK (30/30)
[2951/6590] GradDet(th=10.0,vf=0.03)+GradSplit(th=10.0,vf=0.07)                    | ✓ OK (30/30)
[2952/6590] GradDet(th=10.0,vf=0.03)+GradSplit(th=10.0,vf=0.08)                    | ✓ OK (30/30)
[2953/6590] GradDet(th=10.0,vf=0.03)+GradSplit(th=11.0,vf=0.03)                    | ✓ OK (30/30)
[2954/6590] GradDet(th=10.0,vf=0.03)+GradSplit(th=11.0,vf=0.04)                    | ✓ OK (30/30)
[2955/6590] GradDet(th=10.0,vf=0.03)+GradSplit(th=11.0,vf=0.05)                    | ✓ OK (30/30)
[2956/6590] GradDet(th=10.0,vf=0.03)+GradSplit(th=11.0,vf=0.06)                    | ✓ OK (30/30)
[2957/6590] GradDet(th=10.0,vf=0.03)+GradSplit(th=11.0,vf=0.07)                    | ✓ OK (30/30)
[2958/6590] GradDet(th=10.0,vf=0.03)+GradSplit(th=11.0,vf=0.08)                    | ✓ OK (30/30)
[2959/6590] GradDet(th=10.0,vf=0.03)+GradSplit(th=12.0,vf=0.03)                    | ✓ OK (30/30)
[2960/6590] GradDet(th=10.0,vf=0.03)+GradSplit(th=12.0,vf=0.04)                    | ✓ OK (30/30)
[2961/6590] GradDet(th=10.0,vf=0.03)+GradSplit(th=12.0,vf=0.05)                    | ✓ OK (30/30)
[2962/6590] GradDet(th=10.0,vf=0.03)+GradSplit(th=12.0,vf=0.06)                    | ✓ OK (30/30)
[2963/6590] GradDet(th=10.0,vf=0.03)+GradSplit(th=12.0,vf=0.07)                    | ✓ OK (30/30)
[2964/6590] GradDet(th=10.0,vf=0.03)+GradSplit(th=12.0,vf=0.08)                    | ✓ OK (30/30)
[2965/6590] GradDet(th=10.0,vf=0.03)+GradSplit(th=13.0,vf=0.03)                    | ✓ OK (30/30)
[2966/6590] GradDet(th=10.0,vf=0.03)+GradSplit(th=13.0,vf=0.04)                    | ✓ OK (30/30)
[2967/6590] GradDet(th=10.0,vf=0.03)+GradSplit(th=13.0,vf=0.05)                    | ✓ OK (30/30)
[2968/6590] GradDet(th=10.0,vf=0.03)+GradSplit(th=13.0,vf=0.06)                    | ✓ OK (30/30)
[2969/6590] GradDet(th=10.0,vf=0.03)+GradSplit(th=13.0,vf=0.07)                    | ✓ OK (30/30)
[2970/6590] GradDet(th=10.0,vf=0.03)+GradSplit(th=13.0,vf=0.08)                    | ✓ OK (30/30)
[2971/6590] GradDet(th=10.0,vf=0.04)+GradSplit(th=6.0,vf=0.03)                     | ✓ OK (30/30)
[2972/6590] GradDet(th=10.0,vf=0.04)+GradSplit(th=6.0,vf=0.04)                     | ✓ OK (30/30)
[2973/6590] GradDet(th=10.0,vf=0.04)+GradSplit(th=6.0,vf=0.05)                     | ✓ OK (30/30)
[2974/6590] GradDet(th=10.0,vf=0.04)+GradSplit(th=6.0,vf=0.06)                     | ✓ OK (30/30)
[2975/6590] GradDet(th=10.0,vf=0.04)+GradSplit(th=6.0,vf=0.07)                     | ✓ OK (30/30)
[2976/6590] GradDet(th=10.0,vf=0.04)+GradSplit(th=6.0,vf=0.08)                     | ✓ OK (30/30)
[2977/6590] GradDet(th=10.0,vf=0.04)+GradSplit(th=7.0,vf=0.03)                     | ✓ OK (30/30)
[2978/6590] GradDet(th=10.0,vf=0.04)+GradSplit(th=7.0,vf=0.04)                     | ✓ OK (30/30)
[2979/6590] GradDet(th=10.0,vf=0.04)+GradSplit(th=7.0,vf=0.05)                     | ✓ OK (30/30)
[2980/6590] GradDet(th=10.0,vf=0.04)+GradSplit(th=7.0,vf=0.06)                     | ✓ OK (30/30)
[2981/6590] GradDet(th=10.0,vf=0.04)+GradSplit(th=7.0,vf=0.07)                     | ✓ OK (30/30)
[2982/6590] GradDet(th=10.0,vf=0.04)+GradSplit(th=7.0,vf=0.08)                     | ✓ OK (30/30)
[2983/6590] GradDet(th=10.0,vf=0.04)+GradSplit(th=8.0,vf=0.03)                     | ✓ OK (30/30)
[2984/6590] GradDet(th=10.0,vf=0.04)+GradSplit(th=8.0,vf=0.04)                     | ✓ OK (30/30)
[2985/6590] GradDet(th=10.0,vf=0.04)+GradSplit(th=8.0,vf=0.05)                     | ✓ OK (30/30)
[2986/6590] GradDet(th=10.0,vf=0.04)+GradSplit(th=8.0,vf=0.06)                     | ✓ OK (30/30)
[2987/6590] GradDet(th=10.0,vf=0.04)+GradSplit(th=8.0,vf=0.07)                     | ✓ OK (30/30)
[2988/6590] GradDet(th=10.0,vf=0.04)+GradSplit(th=8.0,vf=0.08)                     | ✓ OK (30/30)
[2989/6590] GradDet(th=10.0,vf=0.04)+GradSplit(th=8.5,vf=0.03)                     | ✓ OK (30/30)
[2990/6590] GradDet(th=10.0,vf=0.04)+GradSplit(th=8.5,vf=0.04)                     | ✓ OK (30/30)
[2991/6590] GradDet(th=10.0,vf=0.04)+GradSplit(th=8.5,vf=0.05)                     | ✓ OK (30/30)
[2992/6590] GradDet(th=10.0,vf=0.04)+GradSplit(th=8.5,vf=0.06)                     | ✓ OK (30/30)
[2993/6590] GradDet(th=10.0,vf=0.04)+GradSplit(th=8.5,vf=0.07)                     | ✓ OK (30/30)
[2994/6590] GradDet(th=10.0,vf=0.04)+GradSplit(th=8.5,vf=0.08)                     | ✓ OK (30/30)
[2995/6590] GradDet(th=10.0,vf=0.04)+GradSplit(th=9.0,vf=0.03)                     | ✓ OK (30/30)
[2996/6590] GradDet(th=10.0,vf=0.04)+GradSplit(th=9.0,vf=0.04)                     | ✓ OK (30/30)
[2997/6590] GradDet(th=10.0,vf=0.04)+GradSplit(th=9.0,vf=0.05)                     | ✓ OK (30/30)
[2998/6590] GradDet(th=10.0,vf=0.04)+GradSplit(th=9.0,vf=0.06)                     | ✓ OK (30/30)
[2999/6590] GradDet(th=10.0,vf=0.04)+GradSplit(th=9.0,vf=0.07)                     | ✓ OK (30/30)
[3000/6590] GradDet(th=10.0,vf=0.04)+GradSplit(th=9.0,vf=0.08)                     | ✓ OK (30/30)
[3001/6590] GradDet(th=10.0,vf=0.04)+GradSplit(th=10.0,vf=0.03)                    | ✓ OK (30/30)
[3002/6590] GradDet(th=10.0,vf=0.04)+GradSplit(th=10.0,vf=0.04)                    | ✓ OK (30/30)
[3003/6590] GradDet(th=10.0,vf=0.04)+GradSplit(th=10.0,vf=0.05)                    | ✓ OK (30/30)
[3004/6590] GradDet(th=10.0,vf=0.04)+GradSplit(th=10.0,vf=0.06)                    | ✓ OK (30/30)
[3005/6590] GradDet(th=10.0,vf=0.04)+GradSplit(th=10.0,vf=0.07)                    | ✓ OK (30/30)
[3006/6590] GradDet(th=10.0,vf=0.04)+GradSplit(th=10.0,vf=0.08)                    | ✓ OK (30/30)
[3007/6590] GradDet(th=10.0,vf=0.04)+GradSplit(th=11.0,vf=0.03)                    | ✓ OK (30/30)
[3008/6590] GradDet(th=10.0,vf=0.04)+GradSplit(th=11.0,vf=0.04)                    | ✓ OK (30/30)
[3009/6590] GradDet(th=10.0,vf=0.04)+GradSplit(th=11.0,vf=0.05)                    | ✓ OK (30/30)
[3010/6590] GradDet(th=10.0,vf=0.04)+GradSplit(th=11.0,vf=0.06)                    | ✓ OK (30/30)
[3011/6590] GradDet(th=10.0,vf=0.04)+GradSplit(th=11.0,vf=0.07)                    | ✓ OK (30/30)
[3012/6590] GradDet(th=10.0,vf=0.04)+GradSplit(th=11.0,vf=0.08)                    | ✓ OK (30/30)
[3013/6590] GradDet(th=10.0,vf=0.04)+GradSplit(th=12.0,vf=0.03)                    | ✓ OK (30/30)
[3014/6590] GradDet(th=10.0,vf=0.04)+GradSplit(th=12.0,vf=0.04)                    | ✓ OK (30/30)
[3015/6590] GradDet(th=10.0,vf=0.04)+GradSplit(th=12.0,vf=0.05)                    | ✓ OK (30/30)
[3016/6590] GradDet(th=10.0,vf=0.04)+GradSplit(th=12.0,vf=0.06)                    | ✓ OK (30/30)
[3017/6590] GradDet(th=10.0,vf=0.04)+GradSplit(th=12.0,vf=0.07)                    | ✓ OK (30/30)
[3018/6590] GradDet(th=10.0,vf=0.04)+GradSplit(th=12.0,vf=0.08)                    | ✓ OK (30/30)
[3019/6590] GradDet(th=10.0,vf=0.04)+GradSplit(th=13.0,vf=0.03)                    | ✓ OK (30/30)
[3020/6590] GradDet(th=10.0,vf=0.04)+GradSplit(th=13.0,vf=0.04)                    | ✓ OK (30/30)
[3021/6590] GradDet(th=10.0,vf=0.04)+GradSplit(th=13.0,vf=0.05)                    | ✓ OK (30/30)
[3022/6590] GradDet(th=10.0,vf=0.04)+GradSplit(th=13.0,vf=0.06)                    | ✓ OK (30/30)
[3023/6590] GradDet(th=10.0,vf=0.04)+GradSplit(th=13.0,vf=0.07)                    | ✓ OK (30/30)
[3024/6590] GradDet(th=10.0,vf=0.04)+GradSplit(th=13.0,vf=0.08)                    | ✓ OK (30/30)
[3025/6590] GradDet(th=10.0,vf=0.05)+GradSplit(th=6.0,vf=0.03)                     | ✗ 1 fail
           └─ Failures: 00017(pred:horizontal,gt:single)
[3026/6590] GradDet(th=10.0,vf=0.05)+GradSplit(th=6.0,vf=0.04)                     | ✗ 1 fail
           └─ Failures: 00017(pred:horizontal,gt:single)
[3027/6590] GradDet(th=10.0,vf=0.05)+GradSplit(th=6.0,vf=0.05)                     | ✗ 1 fail
           └─ Failures: 00017(pred:horizontal,gt:single)
[3028/6590] GradDet(th=10.0,vf=0.05)+GradSplit(th=6.0,vf=0.06)                     | ✗ 1 fail
           └─ Failures: 00017(pred:horizontal,gt:single)
[3029/6590] GradDet(th=10.0,vf=0.05)+GradSplit(th=6.0,vf=0.07)                     | ✗ 1 fail
           └─ Failures: 00017(pred:horizontal,gt:single)
[3030/6590] GradDet(th=10.0,vf=0.05)+GradSplit(th=6.0,vf=0.08)                     | ✗ 1 fail
           └─ Failures: 00017(pred:horizontal,gt:single)
[3031/6590] GradDet(th=10.0,vf=0.05)+GradSplit(th=7.0,vf=0.03)                     | ✗ 1 fail
           └─ Failures: 00017(pred:horizontal,gt:single)
[3032/6590] GradDet(th=10.0,vf=0.05)+GradSplit(th=7.0,vf=0.04)                     | ✗ 1 fail
           └─ Failures: 00017(pred:horizontal,gt:single)
[3033/6590] GradDet(th=10.0,vf=0.05)+GradSplit(th=7.0,vf=0.05)                     | ✗ 1 fail
           └─ Failures: 00017(pred:horizontal,gt:single)
[3034/6590] GradDet(th=10.0,vf=0.05)+GradSplit(th=7.0,vf=0.06)                     | ✗ 1 fail
           └─ Failures: 00017(pred:horizontal,gt:single)
[3035/6590] GradDet(th=10.0,vf=0.05)+GradSplit(th=7.0,vf=0.07)                     | ✗ 1 fail
           └─ Failures: 00017(pred:horizontal,gt:single)
[3036/6590] GradDet(th=10.0,vf=0.05)+GradSplit(th=7.0,vf=0.08)                     | ✗ 1 fail
           └─ Failures: 00017(pred:horizontal,gt:single)
[3037/6590] GradDet(th=10.0,vf=0.05)+GradSplit(th=8.0,vf=0.03)                     | ✗ 1 fail
           └─ Failures: 00017(pred:horizontal,gt:single)
[3038/6590] GradDet(th=10.0,vf=0.05)+GradSplit(th=8.0,vf=0.04)                     | ✗ 1 fail
           └─ Failures: 00017(pred:horizontal,gt:single)
[3039/6590] GradDet(th=10.0,vf=0.05)+GradSplit(th=8.0,vf=0.05)                     | ✗ 1 fail
           └─ Failures: 00017(pred:horizontal,gt:single)
[3040/6590] GradDet(th=10.0,vf=0.05)+GradSplit(th=8.0,vf=0.06)                     | ✗ 1 fail
           └─ Failures: 00017(pred:horizontal,gt:single)
[3041/6590] GradDet(th=10.0,vf=0.05)+GradSplit(th=8.0,vf=0.07)                     | ✗ 1 fail
           └─ Failures: 00017(pred:horizontal,gt:single)
[3042/6590] GradDet(th=10.0,vf=0.05)+GradSplit(th=8.0,vf=0.08)                     | ✗ 1 fail
           └─ Failures: 00017(pred:horizontal,gt:single)
[3043/6590] GradDet(th=10.0,vf=0.05)+GradSplit(th=8.5,vf=0.03)                     | ✗ 1 fail
           └─ Failures: 00017(pred:horizontal,gt:single)
[3044/6590] GradDet(th=10.0,vf=0.05)+GradSplit(th=8.5,vf=0.04)                     | ✗ 1 fail
           └─ Failures: 00017(pred:horizontal,gt:single)
[3045/6590] GradDet(th=10.0,vf=0.05)+GradSplit(th=8.5,vf=0.05)                     | ✗ 1 fail
           └─ Failures: 00017(pred:horizontal,gt:single)
[3046/6590] GradDet(th=10.0,vf=0.05)+GradSplit(th=8.5,vf=0.06)                     | ✗ 1 fail
           └─ Failures: 00017(pred:horizontal,gt:single)
[3047/6590] GradDet(th=10.0,vf=0.05)+GradSplit(th=8.5,vf=0.07)                     | ✗ 1 fail
           └─ Failures: 00017(pred:horizontal,gt:single)
[3048/6590] GradDet(th=10.0,vf=0.05)+GradSplit(th=8.5,vf=0.08)                     | ✗ 1 fail
           └─ Failures: 00017(pred:horizontal,gt:single)
[3049/6590] GradDet(th=10.0,vf=0.05)+GradSplit(th=9.0,vf=0.03)                     | ✗ 1 fail
           └─ Failures: 00017(pred:horizontal,gt:single)
[3050/6590] GradDet(th=10.0,vf=0.05)+GradSplit(th=9.0,vf=0.04)                     | ✗ 1 fail
           └─ Failures: 00017(pred:horizontal,gt:single)
[3051/6590] GradDet(th=10.0,vf=0.05)+GradSplit(th=9.0,vf=0.05)                     | ✗ 1 fail
           └─ Failures: 00017(pred:horizontal,gt:single)
[3052/6590] GradDet(th=10.0,vf=0.05)+GradSplit(th=9.0,vf=0.06)                     | ✗ 1 fail
           └─ Failures: 00017(pred:horizontal,gt:single)
[3053/6590] GradDet(th=10.0,vf=0.05)+GradSplit(th=9.0,vf=0.07)                     | ✗ 1 fail
           └─ Failures: 00017(pred:horizontal,gt:single)
[3054/6590] GradDet(th=10.0,vf=0.05)+GradSplit(th=9.0,vf=0.08)                     | ✗ 1 fail
           └─ Failures: 00017(pred:horizontal,gt:single)
[3055/6590] GradDet(th=10.0,vf=0.05)+GradSplit(th=10.0,vf=0.03)                    | ✗ 1 fail
           └─ Failures: 00017(pred:horizontal,gt:single)
[3056/6590] GradDet(th=10.0,vf=0.05)+GradSplit(th=10.0,vf=0.04)                    | ✗ 1 fail
           └─ Failures: 00017(pred:horizontal,gt:single)
[3057/6590] GradDet(th=10.0,vf=0.05)+GradSplit(th=10.0,vf=0.05)                    | ✗ 1 fail
           └─ Failures: 00017(pred:horizontal,gt:single)
[3058/6590] GradDet(th=10.0,vf=0.05)+GradSplit(th=10.0,vf=0.06)                    | ✗ 1 fail
           └─ Failures: 00017(pred:horizontal,gt:single)
[3059/6590] GradDet(th=10.0,vf=0.05)+GradSplit(th=10.0,vf=0.07)                    | ✗ 1 fail
           └─ Failures: 00017(pred:horizontal,gt:single)
[3060/6590] GradDet(th=10.0,vf=0.05)+GradSplit(th=10.0,vf=0.08)                    | ✗ 1 fail
           └─ Failures: 00017(pred:horizontal,gt:single)
[3061/6590] GradDet(th=10.0,vf=0.05)+GradSplit(th=11.0,vf=0.03)                    | ✗ 1 fail
           └─ Failures: 00017(pred:horizontal,gt:single)
[3062/6590] GradDet(th=10.0,vf=0.05)+GradSplit(th=11.0,vf=0.04)                    | ✗ 1 fail
           └─ Failures: 00017(pred:horizontal,gt:single)
[3063/6590] GradDet(th=10.0,vf=0.05)+GradSplit(th=11.0,vf=0.05)                    | ✗ 1 fail
           └─ Failures: 00017(pred:horizontal,gt:single)
[3064/6590] GradDet(th=10.0,vf=0.05)+GradSplit(th=11.0,vf=0.06)                    | ✗ 1 fail
           └─ Failures: 00017(pred:horizontal,gt:single)
[3065/6590] GradDet(th=10.0,vf=0.05)+GradSplit(th=11.0,vf=0.07)                    | ✗ 1 fail
           └─ Failures: 00017(pred:horizontal,gt:single)
[3066/6590] GradDet(th=10.0,vf=0.05)+GradSplit(th=11.0,vf=0.08)                    | ✗ 1 fail
           └─ Failures: 00017(pred:horizontal,gt:single)
[3067/6590] GradDet(th=10.0,vf=0.05)+GradSplit(th=12.0,vf=0.03)                    | ✗ 1 fail
           └─ Failures: 00017(pred:horizontal,gt:single)
[3068/6590] GradDet(th=10.0,vf=0.05)+GradSplit(th=12.0,vf=0.04)                    | ✗ 1 fail
           └─ Failures: 00017(pred:horizontal,gt:single)
[3069/6590] GradDet(th=10.0,vf=0.05)+GradSplit(th=12.0,vf=0.05)                    | ✗ 1 fail
           └─ Failures: 00017(pred:horizontal,gt:single)
[3070/6590] GradDet(th=10.0,vf=0.05)+GradSplit(th=12.0,vf=0.06)                    | ✗ 1 fail
           └─ Failures: 00017(pred:horizontal,gt:single)
[3071/6590] GradDet(th=10.0,vf=0.05)+GradSplit(th=12.0,vf=0.07)                    | ✗ 1 fail
           └─ Failures: 00017(pred:horizontal,gt:single)
[3072/6590] GradDet(th=10.0,vf=0.05)+GradSplit(th=12.0,vf=0.08)                    | ✗ 1 fail
           └─ Failures: 00017(pred:horizontal,gt:single)
[3073/6590] GradDet(th=10.0,vf=0.05)+GradSplit(th=13.0,vf=0.03)                    | ✗ 1 fail
           └─ Failures: 00017(pred:horizontal,gt:single)
[3074/6590] GradDet(th=10.0,vf=0.05)+GradSplit(th=13.0,vf=0.04)                    | ✗ 1 fail
           └─ Failures: 00017(pred:horizontal,gt:single)
[3075/6590] GradDet(th=10.0,vf=0.05)+GradSplit(th=13.0,vf=0.05)                    | ✗ 1 fail
           └─ Failures: 00017(pred:horizontal,gt:single)
[3076/6590] GradDet(th=10.0,vf=0.05)+GradSplit(th=13.0,vf=0.06)                    | ✗ 1 fail
           └─ Failures: 00017(pred:horizontal,gt:single)
[3077/6590] GradDet(th=10.0,vf=0.05)+GradSplit(th=13.0,vf=0.07)                    | ✗ 1 fail
           └─ Failures: 00017(pred:horizontal,gt:single)
[3078/6590] GradDet(th=10.0,vf=0.05)+GradSplit(th=13.0,vf=0.08)                    | ✗ 1 fail
           └─ Failures: 00017(pred:horizontal,gt:single)
[3079/6590] GradDet(th=10.0,vf=0.06)+GradSplit(th=6.0,vf=0.03)                     | ✓ OK (30/30)
[3080/6590] GradDet(th=10.0,vf=0.06)+GradSplit(th=6.0,vf=0.04)                     | ✓ OK (30/30)
[3081/6590] GradDet(th=10.0,vf=0.06)+GradSplit(th=6.0,vf=0.05)                     | ✓ OK (30/30)
[3082/6590] GradDet(th=10.0,vf=0.06)+GradSplit(th=6.0,vf=0.06)                     | ✓ OK (30/30)
[3083/6590] GradDet(th=10.0,vf=0.06)+GradSplit(th=6.0,vf=0.07)                     | ✓ OK (30/30)
[3084/6590] GradDet(th=10.0,vf=0.06)+GradSplit(th=6.0,vf=0.08)                     | ✓ OK (30/30)
[3085/6590] GradDet(th=10.0,vf=0.06)+GradSplit(th=7.0,vf=0.03)                     | ✓ OK (30/30)
[3086/6590] GradDet(th=10.0,vf=0.06)+GradSplit(th=7.0,vf=0.04)                     | ✓ OK (30/30)
[3087/6590] GradDet(th=10.0,vf=0.06)+GradSplit(th=7.0,vf=0.05)                     | ✓ OK (30/30)
[3088/6590] GradDet(th=10.0,vf=0.06)+GradSplit(th=7.0,vf=0.06)                     | ✓ OK (30/30)
[3089/6590] GradDet(th=10.0,vf=0.06)+GradSplit(th=7.0,vf=0.07)                     | ✓ OK (30/30)
[3090/6590] GradDet(th=10.0,vf=0.06)+GradSplit(th=7.0,vf=0.08)                     | ✓ OK (30/30)
[3091/6590] GradDet(th=10.0,vf=0.06)+GradSplit(th=8.0,vf=0.03)                     | ✓ OK (30/30)
[3092/6590] GradDet(th=10.0,vf=0.06)+GradSplit(th=8.0,vf=0.04)                     | ✓ OK (30/30)
[3093/6590] GradDet(th=10.0,vf=0.06)+GradSplit(th=8.0,vf=0.05)                     | ✓ OK (30/30)
[3094/6590] GradDet(th=10.0,vf=0.06)+GradSplit(th=8.0,vf=0.06)                     | ✓ OK (30/30)
[3095/6590] GradDet(th=10.0,vf=0.06)+GradSplit(th=8.0,vf=0.07)                     | ✓ OK (30/30)
[3096/6590] GradDet(th=10.0,vf=0.06)+GradSplit(th=8.0,vf=0.08)                     | ✓ OK (30/30)
[3097/6590] GradDet(th=10.0,vf=0.06)+GradSplit(th=8.5,vf=0.03)                     | ✓ OK (30/30)
[3098/6590] GradDet(th=10.0,vf=0.06)+GradSplit(th=8.5,vf=0.04)                     | ✓ OK (30/30)
[3099/6590] GradDet(th=10.0,vf=0.06)+GradSplit(th=8.5,vf=0.05)                     | ✓ OK (30/30)
[3100/6590] GradDet(th=10.0,vf=0.06)+GradSplit(th=8.5,vf=0.06)                     | ✓ OK (30/30)
[3101/6590] GradDet(th=10.0,vf=0.06)+GradSplit(th=8.5,vf=0.07)                     | ✓ OK (30/30)
[3102/6590] GradDet(th=10.0,vf=0.06)+GradSplit(th=8.5,vf=0.08)                     | ✓ OK (30/30)
[3103/6590] GradDet(th=10.0,vf=0.06)+GradSplit(th=9.0,vf=0.03)                     | ✓ OK (30/30)
[3104/6590] GradDet(th=10.0,vf=0.06)+GradSplit(th=9.0,vf=0.04)                     | ✓ OK (30/30)
[3105/6590] GradDet(th=10.0,vf=0.06)+GradSplit(th=9.0,vf=0.05)                     | ✓ OK (30/30)
[3106/6590] GradDet(th=10.0,vf=0.06)+GradSplit(th=9.0,vf=0.06)                     | ✓ OK (30/30)
[3107/6590] GradDet(th=10.0,vf=0.06)+GradSplit(th=9.0,vf=0.07)                     | ✓ OK (30/30)
[3108/6590] GradDet(th=10.0,vf=0.06)+GradSplit(th=9.0,vf=0.08)                     | ✓ OK (30/30)
[3109/6590] GradDet(th=10.0,vf=0.06)+GradSplit(th=10.0,vf=0.03)                    | ✓ OK (30/30)
[3110/6590] GradDet(th=10.0,vf=0.06)+GradSplit(th=10.0,vf=0.04)                    | ✓ OK (30/30)
[3111/6590] GradDet(th=10.0,vf=0.06)+GradSplit(th=10.0,vf=0.05)                    | ✓ OK (30/30)
[3112/6590] GradDet(th=10.0,vf=0.06)+GradSplit(th=10.0,vf=0.06)                    | ✓ OK (30/30)
[3113/6590] GradDet(th=10.0,vf=0.06)+GradSplit(th=10.0,vf=0.07)                    | ✓ OK (30/30)
[3114/6590] GradDet(th=10.0,vf=0.06)+GradSplit(th=10.0,vf=0.08)                    | ✓ OK (30/30)
[3115/6590] GradDet(th=10.0,vf=0.06)+GradSplit(th=11.0,vf=0.03)                    | ✓ OK (30/30)
[3116/6590] GradDet(th=10.0,vf=0.06)+GradSplit(th=11.0,vf=0.04)                    | ✓ OK (30/30)
[3117/6590] GradDet(th=10.0,vf=0.06)+GradSplit(th=11.0,vf=0.05)                    | ✓ OK (30/30)
[3118/6590] GradDet(th=10.0,vf=0.06)+GradSplit(th=11.0,vf=0.06)                    | ✓ OK (30/30)
[3119/6590] GradDet(th=10.0,vf=0.06)+GradSplit(th=11.0,vf=0.07)                    | ✓ OK (30/30)
[3120/6590] GradDet(th=10.0,vf=0.06)+GradSplit(th=11.0,vf=0.08)                    | ✓ OK (30/30)
[3121/6590] GradDet(th=10.0,vf=0.06)+GradSplit(th=12.0,vf=0.03)                    | ✓ OK (30/30)
[3122/6590] GradDet(th=10.0,vf=0.06)+GradSplit(th=12.0,vf=0.04)                    | ✓ OK (30/30)
[3123/6590] GradDet(th=10.0,vf=0.06)+GradSplit(th=12.0,vf=0.05)                    | ✓ OK (30/30)
[3124/6590] GradDet(th=10.0,vf=0.06)+GradSplit(th=12.0,vf=0.06)                    | ✓ OK (30/30)
[3125/6590] GradDet(th=10.0,vf=0.06)+GradSplit(th=12.0,vf=0.07)                    | ✓ OK (30/30)
[3126/6590] GradDet(th=10.0,vf=0.06)+GradSplit(th=12.0,vf=0.08)                    | ✓ OK (30/30)
[3127/6590] GradDet(th=10.0,vf=0.06)+GradSplit(th=13.0,vf=0.03)                    | ✓ OK (30/30)
[3128/6590] GradDet(th=10.0,vf=0.06)+GradSplit(th=13.0,vf=0.04)                    | ✓ OK (30/30)
[3129/6590] GradDet(th=10.0,vf=0.06)+GradSplit(th=13.0,vf=0.05)                    | ✓ OK (30/30)
[3130/6590] GradDet(th=10.0,vf=0.06)+GradSplit(th=13.0,vf=0.06)                    | ✓ OK (30/30)
[3131/6590] GradDet(th=10.0,vf=0.06)+GradSplit(th=13.0,vf=0.07)                    | ✓ OK (30/30)
[3132/6590] GradDet(th=10.0,vf=0.06)+GradSplit(th=13.0,vf=0.08)                    | ✓ OK (30/30)
[3133/6590] GradDet(th=10.0,vf=0.07)+GradSplit(th=6.0,vf=0.03)                     | ✓ OK (30/30)
[3134/6590] GradDet(th=10.0,vf=0.07)+GradSplit(th=6.0,vf=0.04)                     | ✓ OK (30/30)
[3135/6590] GradDet(th=10.0,vf=0.07)+GradSplit(th=6.0,vf=0.05)                     | ✓ OK (30/30)
[3136/6590] GradDet(th=10.0,vf=0.07)+GradSplit(th=6.0,vf=0.06)                     | ✓ OK (30/30)
[3137/6590] GradDet(th=10.0,vf=0.07)+GradSplit(th=6.0,vf=0.07)                     | ✓ OK (30/30)
[3138/6590] GradDet(th=10.0,vf=0.07)+GradSplit(th=6.0,vf=0.08)                     | ✓ OK (30/30)
[3139/6590] GradDet(th=10.0,vf=0.07)+GradSplit(th=7.0,vf=0.03)                     | ✓ OK (30/30)
[3140/6590] GradDet(th=10.0,vf=0.07)+GradSplit(th=7.0,vf=0.04)                     | ✓ OK (30/30)
[3141/6590] GradDet(th=10.0,vf=0.07)+GradSplit(th=7.0,vf=0.05)                     | ✓ OK (30/30)
[3142/6590] GradDet(th=10.0,vf=0.07)+GradSplit(th=7.0,vf=0.06)                     | ✓ OK (30/30)
[3143/6590] GradDet(th=10.0,vf=0.07)+GradSplit(th=7.0,vf=0.07)                     | ✓ OK (30/30)
[3144/6590] GradDet(th=10.0,vf=0.07)+GradSplit(th=7.0,vf=0.08)                     | ✓ OK (30/30)
[3145/6590] GradDet(th=10.0,vf=0.07)+GradSplit(th=8.0,vf=0.03)                     | ✓ OK (30/30)
[3146/6590] GradDet(th=10.0,vf=0.07)+GradSplit(th=8.0,vf=0.04)                     | ✓ OK (30/30)
[3147/6590] GradDet(th=10.0,vf=0.07)+GradSplit(th=8.0,vf=0.05)                     | ✓ OK (30/30)
[3148/6590] GradDet(th=10.0,vf=0.07)+GradSplit(th=8.0,vf=0.06)                     | ✓ OK (30/30)
[3149/6590] GradDet(th=10.0,vf=0.07)+GradSplit(th=8.0,vf=0.07)                     | ✓ OK (30/30)
[3150/6590] GradDet(th=10.0,vf=0.07)+GradSplit(th=8.0,vf=0.08)                     | ✓ OK (30/30)
[3151/6590] GradDet(th=10.0,vf=0.07)+GradSplit(th=8.5,vf=0.03)                     | ✓ OK (30/30)
[3152/6590] GradDet(th=10.0,vf=0.07)+GradSplit(th=8.5,vf=0.04)                     | ✓ OK (30/30)
[3153/6590] GradDet(th=10.0,vf=0.07)+GradSplit(th=8.5,vf=0.05)                     | ✓ OK (30/30)
[3154/6590] GradDet(th=10.0,vf=0.07)+GradSplit(th=8.5,vf=0.06)                     | ✓ OK (30/30)
[3155/6590] GradDet(th=10.0,vf=0.07)+GradSplit(th=8.5,vf=0.07)                     | ✓ OK (30/30)
[3156/6590] GradDet(th=10.0,vf=0.07)+GradSplit(th=8.5,vf=0.08)                     | ✓ OK (30/30)
[3157/6590] GradDet(th=10.0,vf=0.07)+GradSplit(th=9.0,vf=0.03)                     | ✓ OK (30/30)
[3158/6590] GradDet(th=10.0,vf=0.07)+GradSplit(th=9.0,vf=0.04)                     | ✓ OK (30/30)
[3159/6590] GradDet(th=10.0,vf=0.07)+GradSplit(th=9.0,vf=0.05)                     | ✓ OK (30/30)
[3160/6590] GradDet(th=10.0,vf=0.07)+GradSplit(th=9.0,vf=0.06)                     | ✓ OK (30/30)
[3161/6590] GradDet(th=10.0,vf=0.07)+GradSplit(th=9.0,vf=0.07)                     | ✓ OK (30/30)
[3162/6590] GradDet(th=10.0,vf=0.07)+GradSplit(th=9.0,vf=0.08)                     | ✓ OK (30/30)
[3163/6590] GradDet(th=10.0,vf=0.07)+GradSplit(th=10.0,vf=0.03)                    | ✓ OK (30/30)
[3164/6590] GradDet(th=10.0,vf=0.07)+GradSplit(th=10.0,vf=0.04)                    | ✓ OK (30/30)
[3165/6590] GradDet(th=10.0,vf=0.07)+GradSplit(th=10.0,vf=0.05)                    | ✓ OK (30/30)
[3166/6590] GradDet(th=10.0,vf=0.07)+GradSplit(th=10.0,vf=0.06)                    | ✓ OK (30/30)
[3167/6590] GradDet(th=10.0,vf=0.07)+GradSplit(th=10.0,vf=0.07)                    | ✓ OK (30/30)
[3168/6590] GradDet(th=10.0,vf=0.07)+GradSplit(th=10.0,vf=0.08)                    | ✓ OK (30/30)
[3169/6590] GradDet(th=10.0,vf=0.07)+GradSplit(th=11.0,vf=0.03)                    | ✓ OK (30/30)
[3170/6590] GradDet(th=10.0,vf=0.07)+GradSplit(th=11.0,vf=0.04)                    | ✓ OK (30/30)
[3171/6590] GradDet(th=10.0,vf=0.07)+GradSplit(th=11.0,vf=0.05)                    | ✓ OK (30/30)
[3172/6590] GradDet(th=10.0,vf=0.07)+GradSplit(th=11.0,vf=0.06)                    | ✓ OK (30/30)
[3173/6590] GradDet(th=10.0,vf=0.07)+GradSplit(th=11.0,vf=0.07)                    | ✓ OK (30/30)
[3174/6590] GradDet(th=10.0,vf=0.07)+GradSplit(th=11.0,vf=0.08)                    | ✓ OK (30/30)
[3175/6590] GradDet(th=10.0,vf=0.07)+GradSplit(th=12.0,vf=0.03)                    | ✓ OK (30/30)
[3176/6590] GradDet(th=10.0,vf=0.07)+GradSplit(th=12.0,vf=0.04)                    | ✓ OK (30/30)
[3177/6590] GradDet(th=10.0,vf=0.07)+GradSplit(th=12.0,vf=0.05)                    | ✓ OK (30/30)
[3178/6590] GradDet(th=10.0,vf=0.07)+GradSplit(th=12.0,vf=0.06)                    | ✓ OK (30/30)
[3179/6590] GradDet(th=10.0,vf=0.07)+GradSplit(th=12.0,vf=0.07)                    | ✓ OK (30/30)
[3180/6590] GradDet(th=10.0,vf=0.07)+GradSplit(th=12.0,vf=0.08)                    | ✓ OK (30/30)
[3181/6590] GradDet(th=10.0,vf=0.07)+GradSplit(th=13.0,vf=0.03)                    | ✓ OK (30/30)
[3182/6590] GradDet(th=10.0,vf=0.07)+GradSplit(th=13.0,vf=0.04)                    | ✓ OK (30/30)
[3183/6590] GradDet(th=10.0,vf=0.07)+GradSplit(th=13.0,vf=0.05)                    | ✓ OK (30/30)
[3184/6590] GradDet(th=10.0,vf=0.07)+GradSplit(th=13.0,vf=0.06)                    | ✓ OK (30/30)
[3185/6590] GradDet(th=10.0,vf=0.07)+GradSplit(th=13.0,vf=0.07)                    | ✓ OK (30/30)
[3186/6590] GradDet(th=10.0,vf=0.07)+GradSplit(th=13.0,vf=0.08)                    | ✓ OK (30/30)
[3187/6590] GradDet(th=10.0,vf=0.08)+GradSplit(th=6.0,vf=0.03)                     | ✓ OK (30/30)
[3188/6590] GradDet(th=10.0,vf=0.08)+GradSplit(th=6.0,vf=0.04)                     | ✓ OK (30/30)
[3189/6590] GradDet(th=10.0,vf=0.08)+GradSplit(th=6.0,vf=0.05)                     | ✓ OK (30/30)
[3190/6590] GradDet(th=10.0,vf=0.08)+GradSplit(th=6.0,vf=0.06)                     | ✓ OK (30/30)
[3191/6590] GradDet(th=10.0,vf=0.08)+GradSplit(th=6.0,vf=0.07)                     | ✓ OK (30/30)
[3192/6590] GradDet(th=10.0,vf=0.08)+GradSplit(th=6.0,vf=0.08)                     | ✓ OK (30/30)
[3193/6590] GradDet(th=10.0,vf=0.08)+GradSplit(th=7.0,vf=0.03)                     | ✓ OK (30/30)
[3194/6590] GradDet(th=10.0,vf=0.08)+GradSplit(th=7.0,vf=0.04)                     | ✓ OK (30/30)
[3195/6590] GradDet(th=10.0,vf=0.08)+GradSplit(th=7.0,vf=0.05)                     | ✓ OK (30/30)
[3196/6590] GradDet(th=10.0,vf=0.08)+GradSplit(th=7.0,vf=0.06)                     | ✓ OK (30/30)
[3197/6590] GradDet(th=10.0,vf=0.08)+GradSplit(th=7.0,vf=0.07)                     | ✓ OK (30/30)
[3198/6590] GradDet(th=10.0,vf=0.08)+GradSplit(th=7.0,vf=0.08)                     | ✓ OK (30/30)
[3199/6590] GradDet(th=10.0,vf=0.08)+GradSplit(th=8.0,vf=0.03)                     | ✓ OK (30/30)
[3200/6590] GradDet(th=10.0,vf=0.08)+GradSplit(th=8.0,vf=0.04)                     | ✓ OK (30/30)
[3201/6590] GradDet(th=10.0,vf=0.08)+GradSplit(th=8.0,vf=0.05)                     | ✓ OK (30/30)
[3202/6590] GradDet(th=10.0,vf=0.08)+GradSplit(th=8.0,vf=0.06)                     | ✓ OK (30/30)
[3203/6590] GradDet(th=10.0,vf=0.08)+GradSplit(th=8.0,vf=0.07)                     | ✓ OK (30/30)
[3204/6590] GradDet(th=10.0,vf=0.08)+GradSplit(th=8.0,vf=0.08)                     | ✓ OK (30/30)
[3205/6590] GradDet(th=10.0,vf=0.08)+GradSplit(th=8.5,vf=0.03)                     | ✓ OK (30/30)
[3206/6590] GradDet(th=10.0,vf=0.08)+GradSplit(th=8.5,vf=0.04)                     | ✓ OK (30/30)
[3207/6590] GradDet(th=10.0,vf=0.08)+GradSplit(th=8.5,vf=0.05)                     | ✓ OK (30/30)
[3208/6590] GradDet(th=10.0,vf=0.08)+GradSplit(th=8.5,vf=0.06)                     | ✓ OK (30/30)
[3209/6590] GradDet(th=10.0,vf=0.08)+GradSplit(th=8.5,vf=0.07)                     | ✓ OK (30/30)
[3210/6590] GradDet(th=10.0,vf=0.08)+GradSplit(th=8.5,vf=0.08)                     | ✓ OK (30/30)
[3211/6590] GradDet(th=10.0,vf=0.08)+GradSplit(th=9.0,vf=0.03)                     | ✓ OK (30/30)
[3212/6590] GradDet(th=10.0,vf=0.08)+GradSplit(th=9.0,vf=0.04)                     | ✓ OK (30/30)
[3213/6590] GradDet(th=10.0,vf=0.08)+GradSplit(th=9.0,vf=0.05)                     | ✓ OK (30/30)
[3214/6590] GradDet(th=10.0,vf=0.08)+GradSplit(th=9.0,vf=0.06)                     | ✓ OK (30/30)
[3215/6590] GradDet(th=10.0,vf=0.08)+GradSplit(th=9.0,vf=0.07)                     | ✓ OK (30/30)
[3216/6590] GradDet(th=10.0,vf=0.08)+GradSplit(th=9.0,vf=0.08)                     | ✓ OK (30/30)
[3217/6590] GradDet(th=10.0,vf=0.08)+GradSplit(th=10.0,vf=0.03)                    | ✓ OK (30/30)
[3218/6590] GradDet(th=10.0,vf=0.08)+GradSplit(th=10.0,vf=0.04)                    | ✓ OK (30/30)
[3219/6590] GradDet(th=10.0,vf=0.08)+GradSplit(th=10.0,vf=0.05)                    | ✓ OK (30/30)
[3220/6590] GradDet(th=10.0,vf=0.08)+GradSplit(th=10.0,vf=0.06)                    | ✓ OK (30/30)
[3221/6590] GradDet(th=10.0,vf=0.08)+GradSplit(th=10.0,vf=0.07)                    | ✓ OK (30/30)
[3222/6590] GradDet(th=10.0,vf=0.08)+GradSplit(th=10.0,vf=0.08)                    | ✓ OK (30/30)
[3223/6590] GradDet(th=10.0,vf=0.08)+GradSplit(th=11.0,vf=0.03)                    | ✓ OK (30/30)
[3224/6590] GradDet(th=10.0,vf=0.08)+GradSplit(th=11.0,vf=0.04)                    | ✓ OK (30/30)
[3225/6590] GradDet(th=10.0,vf=0.08)+GradSplit(th=11.0,vf=0.05)                    | ✓ OK (30/30)
[3226/6590] GradDet(th=10.0,vf=0.08)+GradSplit(th=11.0,vf=0.06)                    | ✓ OK (30/30)
[3227/6590] GradDet(th=10.0,vf=0.08)+GradSplit(th=11.0,vf=0.07)                    | ✓ OK (30/30)
[3228/6590] GradDet(th=10.0,vf=0.08)+GradSplit(th=11.0,vf=0.08)                    | ✓ OK (30/30)
[3229/6590] GradDet(th=10.0,vf=0.08)+GradSplit(th=12.0,vf=0.03)                    | ✓ OK (30/30)
[3230/6590] GradDet(th=10.0,vf=0.08)+GradSplit(th=12.0,vf=0.04)                    | ✓ OK (30/30)
[3231/6590] GradDet(th=10.0,vf=0.08)+GradSplit(th=12.0,vf=0.05)                    | ✓ OK (30/30)
[3232/6590] GradDet(th=10.0,vf=0.08)+GradSplit(th=12.0,vf=0.06)                    | ✓ OK (30/30)
[3233/6590] GradDet(th=10.0,vf=0.08)+GradSplit(th=12.0,vf=0.07)                    | ✓ OK (30/30)
[3234/6590] GradDet(th=10.0,vf=0.08)+GradSplit(th=12.0,vf=0.08)                    | ✓ OK (30/30)
[3235/6590] GradDet(th=10.0,vf=0.08)+GradSplit(th=13.0,vf=0.03)                    | ✓ OK (30/30)
[3236/6590] GradDet(th=10.0,vf=0.08)+GradSplit(th=13.0,vf=0.04)                    | ✓ OK (30/30)
[3237/6590] GradDet(th=10.0,vf=0.08)+GradSplit(th=13.0,vf=0.05)                    | ✓ OK (30/30)
[3238/6590] GradDet(th=10.0,vf=0.08)+GradSplit(th=13.0,vf=0.06)                    | ✓ OK (30/30)
[3239/6590] GradDet(th=10.0,vf=0.08)+GradSplit(th=13.0,vf=0.07)                    | ✓ OK (30/30)
[3240/6590] GradDet(th=10.0,vf=0.08)+GradSplit(th=13.0,vf=0.08)                    | ✓ OK (30/30)
[3241/6590] GradDet(th=11.0,vf=0.03)+GradSplit(th=6.0,vf=0.03)                     | ✓ OK (30/30)
[3242/6590] GradDet(th=11.0,vf=0.03)+GradSplit(th=6.0,vf=0.04)                     | ✓ OK (30/30)
[3243/6590] GradDet(th=11.0,vf=0.03)+GradSplit(th=6.0,vf=0.05)                     | ✓ OK (30/30)
[3244/6590] GradDet(th=11.0,vf=0.03)+GradSplit(th=6.0,vf=0.06)                     | ✓ OK (30/30)
[3245/6590] GradDet(th=11.0,vf=0.03)+GradSplit(th=6.0,vf=0.07)                     | ✓ OK (30/30)
[3246/6590] GradDet(th=11.0,vf=0.03)+GradSplit(th=6.0,vf=0.08)                     | ✓ OK (30/30)
[3247/6590] GradDet(th=11.0,vf=0.03)+GradSplit(th=7.0,vf=0.03)                     | ✓ OK (30/30)
[3248/6590] GradDet(th=11.0,vf=0.03)+GradSplit(th=7.0,vf=0.04)                     | ✓ OK (30/30)
[3249/6590] GradDet(th=11.0,vf=0.03)+GradSplit(th=7.0,vf=0.05)                     | ✓ OK (30/30)
[3250/6590] GradDet(th=11.0,vf=0.03)+GradSplit(th=7.0,vf=0.06)                     | ✓ OK (30/30)
[3251/6590] GradDet(th=11.0,vf=0.03)+GradSplit(th=7.0,vf=0.07)                     | ✓ OK (30/30)
[3252/6590] GradDet(th=11.0,vf=0.03)+GradSplit(th=7.0,vf=0.08)                     | ✓ OK (30/30)
[3253/6590] GradDet(th=11.0,vf=0.03)+GradSplit(th=8.0,vf=0.03)                     | ✓ OK (30/30)
[3254/6590] GradDet(th=11.0,vf=0.03)+GradSplit(th=8.0,vf=0.04)                     | ✓ OK (30/30)
[3255/6590] GradDet(th=11.0,vf=0.03)+GradSplit(th=8.0,vf=0.05)                     | ✓ OK (30/30)
[3256/6590] GradDet(th=11.0,vf=0.03)+GradSplit(th=8.0,vf=0.06)                     | ✓ OK (30/30)
[3257/6590] GradDet(th=11.0,vf=0.03)+GradSplit(th=8.0,vf=0.07)                     | ✓ OK (30/30)
[3258/6590] GradDet(th=11.0,vf=0.03)+GradSplit(th=8.0,vf=0.08)                     | ✓ OK (30/30)
[3259/6590] GradDet(th=11.0,vf=0.03)+GradSplit(th=8.5,vf=0.03)                     | ✓ OK (30/30)
[3260/6590] GradDet(th=11.0,vf=0.03)+GradSplit(th=8.5,vf=0.04)                     | ✓ OK (30/30)
[3261/6590] GradDet(th=11.0,vf=0.03)+GradSplit(th=8.5,vf=0.05)                     | ✓ OK (30/30)
[3262/6590] GradDet(th=11.0,vf=0.03)+GradSplit(th=8.5,vf=0.06)                     | ✓ OK (30/30)
[3263/6590] GradDet(th=11.0,vf=0.03)+GradSplit(th=8.5,vf=0.07)                     | ✓ OK (30/30)
[3264/6590] GradDet(th=11.0,vf=0.03)+GradSplit(th=8.5,vf=0.08)                     | ✓ OK (30/30)
[3265/6590] GradDet(th=11.0,vf=0.03)+GradSplit(th=9.0,vf=0.03)                     | ✓ OK (30/30)
[3266/6590] GradDet(th=11.0,vf=0.03)+GradSplit(th=9.0,vf=0.04)                     | ✓ OK (30/30)
[3267/6590] GradDet(th=11.0,vf=0.03)+GradSplit(th=9.0,vf=0.05)                     | ✓ OK (30/30)
[3268/6590] GradDet(th=11.0,vf=0.03)+GradSplit(th=9.0,vf=0.06)                     | ✓ OK (30/30)
[3269/6590] GradDet(th=11.0,vf=0.03)+GradSplit(th=9.0,vf=0.07)                     | ✓ OK (30/30)
[3270/6590] GradDet(th=11.0,vf=0.03)+GradSplit(th=9.0,vf=0.08)                     | ✓ OK (30/30)
[3271/6590] GradDet(th=11.0,vf=0.03)+GradSplit(th=10.0,vf=0.03)                    | ✓ OK (30/30)
[3272/6590] GradDet(th=11.0,vf=0.03)+GradSplit(th=10.0,vf=0.04)                    | ✓ OK (30/30)
[3273/6590] GradDet(th=11.0,vf=0.03)+GradSplit(th=10.0,vf=0.05)                    | ✓ OK (30/30)
[3274/6590] GradDet(th=11.0,vf=0.03)+GradSplit(th=10.0,vf=0.06)                    | ✓ OK (30/30)
[3275/6590] GradDet(th=11.0,vf=0.03)+GradSplit(th=10.0,vf=0.07)                    | ✓ OK (30/30)
[3276/6590] GradDet(th=11.0,vf=0.03)+GradSplit(th=10.0,vf=0.08)                    | ✓ OK (30/30)
[3277/6590] GradDet(th=11.0,vf=0.03)+GradSplit(th=11.0,vf=0.03)                    | ✓ OK (30/30)
[3278/6590] GradDet(th=11.0,vf=0.03)+GradSplit(th=11.0,vf=0.04)                    | ✓ OK (30/30)
[3279/6590] GradDet(th=11.0,vf=0.03)+GradSplit(th=11.0,vf=0.05)                    | ✓ OK (30/30)
[3280/6590] GradDet(th=11.0,vf=0.03)+GradSplit(th=11.0,vf=0.06)                    | ✓ OK (30/30)
[3281/6590] GradDet(th=11.0,vf=0.03)+GradSplit(th=11.0,vf=0.07)                    | ✓ OK (30/30)
[3282/6590] GradDet(th=11.0,vf=0.03)+GradSplit(th=11.0,vf=0.08)                    | ✓ OK (30/30)
[3283/6590] GradDet(th=11.0,vf=0.03)+GradSplit(th=12.0,vf=0.03)                    | ✓ OK (30/30)
[3284/6590] GradDet(th=11.0,vf=0.03)+GradSplit(th=12.0,vf=0.04)                    | ✓ OK (30/30)
[3285/6590] GradDet(th=11.0,vf=0.03)+GradSplit(th=12.0,vf=0.05)                    | ✓ OK (30/30)
[3286/6590] GradDet(th=11.0,vf=0.03)+GradSplit(th=12.0,vf=0.06)                    | ✓ OK (30/30)
[3287/6590] GradDet(th=11.0,vf=0.03)+GradSplit(th=12.0,vf=0.07)                    | ✓ OK (30/30)
[3288/6590] GradDet(th=11.0,vf=0.03)+GradSplit(th=12.0,vf=0.08)                    | ✓ OK (30/30)
[3289/6590] GradDet(th=11.0,vf=0.03)+GradSplit(th=13.0,vf=0.03)                    | ✓ OK (30/30)
[3290/6590] GradDet(th=11.0,vf=0.03)+GradSplit(th=13.0,vf=0.04)                    | ✓ OK (30/30)
[3291/6590] GradDet(th=11.0,vf=0.03)+GradSplit(th=13.0,vf=0.05)                    | ✓ OK (30/30)
[3292/6590] GradDet(th=11.0,vf=0.03)+GradSplit(th=13.0,vf=0.06)                    | ✓ OK (30/30)
[3293/6590] GradDet(th=11.0,vf=0.03)+GradSplit(th=13.0,vf=0.07)                    | ✓ OK (30/30)
[3294/6590] GradDet(th=11.0,vf=0.03)+GradSplit(th=13.0,vf=0.08)                    | ✓ OK (30/30)
[3295/6590] GradDet(th=11.0,vf=0.04)+GradSplit(th=6.0,vf=0.03)                     | ✓ OK (30/30)
[3296/6590] GradDet(th=11.0,vf=0.04)+GradSplit(th=6.0,vf=0.04)                     | ✓ OK (30/30)
[3297/6590] GradDet(th=11.0,vf=0.04)+GradSplit(th=6.0,vf=0.05)                     | ✓ OK (30/30)
[3298/6590] GradDet(th=11.0,vf=0.04)+GradSplit(th=6.0,vf=0.06)                     | ✓ OK (30/30)
[3299/6590] GradDet(th=11.0,vf=0.04)+GradSplit(th=6.0,vf=0.07)                     | ✓ OK (30/30)
[3300/6590] GradDet(th=11.0,vf=0.04)+GradSplit(th=6.0,vf=0.08)                     | ✓ OK (30/30)
[3301/6590] GradDet(th=11.0,vf=0.04)+GradSplit(th=7.0,vf=0.03)                     | ✓ OK (30/30)
[3302/6590] GradDet(th=11.0,vf=0.04)+GradSplit(th=7.0,vf=0.04)                     | ✓ OK (30/30)
[3303/6590] GradDet(th=11.0,vf=0.04)+GradSplit(th=7.0,vf=0.05)                     | ✓ OK (30/30)
[3304/6590] GradDet(th=11.0,vf=0.04)+GradSplit(th=7.0,vf=0.06)                     | ✓ OK (30/30)
[3305/6590] GradDet(th=11.0,vf=0.04)+GradSplit(th=7.0,vf=0.07)                     | ✓ OK (30/30)
[3306/6590] GradDet(th=11.0,vf=0.04)+GradSplit(th=7.0,vf=0.08)                     | ✓ OK (30/30)
[3307/6590] GradDet(th=11.0,vf=0.04)+GradSplit(th=8.0,vf=0.03)                     | ✓ OK (30/30)
[3308/6590] GradDet(th=11.0,vf=0.04)+GradSplit(th=8.0,vf=0.04)                     | ✓ OK (30/30)
[3309/6590] GradDet(th=11.0,vf=0.04)+GradSplit(th=8.0,vf=0.05)                     | ✓ OK (30/30)
[3310/6590] GradDet(th=11.0,vf=0.04)+GradSplit(th=8.0,vf=0.06)                     | ✓ OK (30/30)
[3311/6590] GradDet(th=11.0,vf=0.04)+GradSplit(th=8.0,vf=0.07)                     | ✓ OK (30/30)
[3312/6590] GradDet(th=11.0,vf=0.04)+GradSplit(th=8.0,vf=0.08)                     | ✓ OK (30/30)
[3313/6590] GradDet(th=11.0,vf=0.04)+GradSplit(th=8.5,vf=0.03)                     | ✓ OK (30/30)
[3314/6590] GradDet(th=11.0,vf=0.04)+GradSplit(th=8.5,vf=0.04)                     | ✓ OK (30/30)
[3315/6590] GradDet(th=11.0,vf=0.04)+GradSplit(th=8.5,vf=0.05)                     | ✓ OK (30/30)
[3316/6590] GradDet(th=11.0,vf=0.04)+GradSplit(th=8.5,vf=0.06)                     | ✓ OK (30/30)
[3317/6590] GradDet(th=11.0,vf=0.04)+GradSplit(th=8.5,vf=0.07)                     | ✓ OK (30/30)
[3318/6590] GradDet(th=11.0,vf=0.04)+GradSplit(th=8.5,vf=0.08)                     | ✓ OK (30/30)
[3319/6590] GradDet(th=11.0,vf=0.04)+GradSplit(th=9.0,vf=0.03)                     | ✓ OK (30/30)
[3320/6590] GradDet(th=11.0,vf=0.04)+GradSplit(th=9.0,vf=0.04)                     | ✓ OK (30/30)
[3321/6590] GradDet(th=11.0,vf=0.04)+GradSplit(th=9.0,vf=0.05)                     | ✓ OK (30/30)
[3322/6590] GradDet(th=11.0,vf=0.04)+GradSplit(th=9.0,vf=0.06)                     | ✓ OK (30/30)
[3323/6590] GradDet(th=11.0,vf=0.04)+GradSplit(th=9.0,vf=0.07)                     | ✓ OK (30/30)
[3324/6590] GradDet(th=11.0,vf=0.04)+GradSplit(th=9.0,vf=0.08)                     | ✓ OK (30/30)
[3325/6590] GradDet(th=11.0,vf=0.04)+GradSplit(th=10.0,vf=0.03)                    | ✓ OK (30/30)
[3326/6590] GradDet(th=11.0,vf=0.04)+GradSplit(th=10.0,vf=0.04)                    | ✓ OK (30/30)
[3327/6590] GradDet(th=11.0,vf=0.04)+GradSplit(th=10.0,vf=0.05)                    | ✓ OK (30/30)
[3328/6590] GradDet(th=11.0,vf=0.04)+GradSplit(th=10.0,vf=0.06)                    | ✓ OK (30/30)
[3329/6590] GradDet(th=11.0,vf=0.04)+GradSplit(th=10.0,vf=0.07)                    | ✓ OK (30/30)
[3330/6590] GradDet(th=11.0,vf=0.04)+GradSplit(th=10.0,vf=0.08)                    | ✓ OK (30/30)
[3331/6590] GradDet(th=11.0,vf=0.04)+GradSplit(th=11.0,vf=0.03)                    | ✓ OK (30/30)
[3332/6590] GradDet(th=11.0,vf=0.04)+GradSplit(th=11.0,vf=0.04)                    | ✓ OK (30/30)
[3333/6590] GradDet(th=11.0,vf=0.04)+GradSplit(th=11.0,vf=0.05)                    | ✓ OK (30/30)
[3334/6590] GradDet(th=11.0,vf=0.04)+GradSplit(th=11.0,vf=0.06)                    | ✓ OK (30/30)
[3335/6590] GradDet(th=11.0,vf=0.04)+GradSplit(th=11.0,vf=0.07)                    | ✓ OK (30/30)
[3336/6590] GradDet(th=11.0,vf=0.04)+GradSplit(th=11.0,vf=0.08)                    | ✓ OK (30/30)
[3337/6590] GradDet(th=11.0,vf=0.04)+GradSplit(th=12.0,vf=0.03)                    | ✓ OK (30/30)
[3338/6590] GradDet(th=11.0,vf=0.04)+GradSplit(th=12.0,vf=0.04)                    | ✓ OK (30/30)
[3339/6590] GradDet(th=11.0,vf=0.04)+GradSplit(th=12.0,vf=0.05)                    | ✓ OK (30/30)
[3340/6590] GradDet(th=11.0,vf=0.04)+GradSplit(th=12.0,vf=0.06)                    | ✓ OK (30/30)
[3341/6590] GradDet(th=11.0,vf=0.04)+GradSplit(th=12.0,vf=0.07)                    | ✓ OK (30/30)
[3342/6590] GradDet(th=11.0,vf=0.04)+GradSplit(th=12.0,vf=0.08)                    | ✓ OK (30/30)
[3343/6590] GradDet(th=11.0,vf=0.04)+GradSplit(th=13.0,vf=0.03)                    | ✓ OK (30/30)
[3344/6590] GradDet(th=11.0,vf=0.04)+GradSplit(th=13.0,vf=0.04)                    | ✓ OK (30/30)
[3345/6590] GradDet(th=11.0,vf=0.04)+GradSplit(th=13.0,vf=0.05)                    | ✓ OK (30/30)
[3346/6590] GradDet(th=11.0,vf=0.04)+GradSplit(th=13.0,vf=0.06)                    | ✓ OK (30/30)
[3347/6590] GradDet(th=11.0,vf=0.04)+GradSplit(th=13.0,vf=0.07)                    | ✓ OK (30/30)
[3348/6590] GradDet(th=11.0,vf=0.04)+GradSplit(th=13.0,vf=0.08)                    | ✓ OK (30/30)
[3349/6590] GradDet(th=11.0,vf=0.05)+GradSplit(th=6.0,vf=0.03)                     | ✗ 1 fail
           └─ Failures: 00017(pred:horizontal,gt:single)
[3350/6590] GradDet(th=11.0,vf=0.05)+GradSplit(th=6.0,vf=0.04)                     | ✗ 1 fail
           └─ Failures: 00017(pred:horizontal,gt:single)
[3351/6590] GradDet(th=11.0,vf=0.05)+GradSplit(th=6.0,vf=0.05)                     | ✗ 1 fail
           └─ Failures: 00017(pred:horizontal,gt:single)
[3352/6590] GradDet(th=11.0,vf=0.05)+GradSplit(th=6.0,vf=0.06)                     | ✗ 1 fail
           └─ Failures: 00017(pred:horizontal,gt:single)
[3353/6590] GradDet(th=11.0,vf=0.05)+GradSplit(th=6.0,vf=0.07)                     | ✗ 1 fail
           └─ Failures: 00017(pred:horizontal,gt:single)
[3354/6590] GradDet(th=11.0,vf=0.05)+GradSplit(th=6.0,vf=0.08)                     | ✗ 1 fail
           └─ Failures: 00017(pred:horizontal,gt:single)
[3355/6590] GradDet(th=11.0,vf=0.05)+GradSplit(th=7.0,vf=0.03)                     | ✗ 1 fail
           └─ Failures: 00017(pred:horizontal,gt:single)
[3356/6590] GradDet(th=11.0,vf=0.05)+GradSplit(th=7.0,vf=0.04)                     | ✗ 1 fail
           └─ Failures: 00017(pred:horizontal,gt:single)
[3357/6590] GradDet(th=11.0,vf=0.05)+GradSplit(th=7.0,vf=0.05)                     | ✗ 1 fail
           └─ Failures: 00017(pred:horizontal,gt:single)
[3358/6590] GradDet(th=11.0,vf=0.05)+GradSplit(th=7.0,vf=0.06)                     | ✗ 1 fail
           └─ Failures: 00017(pred:horizontal,gt:single)
[3359/6590] GradDet(th=11.0,vf=0.05)+GradSplit(th=7.0,vf=0.07)                     | ✗ 1 fail
           └─ Failures: 00017(pred:horizontal,gt:single)
[3360/6590] GradDet(th=11.0,vf=0.05)+GradSplit(th=7.0,vf=0.08)                     | ✗ 1 fail
           └─ Failures: 00017(pred:horizontal,gt:single)
[3361/6590] GradDet(th=11.0,vf=0.05)+GradSplit(th=8.0,vf=0.03)                     | ✗ 1 fail
           └─ Failures: 00017(pred:horizontal,gt:single)
[3362/6590] GradDet(th=11.0,vf=0.05)+GradSplit(th=8.0,vf=0.04)                     | ✗ 1 fail
           └─ Failures: 00017(pred:horizontal,gt:single)
[3363/6590] GradDet(th=11.0,vf=0.05)+GradSplit(th=8.0,vf=0.05)                     | ✗ 1 fail
           └─ Failures: 00017(pred:horizontal,gt:single)
[3364/6590] GradDet(th=11.0,vf=0.05)+GradSplit(th=8.0,vf=0.06)                     | ✗ 1 fail
           └─ Failures: 00017(pred:horizontal,gt:single)
[3365/6590] GradDet(th=11.0,vf=0.05)+GradSplit(th=8.0,vf=0.07)                     | ✗ 1 fail
           └─ Failures: 00017(pred:horizontal,gt:single)
[3366/6590] GradDet(th=11.0,vf=0.05)+GradSplit(th=8.0,vf=0.08)                     | ✗ 1 fail
           └─ Failures: 00017(pred:horizontal,gt:single)
[3367/6590] GradDet(th=11.0,vf=0.05)+GradSplit(th=8.5,vf=0.03)                     | ✗ 1 fail
           └─ Failures: 00017(pred:horizontal,gt:single)
[3368/6590] GradDet(th=11.0,vf=0.05)+GradSplit(th=8.5,vf=0.04)                     | ✗ 1 fail
           └─ Failures: 00017(pred:horizontal,gt:single)
[3369/6590] GradDet(th=11.0,vf=0.05)+GradSplit(th=8.5,vf=0.05)                     | ✗ 1 fail
           └─ Failures: 00017(pred:horizontal,gt:single)
[3370/6590] GradDet(th=11.0,vf=0.05)+GradSplit(th=8.5,vf=0.06)                     | ✗ 1 fail
           └─ Failures: 00017(pred:horizontal,gt:single)
[3371/6590] GradDet(th=11.0,vf=0.05)+GradSplit(th=8.5,vf=0.07)                     | ✗ 1 fail
           └─ Failures: 00017(pred:horizontal,gt:single)
[3372/6590] GradDet(th=11.0,vf=0.05)+GradSplit(th=8.5,vf=0.08)                     | ✗ 1 fail
           └─ Failures: 00017(pred:horizontal,gt:single)
[3373/6590] GradDet(th=11.0,vf=0.05)+GradSplit(th=9.0,vf=0.03)                     | ✗ 1 fail
           └─ Failures: 00017(pred:horizontal,gt:single)
[3374/6590] GradDet(th=11.0,vf=0.05)+GradSplit(th=9.0,vf=0.04)                     | ✗ 1 fail
           └─ Failures: 00017(pred:horizontal,gt:single)
[3375/6590] GradDet(th=11.0,vf=0.05)+GradSplit(th=9.0,vf=0.05)                     | ✗ 1 fail
           └─ Failures: 00017(pred:horizontal,gt:single)
[3376/6590] GradDet(th=11.0,vf=0.05)+GradSplit(th=9.0,vf=0.06)                     | ✗ 1 fail
           └─ Failures: 00017(pred:horizontal,gt:single)
[3377/6590] GradDet(th=11.0,vf=0.05)+GradSplit(th=9.0,vf=0.07)                     | ✗ 1 fail
           └─ Failures: 00017(pred:horizontal,gt:single)
[3378/6590] GradDet(th=11.0,vf=0.05)+GradSplit(th=9.0,vf=0.08)                     | ✗ 1 fail
           └─ Failures: 00017(pred:horizontal,gt:single)
[3379/6590] GradDet(th=11.0,vf=0.05)+GradSplit(th=10.0,vf=0.03)                    | ✗ 1 fail
           └─ Failures: 00017(pred:horizontal,gt:single)
[3380/6590] GradDet(th=11.0,vf=0.05)+GradSplit(th=10.0,vf=0.04)                    | ✗ 1 fail
           └─ Failures: 00017(pred:horizontal,gt:single)
[3381/6590] GradDet(th=11.0,vf=0.05)+GradSplit(th=10.0,vf=0.05)                    | ✗ 1 fail
           └─ Failures: 00017(pred:horizontal,gt:single)
[3382/6590] GradDet(th=11.0,vf=0.05)+GradSplit(th=10.0,vf=0.06)                    | ✗ 1 fail
           └─ Failures: 00017(pred:horizontal,gt:single)
[3383/6590] GradDet(th=11.0,vf=0.05)+GradSplit(th=10.0,vf=0.07)                    | ✗ 1 fail
           └─ Failures: 00017(pred:horizontal,gt:single)
[3384/6590] GradDet(th=11.0,vf=0.05)+GradSplit(th=10.0,vf=0.08)                    | ✗ 1 fail
           └─ Failures: 00017(pred:horizontal,gt:single)
[3385/6590] GradDet(th=11.0,vf=0.05)+GradSplit(th=11.0,vf=0.03)                    | ✗ 1 fail
           └─ Failures: 00017(pred:horizontal,gt:single)
[3386/6590] GradDet(th=11.0,vf=0.05)+GradSplit(th=11.0,vf=0.04)                    | ✗ 1 fail
           └─ Failures: 00017(pred:horizontal,gt:single)
[3387/6590] GradDet(th=11.0,vf=0.05)+GradSplit(th=11.0,vf=0.05)                    | ✗ 1 fail
           └─ Failures: 00017(pred:horizontal,gt:single)
[3388/6590] GradDet(th=11.0,vf=0.05)+GradSplit(th=11.0,vf=0.06)                    | ✗ 1 fail
           └─ Failures: 00017(pred:horizontal,gt:single)
[3389/6590] GradDet(th=11.0,vf=0.05)+GradSplit(th=11.0,vf=0.07)                    | ✗ 1 fail
           └─ Failures: 00017(pred:horizontal,gt:single)
[3390/6590] GradDet(th=11.0,vf=0.05)+GradSplit(th=11.0,vf=0.08)                    | ✗ 1 fail
           └─ Failures: 00017(pred:horizontal,gt:single)
[3391/6590] GradDet(th=11.0,vf=0.05)+GradSplit(th=12.0,vf=0.03)                    | ✗ 1 fail
           └─ Failures: 00017(pred:horizontal,gt:single)
[3392/6590] GradDet(th=11.0,vf=0.05)+GradSplit(th=12.0,vf=0.04)                    | ✗ 1 fail
           └─ Failures: 00017(pred:horizontal,gt:single)
[3393/6590] GradDet(th=11.0,vf=0.05)+GradSplit(th=12.0,vf=0.05)                    | ✗ 1 fail
           └─ Failures: 00017(pred:horizontal,gt:single)
[3394/6590] GradDet(th=11.0,vf=0.05)+GradSplit(th=12.0,vf=0.06)                    | ✗ 1 fail
           └─ Failures: 00017(pred:horizontal,gt:single)
[3395/6590] GradDet(th=11.0,vf=0.05)+GradSplit(th=12.0,vf=0.07)                    | ✗ 1 fail
           └─ Failures: 00017(pred:horizontal,gt:single)
[3396/6590] GradDet(th=11.0,vf=0.05)+GradSplit(th=12.0,vf=0.08)                    | ✗ 1 fail
           └─ Failures: 00017(pred:horizontal,gt:single)
[3397/6590] GradDet(th=11.0,vf=0.05)+GradSplit(th=13.0,vf=0.03)                    | ✗ 1 fail
           └─ Failures: 00017(pred:horizontal,gt:single)
[3398/6590] GradDet(th=11.0,vf=0.05)+GradSplit(th=13.0,vf=0.04)                    | ✗ 1 fail
           └─ Failures: 00017(pred:horizontal,gt:single)
[3399/6590] GradDet(th=11.0,vf=0.05)+GradSplit(th=13.0,vf=0.05)                    | ✗ 1 fail
           └─ Failures: 00017(pred:horizontal,gt:single)
[3400/6590] GradDet(th=11.0,vf=0.05)+GradSplit(th=13.0,vf=0.06)                    | ✗ 1 fail
           └─ Failures: 00017(pred:horizontal,gt:single)
[3401/6590] GradDet(th=11.0,vf=0.05)+GradSplit(th=13.0,vf=0.07)                    | ✗ 1 fail
           └─ Failures: 00017(pred:horizontal,gt:single)
[3402/6590] GradDet(th=11.0,vf=0.05)+GradSplit(th=13.0,vf=0.08)                    | ✗ 1 fail
           └─ Failures: 00017(pred:horizontal,gt:single)
[3403/6590] GradDet(th=11.0,vf=0.06)+GradSplit(th=6.0,vf=0.03)                     | ✓ OK (30/30)
[3404/6590] GradDet(th=11.0,vf=0.06)+GradSplit(th=6.0,vf=0.04)                     | ✓ OK (30/30)
[3405/6590] GradDet(th=11.0,vf=0.06)+GradSplit(th=6.0,vf=0.05)                     | ✓ OK (30/30)
[3406/6590] GradDet(th=11.0,vf=0.06)+GradSplit(th=6.0,vf=0.06)                     | ✓ OK (30/30)
[3407/6590] GradDet(th=11.0,vf=0.06)+GradSplit(th=6.0,vf=0.07)                     | ✓ OK (30/30)
[3408/6590] GradDet(th=11.0,vf=0.06)+GradSplit(th=6.0,vf=0.08)                     | ✓ OK (30/30)
[3409/6590] GradDet(th=11.0,vf=0.06)+GradSplit(th=7.0,vf=0.03)                     | ✓ OK (30/30)
[3410/6590] GradDet(th=11.0,vf=0.06)+GradSplit(th=7.0,vf=0.04)                     | ✓ OK (30/30)
[3411/6590] GradDet(th=11.0,vf=0.06)+GradSplit(th=7.0,vf=0.05)                     | ✓ OK (30/30)
[3412/6590] GradDet(th=11.0,vf=0.06)+GradSplit(th=7.0,vf=0.06)                     | ✓ OK (30/30)
[3413/6590] GradDet(th=11.0,vf=0.06)+GradSplit(th=7.0,vf=0.07)                     | ✓ OK (30/30)
[3414/6590] GradDet(th=11.0,vf=0.06)+GradSplit(th=7.0,vf=0.08)                     | ✓ OK (30/30)
[3415/6590] GradDet(th=11.0,vf=0.06)+GradSplit(th=8.0,vf=0.03)                     | ✓ OK (30/30)
[3416/6590] GradDet(th=11.0,vf=0.06)+GradSplit(th=8.0,vf=0.04)                     | ✓ OK (30/30)
[3417/6590] GradDet(th=11.0,vf=0.06)+GradSplit(th=8.0,vf=0.05)                     | ✓ OK (30/30)
[3418/6590] GradDet(th=11.0,vf=0.06)+GradSplit(th=8.0,vf=0.06)                     | ✓ OK (30/30)
[3419/6590] GradDet(th=11.0,vf=0.06)+GradSplit(th=8.0,vf=0.07)                     | ✓ OK (30/30)
[3420/6590] GradDet(th=11.0,vf=0.06)+GradSplit(th=8.0,vf=0.08)                     | ✓ OK (30/30)
[3421/6590] GradDet(th=11.0,vf=0.06)+GradSplit(th=8.5,vf=0.03)                     | ✓ OK (30/30)
[3422/6590] GradDet(th=11.0,vf=0.06)+GradSplit(th=8.5,vf=0.04)                     | ✓ OK (30/30)
[3423/6590] GradDet(th=11.0,vf=0.06)+GradSplit(th=8.5,vf=0.05)                     | ✓ OK (30/30)
[3424/6590] GradDet(th=11.0,vf=0.06)+GradSplit(th=8.5,vf=0.06)                     | ✓ OK (30/30)
[3425/6590] GradDet(th=11.0,vf=0.06)+GradSplit(th=8.5,vf=0.07)                     | ✓ OK (30/30)
[3426/6590] GradDet(th=11.0,vf=0.06)+GradSplit(th=8.5,vf=0.08)                     | ✓ OK (30/30)
[3427/6590] GradDet(th=11.0,vf=0.06)+GradSplit(th=9.0,vf=0.03)                     | ✓ OK (30/30)
[3428/6590] GradDet(th=11.0,vf=0.06)+GradSplit(th=9.0,vf=0.04)                     | ✓ OK (30/30)
[3429/6590] GradDet(th=11.0,vf=0.06)+GradSplit(th=9.0,vf=0.05)                     | ✓ OK (30/30)
[3430/6590] GradDet(th=11.0,vf=0.06)+GradSplit(th=9.0,vf=0.06)                     | ✓ OK (30/30)
[3431/6590] GradDet(th=11.0,vf=0.06)+GradSplit(th=9.0,vf=0.07)                     | ✓ OK (30/30)
[3432/6590] GradDet(th=11.0,vf=0.06)+GradSplit(th=9.0,vf=0.08)                     | ✓ OK (30/30)
[3433/6590] GradDet(th=11.0,vf=0.06)+GradSplit(th=10.0,vf=0.03)                    | ✓ OK (30/30)
[3434/6590] GradDet(th=11.0,vf=0.06)+GradSplit(th=10.0,vf=0.04)                    | ✓ OK (30/30)
[3435/6590] GradDet(th=11.0,vf=0.06)+GradSplit(th=10.0,vf=0.05)                    | ✓ OK (30/30)
[3436/6590] GradDet(th=11.0,vf=0.06)+GradSplit(th=10.0,vf=0.06)                    | ✓ OK (30/30)
[3437/6590] GradDet(th=11.0,vf=0.06)+GradSplit(th=10.0,vf=0.07)                    | ✓ OK (30/30)
[3438/6590] GradDet(th=11.0,vf=0.06)+GradSplit(th=10.0,vf=0.08)                    | ✓ OK (30/30)
[3439/6590] GradDet(th=11.0,vf=0.06)+GradSplit(th=11.0,vf=0.03)                    | ✓ OK (30/30)
[3440/6590] GradDet(th=11.0,vf=0.06)+GradSplit(th=11.0,vf=0.04)                    | ✓ OK (30/30)
[3441/6590] GradDet(th=11.0,vf=0.06)+GradSplit(th=11.0,vf=0.05)                    | ✓ OK (30/30)
[3442/6590] GradDet(th=11.0,vf=0.06)+GradSplit(th=11.0,vf=0.06)                    | ✓ OK (30/30)
[3443/6590] GradDet(th=11.0,vf=0.06)+GradSplit(th=11.0,vf=0.07)                    | ✓ OK (30/30)
[3444/6590] GradDet(th=11.0,vf=0.06)+GradSplit(th=11.0,vf=0.08)                    | ✓ OK (30/30)
[3445/6590] GradDet(th=11.0,vf=0.06)+GradSplit(th=12.0,vf=0.03)                    | ✓ OK (30/30)
[3446/6590] GradDet(th=11.0,vf=0.06)+GradSplit(th=12.0,vf=0.04)                    | ✓ OK (30/30)
[3447/6590] GradDet(th=11.0,vf=0.06)+GradSplit(th=12.0,vf=0.05)                    | ✓ OK (30/30)
[3448/6590] GradDet(th=11.0,vf=0.06)+GradSplit(th=12.0,vf=0.06)                    | ✓ OK (30/30)
[3449/6590] GradDet(th=11.0,vf=0.06)+GradSplit(th=12.0,vf=0.07)                    | ✓ OK (30/30)
[3450/6590] GradDet(th=11.0,vf=0.06)+GradSplit(th=12.0,vf=0.08)                    | ✓ OK (30/30)
[3451/6590] GradDet(th=11.0,vf=0.06)+GradSplit(th=13.0,vf=0.03)                    | ✓ OK (30/30)
[3452/6590] GradDet(th=11.0,vf=0.06)+GradSplit(th=13.0,vf=0.04)                    | ✓ OK (30/30)
[3453/6590] GradDet(th=11.0,vf=0.06)+GradSplit(th=13.0,vf=0.05)                    | ✓ OK (30/30)
[3454/6590] GradDet(th=11.0,vf=0.06)+GradSplit(th=13.0,vf=0.06)                    | ✓ OK (30/30)
[3455/6590] GradDet(th=11.0,vf=0.06)+GradSplit(th=13.0,vf=0.07)                    | ✓ OK (30/30)
[3456/6590] GradDet(th=11.0,vf=0.06)+GradSplit(th=13.0,vf=0.08)                    | ✓ OK (30/30)
[3457/6590] GradDet(th=11.0,vf=0.07)+GradSplit(th=6.0,vf=0.03)                     | ✓ OK (30/30)
[3458/6590] GradDet(th=11.0,vf=0.07)+GradSplit(th=6.0,vf=0.04)                     | ✓ OK (30/30)
[3459/6590] GradDet(th=11.0,vf=0.07)+GradSplit(th=6.0,vf=0.05)                     | ✓ OK (30/30)
[3460/6590] GradDet(th=11.0,vf=0.07)+GradSplit(th=6.0,vf=0.06)                     | ✓ OK (30/30)
[3461/6590] GradDet(th=11.0,vf=0.07)+GradSplit(th=6.0,vf=0.07)                     | ✓ OK (30/30)
[3462/6590] GradDet(th=11.0,vf=0.07)+GradSplit(th=6.0,vf=0.08)                     | ✓ OK (30/30)
[3463/6590] GradDet(th=11.0,vf=0.07)+GradSplit(th=7.0,vf=0.03)                     | ✓ OK (30/30)
[3464/6590] GradDet(th=11.0,vf=0.07)+GradSplit(th=7.0,vf=0.04)                     | ✓ OK (30/30)
[3465/6590] GradDet(th=11.0,vf=0.07)+GradSplit(th=7.0,vf=0.05)                     | ✓ OK (30/30)
[3466/6590] GradDet(th=11.0,vf=0.07)+GradSplit(th=7.0,vf=0.06)                     | ✓ OK (30/30)
[3467/6590] GradDet(th=11.0,vf=0.07)+GradSplit(th=7.0,vf=0.07)                     | ✓ OK (30/30)
[3468/6590] GradDet(th=11.0,vf=0.07)+GradSplit(th=7.0,vf=0.08)                     | ✓ OK (30/30)
[3469/6590] GradDet(th=11.0,vf=0.07)+GradSplit(th=8.0,vf=0.03)                     | ✓ OK (30/30)
[3470/6590] GradDet(th=11.0,vf=0.07)+GradSplit(th=8.0,vf=0.04)                     | ✓ OK (30/30)
[3471/6590] GradDet(th=11.0,vf=0.07)+GradSplit(th=8.0,vf=0.05)                     | ✓ OK (30/30)
[3472/6590] GradDet(th=11.0,vf=0.07)+GradSplit(th=8.0,vf=0.06)                     | ✓ OK (30/30)
[3473/6590] GradDet(th=11.0,vf=0.07)+GradSplit(th=8.0,vf=0.07)                     | ✓ OK (30/30)
[3474/6590] GradDet(th=11.0,vf=0.07)+GradSplit(th=8.0,vf=0.08)                     | ✓ OK (30/30)
[3475/6590] GradDet(th=11.0,vf=0.07)+GradSplit(th=8.5,vf=0.03)                     | ✓ OK (30/30)
[3476/6590] GradDet(th=11.0,vf=0.07)+GradSplit(th=8.5,vf=0.04)                     | ✓ OK (30/30)
[3477/6590] GradDet(th=11.0,vf=0.07)+GradSplit(th=8.5,vf=0.05)                     | ✓ OK (30/30)
[3478/6590] GradDet(th=11.0,vf=0.07)+GradSplit(th=8.5,vf=0.06)                     | ✓ OK (30/30)
[3479/6590] GradDet(th=11.0,vf=0.07)+GradSplit(th=8.5,vf=0.07)                     | ✓ OK (30/30)
[3480/6590] GradDet(th=11.0,vf=0.07)+GradSplit(th=8.5,vf=0.08)                     | ✓ OK (30/30)
[3481/6590] GradDet(th=11.0,vf=0.07)+GradSplit(th=9.0,vf=0.03)                     | ✓ OK (30/30)
[3482/6590] GradDet(th=11.0,vf=0.07)+GradSplit(th=9.0,vf=0.04)                     | ✓ OK (30/30)
[3483/6590] GradDet(th=11.0,vf=0.07)+GradSplit(th=9.0,vf=0.05)                     | ✓ OK (30/30)
[3484/6590] GradDet(th=11.0,vf=0.07)+GradSplit(th=9.0,vf=0.06)                     | ✓ OK (30/30)
[3485/6590] GradDet(th=11.0,vf=0.07)+GradSplit(th=9.0,vf=0.07)                     | ✓ OK (30/30)
[3486/6590] GradDet(th=11.0,vf=0.07)+GradSplit(th=9.0,vf=0.08)                     | ✓ OK (30/30)
[3487/6590] GradDet(th=11.0,vf=0.07)+GradSplit(th=10.0,vf=0.03)                    | ✓ OK (30/30)
[3488/6590] GradDet(th=11.0,vf=0.07)+GradSplit(th=10.0,vf=0.04)                    | ✓ OK (30/30)
[3489/6590] GradDet(th=11.0,vf=0.07)+GradSplit(th=10.0,vf=0.05)                    | ✓ OK (30/30)
[3490/6590] GradDet(th=11.0,vf=0.07)+GradSplit(th=10.0,vf=0.06)                    | ✓ OK (30/30)
[3491/6590] GradDet(th=11.0,vf=0.07)+GradSplit(th=10.0,vf=0.07)                    | ✓ OK (30/30)
[3492/6590] GradDet(th=11.0,vf=0.07)+GradSplit(th=10.0,vf=0.08)                    | ✓ OK (30/30)
[3493/6590] GradDet(th=11.0,vf=0.07)+GradSplit(th=11.0,vf=0.03)                    | ✓ OK (30/30)
[3494/6590] GradDet(th=11.0,vf=0.07)+GradSplit(th=11.0,vf=0.04)                    | ✓ OK (30/30)
[3495/6590] GradDet(th=11.0,vf=0.07)+GradSplit(th=11.0,vf=0.05)                    | ✓ OK (30/30)
[3496/6590] GradDet(th=11.0,vf=0.07)+GradSplit(th=11.0,vf=0.06)                    | ✓ OK (30/30)
[3497/6590] GradDet(th=11.0,vf=0.07)+GradSplit(th=11.0,vf=0.07)                    | ✓ OK (30/30)
[3498/6590] GradDet(th=11.0,vf=0.07)+GradSplit(th=11.0,vf=0.08)                    | ✓ OK (30/30)
[3499/6590] GradDet(th=11.0,vf=0.07)+GradSplit(th=12.0,vf=0.03)                    | ✓ OK (30/30)
[3500/6590] GradDet(th=11.0,vf=0.07)+GradSplit(th=12.0,vf=0.04)                    | ✓ OK (30/30)
[3501/6590] GradDet(th=11.0,vf=0.07)+GradSplit(th=12.0,vf=0.05)                    | ✓ OK (30/30)
[3502/6590] GradDet(th=11.0,vf=0.07)+GradSplit(th=12.0,vf=0.06)                    | ✓ OK (30/30)
[3503/6590] GradDet(th=11.0,vf=0.07)+GradSplit(th=12.0,vf=0.07)                    | ✓ OK (30/30)
[3504/6590] GradDet(th=11.0,vf=0.07)+GradSplit(th=12.0,vf=0.08)                    | ✓ OK (30/30)
[3505/6590] GradDet(th=11.0,vf=0.07)+GradSplit(th=13.0,vf=0.03)                    | ✓ OK (30/30)
[3506/6590] GradDet(th=11.0,vf=0.07)+GradSplit(th=13.0,vf=0.04)                    | ✓ OK (30/30)
[3507/6590] GradDet(th=11.0,vf=0.07)+GradSplit(th=13.0,vf=0.05)                    | ✓ OK (30/30)
[3508/6590] GradDet(th=11.0,vf=0.07)+GradSplit(th=13.0,vf=0.06)                    | ✓ OK (30/30)
[3509/6590] GradDet(th=11.0,vf=0.07)+GradSplit(th=13.0,vf=0.07)                    | ✓ OK (30/30)
[3510/6590] GradDet(th=11.0,vf=0.07)+GradSplit(th=13.0,vf=0.08)                    | ✓ OK (30/30)
[3511/6590] GradDet(th=11.0,vf=0.08)+GradSplit(th=6.0,vf=0.03)                     | ✓ OK (30/30)
[3512/6590] GradDet(th=11.0,vf=0.08)+GradSplit(th=6.0,vf=0.04)                     | ✓ OK (30/30)
[3513/6590] GradDet(th=11.0,vf=0.08)+GradSplit(th=6.0,vf=0.05)                     | ✓ OK (30/30)
[3514/6590] GradDet(th=11.0,vf=0.08)+GradSplit(th=6.0,vf=0.06)                     | ✓ OK (30/30)
[3515/6590] GradDet(th=11.0,vf=0.08)+GradSplit(th=6.0,vf=0.07)                     | ✓ OK (30/30)
[3516/6590] GradDet(th=11.0,vf=0.08)+GradSplit(th=6.0,vf=0.08)                     | ✓ OK (30/30)
[3517/6590] GradDet(th=11.0,vf=0.08)+GradSplit(th=7.0,vf=0.03)                     | ✓ OK (30/30)
[3518/6590] GradDet(th=11.0,vf=0.08)+GradSplit(th=7.0,vf=0.04)                     | ✓ OK (30/30)
[3519/6590] GradDet(th=11.0,vf=0.08)+GradSplit(th=7.0,vf=0.05)                     | ✓ OK (30/30)
[3520/6590] GradDet(th=11.0,vf=0.08)+GradSplit(th=7.0,vf=0.06)                     | ✓ OK (30/30)
[3521/6590] GradDet(th=11.0,vf=0.08)+GradSplit(th=7.0,vf=0.07)                     | ✓ OK (30/30)
[3522/6590] GradDet(th=11.0,vf=0.08)+GradSplit(th=7.0,vf=0.08)                     | ✓ OK (30/30)
[3523/6590] GradDet(th=11.0,vf=0.08)+GradSplit(th=8.0,vf=0.03)                     | ✓ OK (30/30)
[3524/6590] GradDet(th=11.0,vf=0.08)+GradSplit(th=8.0,vf=0.04)                     | ✓ OK (30/30)
[3525/6590] GradDet(th=11.0,vf=0.08)+GradSplit(th=8.0,vf=0.05)                     | ✓ OK (30/30)
[3526/6590] GradDet(th=11.0,vf=0.08)+GradSplit(th=8.0,vf=0.06)                     | ✓ OK (30/30)
[3527/6590] GradDet(th=11.0,vf=0.08)+GradSplit(th=8.0,vf=0.07)                     | ✓ OK (30/30)
[3528/6590] GradDet(th=11.0,vf=0.08)+GradSplit(th=8.0,vf=0.08)                     | ✓ OK (30/30)
[3529/6590] GradDet(th=11.0,vf=0.08)+GradSplit(th=8.5,vf=0.03)                     | ✓ OK (30/30)
[3530/6590] GradDet(th=11.0,vf=0.08)+GradSplit(th=8.5,vf=0.04)                     | ✓ OK (30/30)
[3531/6590] GradDet(th=11.0,vf=0.08)+GradSplit(th=8.5,vf=0.05)                     | ✓ OK (30/30)
[3532/6590] GradDet(th=11.0,vf=0.08)+GradSplit(th=8.5,vf=0.06)                     | ✓ OK (30/30)
[3533/6590] GradDet(th=11.0,vf=0.08)+GradSplit(th=8.5,vf=0.07)                     | ✓ OK (30/30)
[3534/6590] GradDet(th=11.0,vf=0.08)+GradSplit(th=8.5,vf=0.08)                     | ✓ OK (30/30)
[3535/6590] GradDet(th=11.0,vf=0.08)+GradSplit(th=9.0,vf=0.03)                     | ✓ OK (30/30)
[3536/6590] GradDet(th=11.0,vf=0.08)+GradSplit(th=9.0,vf=0.04)                     | ✓ OK (30/30)
[3537/6590] GradDet(th=11.0,vf=0.08)+GradSplit(th=9.0,vf=0.05)                     | ✓ OK (30/30)
[3538/6590] GradDet(th=11.0,vf=0.08)+GradSplit(th=9.0,vf=0.06)                     | ✓ OK (30/30)
[3539/6590] GradDet(th=11.0,vf=0.08)+GradSplit(th=9.0,vf=0.07)                     | ✓ OK (30/30)
[3540/6590] GradDet(th=11.0,vf=0.08)+GradSplit(th=9.0,vf=0.08)                     | ✓ OK (30/30)
[3541/6590] GradDet(th=11.0,vf=0.08)+GradSplit(th=10.0,vf=0.03)                    | ✓ OK (30/30)
[3542/6590] GradDet(th=11.0,vf=0.08)+GradSplit(th=10.0,vf=0.04)                    | ✓ OK (30/30)
[3543/6590] GradDet(th=11.0,vf=0.08)+GradSplit(th=10.0,vf=0.05)                    | ✓ OK (30/30)
[3544/6590] GradDet(th=11.0,vf=0.08)+GradSplit(th=10.0,vf=0.06)                    | ✓ OK (30/30)
[3545/6590] GradDet(th=11.0,vf=0.08)+GradSplit(th=10.0,vf=0.07)                    | ✓ OK (30/30)
[3546/6590] GradDet(th=11.0,vf=0.08)+GradSplit(th=10.0,vf=0.08)                    | ✓ OK (30/30)
[3547/6590] GradDet(th=11.0,vf=0.08)+GradSplit(th=11.0,vf=0.03)                    | ✓ OK (30/30)
[3548/6590] GradDet(th=11.0,vf=0.08)+GradSplit(th=11.0,vf=0.04)                    | ✓ OK (30/30)
[3549/6590] GradDet(th=11.0,vf=0.08)+GradSplit(th=11.0,vf=0.05)                    | ✓ OK (30/30)
[3550/6590] GradDet(th=11.0,vf=0.08)+GradSplit(th=11.0,vf=0.06)                    | ✓ OK (30/30)
[3551/6590] GradDet(th=11.0,vf=0.08)+GradSplit(th=11.0,vf=0.07)                    | ✓ OK (30/30)
[3552/6590] GradDet(th=11.0,vf=0.08)+GradSplit(th=11.0,vf=0.08)                    | ✓ OK (30/30)
[3553/6590] GradDet(th=11.0,vf=0.08)+GradSplit(th=12.0,vf=0.03)                    | ✓ OK (30/30)
[3554/6590] GradDet(th=11.0,vf=0.08)+GradSplit(th=12.0,vf=0.04)                    | ✓ OK (30/30)
[3555/6590] GradDet(th=11.0,vf=0.08)+GradSplit(th=12.0,vf=0.05)                    | ✓ OK (30/30)
[3556/6590] GradDet(th=11.0,vf=0.08)+GradSplit(th=12.0,vf=0.06)                    | ✓ OK (30/30)
[3557/6590] GradDet(th=11.0,vf=0.08)+GradSplit(th=12.0,vf=0.07)                    | ✓ OK (30/30)
[3558/6590] GradDet(th=11.0,vf=0.08)+GradSplit(th=12.0,vf=0.08)                    | ✓ OK (30/30)
[3559/6590] GradDet(th=11.0,vf=0.08)+GradSplit(th=13.0,vf=0.03)                    | ✓ OK (30/30)
[3560/6590] GradDet(th=11.0,vf=0.08)+GradSplit(th=13.0,vf=0.04)                    | ✓ OK (30/30)
[3561/6590] GradDet(th=11.0,vf=0.08)+GradSplit(th=13.0,vf=0.05)                    | ✓ OK (30/30)
[3562/6590] GradDet(th=11.0,vf=0.08)+GradSplit(th=13.0,vf=0.06)                    | ✓ OK (30/30)
[3563/6590] GradDet(th=11.0,vf=0.08)+GradSplit(th=13.0,vf=0.07)                    | ✓ OK (30/30)
[3564/6590] GradDet(th=11.0,vf=0.08)+GradSplit(th=13.0,vf=0.08)                    | ✓ OK (30/30)
[3565/6590] GradDet(th=12.0,vf=0.03)+GradSplit(th=6.0,vf=0.03)                     | ✓ OK (30/30)
[3566/6590] GradDet(th=12.0,vf=0.03)+GradSplit(th=6.0,vf=0.04)                     | ✓ OK (30/30)
[3567/6590] GradDet(th=12.0,vf=0.03)+GradSplit(th=6.0,vf=0.05)                     | ✓ OK (30/30)
[3568/6590] GradDet(th=12.0,vf=0.03)+GradSplit(th=6.0,vf=0.06)                     | ✓ OK (30/30)
[3569/6590] GradDet(th=12.0,vf=0.03)+GradSplit(th=6.0,vf=0.07)                     | ✓ OK (30/30)
[3570/6590] GradDet(th=12.0,vf=0.03)+GradSplit(th=6.0,vf=0.08)                     | ✓ OK (30/30)
[3571/6590] GradDet(th=12.0,vf=0.03)+GradSplit(th=7.0,vf=0.03)                     | ✓ OK (30/30)
[3572/6590] GradDet(th=12.0,vf=0.03)+GradSplit(th=7.0,vf=0.04)                     | ✓ OK (30/30)
[3573/6590] GradDet(th=12.0,vf=0.03)+GradSplit(th=7.0,vf=0.05)                     | ✓ OK (30/30)
[3574/6590] GradDet(th=12.0,vf=0.03)+GradSplit(th=7.0,vf=0.06)                     | ✓ OK (30/30)
[3575/6590] GradDet(th=12.0,vf=0.03)+GradSplit(th=7.0,vf=0.07)                     | ✓ OK (30/30)
[3576/6590] GradDet(th=12.0,vf=0.03)+GradSplit(th=7.0,vf=0.08)                     | ✓ OK (30/30)
[3577/6590] GradDet(th=12.0,vf=0.03)+GradSplit(th=8.0,vf=0.03)                     | ✓ OK (30/30)
[3578/6590] GradDet(th=12.0,vf=0.03)+GradSplit(th=8.0,vf=0.04)                     | ✓ OK (30/30)
[3579/6590] GradDet(th=12.0,vf=0.03)+GradSplit(th=8.0,vf=0.05)                     | ✓ OK (30/30)
[3580/6590] GradDet(th=12.0,vf=0.03)+GradSplit(th=8.0,vf=0.06)                     | ✓ OK (30/30)
[3581/6590] GradDet(th=12.0,vf=0.03)+GradSplit(th=8.0,vf=0.07)                     | ✓ OK (30/30)
[3582/6590] GradDet(th=12.0,vf=0.03)+GradSplit(th=8.0,vf=0.08)                     | ✓ OK (30/30)
[3583/6590] GradDet(th=12.0,vf=0.03)+GradSplit(th=8.5,vf=0.03)                     | ✓ OK (30/30)
[3584/6590] GradDet(th=12.0,vf=0.03)+GradSplit(th=8.5,vf=0.04)                     | ✓ OK (30/30)
[3585/6590] GradDet(th=12.0,vf=0.03)+GradSplit(th=8.5,vf=0.05)                     | ✓ OK (30/30)
[3586/6590] GradDet(th=12.0,vf=0.03)+GradSplit(th=8.5,vf=0.06)                     | ✓ OK (30/30)
[3587/6590] GradDet(th=12.0,vf=0.03)+GradSplit(th=8.5,vf=0.07)                     | ✓ OK (30/30)
[3588/6590] GradDet(th=12.0,vf=0.03)+GradSplit(th=8.5,vf=0.08)                     | ✓ OK (30/30)
[3589/6590] GradDet(th=12.0,vf=0.03)+GradSplit(th=9.0,vf=0.03)                     | ✓ OK (30/30)
[3590/6590] GradDet(th=12.0,vf=0.03)+GradSplit(th=9.0,vf=0.04)                     | ✓ OK (30/30)
[3591/6590] GradDet(th=12.0,vf=0.03)+GradSplit(th=9.0,vf=0.05)                     | ✓ OK (30/30)
[3592/6590] GradDet(th=12.0,vf=0.03)+GradSplit(th=9.0,vf=0.06)                     | ✓ OK (30/30)
[3593/6590] GradDet(th=12.0,vf=0.03)+GradSplit(th=9.0,vf=0.07)                     | ✓ OK (30/30)
[3594/6590] GradDet(th=12.0,vf=0.03)+GradSplit(th=9.0,vf=0.08)                     | ✓ OK (30/30)
[3595/6590] GradDet(th=12.0,vf=0.03)+GradSplit(th=10.0,vf=0.03)                    | ✓ OK (30/30)
[3596/6590] GradDet(th=12.0,vf=0.03)+GradSplit(th=10.0,vf=0.04)                    | ✓ OK (30/30)
[3597/6590] GradDet(th=12.0,vf=0.03)+GradSplit(th=10.0,vf=0.05)                    | ✓ OK (30/30)
[3598/6590] GradDet(th=12.0,vf=0.03)+GradSplit(th=10.0,vf=0.06)                    | ✓ OK (30/30)
[3599/6590] GradDet(th=12.0,vf=0.03)+GradSplit(th=10.0,vf=0.07)                    | ✓ OK (30/30)
[3600/6590] GradDet(th=12.0,vf=0.03)+GradSplit(th=10.0,vf=0.08)                    | ✓ OK (30/30)
[3601/6590] GradDet(th=12.0,vf=0.03)+GradSplit(th=11.0,vf=0.03)                    | ✓ OK (30/30)
[3602/6590] GradDet(th=12.0,vf=0.03)+GradSplit(th=11.0,vf=0.04)                    | ✓ OK (30/30)
[3603/6590] GradDet(th=12.0,vf=0.03)+GradSplit(th=11.0,vf=0.05)                    | ✓ OK (30/30)
[3604/6590] GradDet(th=12.0,vf=0.03)+GradSplit(th=11.0,vf=0.06)                    | ✓ OK (30/30)
[3605/6590] GradDet(th=12.0,vf=0.03)+GradSplit(th=11.0,vf=0.07)                    | ✓ OK (30/30)
[3606/6590] GradDet(th=12.0,vf=0.03)+GradSplit(th=11.0,vf=0.08)                    | ✓ OK (30/30)
[3607/6590] GradDet(th=12.0,vf=0.03)+GradSplit(th=12.0,vf=0.03)                    | ✓ OK (30/30)
[3608/6590] GradDet(th=12.0,vf=0.03)+GradSplit(th=12.0,vf=0.04)                    | ✓ OK (30/30)
[3609/6590] GradDet(th=12.0,vf=0.03)+GradSplit(th=12.0,vf=0.05)                    | ✓ OK (30/30)
[3610/6590] GradDet(th=12.0,vf=0.03)+GradSplit(th=12.0,vf=0.06)                    | ✓ OK (30/30)
[3611/6590] GradDet(th=12.0,vf=0.03)+GradSplit(th=12.0,vf=0.07)                    | ✓ OK (30/30)
[3612/6590] GradDet(th=12.0,vf=0.03)+GradSplit(th=12.0,vf=0.08)                    | ✓ OK (30/30)
[3613/6590] GradDet(th=12.0,vf=0.03)+GradSplit(th=13.0,vf=0.03)                    | ✓ OK (30/30)
[3614/6590] GradDet(th=12.0,vf=0.03)+GradSplit(th=13.0,vf=0.04)                    | ✓ OK (30/30)
[3615/6590] GradDet(th=12.0,vf=0.03)+GradSplit(th=13.0,vf=0.05)                    | ✓ OK (30/30)
[3616/6590] GradDet(th=12.0,vf=0.03)+GradSplit(th=13.0,vf=0.06)                    | ✓ OK (30/30)
[3617/6590] GradDet(th=12.0,vf=0.03)+GradSplit(th=13.0,vf=0.07)                    | ✓ OK (30/30)
[3618/6590] GradDet(th=12.0,vf=0.03)+GradSplit(th=13.0,vf=0.08)                    | ✓ OK (30/30)
[3619/6590] GradDet(th=12.0,vf=0.04)+GradSplit(th=6.0,vf=0.03)                     | ✓ OK (30/30)
[3620/6590] GradDet(th=12.0,vf=0.04)+GradSplit(th=6.0,vf=0.04)                     | ✓ OK (30/30)
[3621/6590] GradDet(th=12.0,vf=0.04)+GradSplit(th=6.0,vf=0.05)                     | ✓ OK (30/30)
[3622/6590] GradDet(th=12.0,vf=0.04)+GradSplit(th=6.0,vf=0.06)                     | ✓ OK (30/30)
[3623/6590] GradDet(th=12.0,vf=0.04)+GradSplit(th=6.0,vf=0.07)                     | ✓ OK (30/30)
[3624/6590] GradDet(th=12.0,vf=0.04)+GradSplit(th=6.0,vf=0.08)                     | ✓ OK (30/30)
[3625/6590] GradDet(th=12.0,vf=0.04)+GradSplit(th=7.0,vf=0.03)                     | ✓ OK (30/30)
[3626/6590] GradDet(th=12.0,vf=0.04)+GradSplit(th=7.0,vf=0.04)                     | ✓ OK (30/30)
[3627/6590] GradDet(th=12.0,vf=0.04)+GradSplit(th=7.0,vf=0.05)                     | ✓ OK (30/30)
[3628/6590] GradDet(th=12.0,vf=0.04)+GradSplit(th=7.0,vf=0.06)                     | ✓ OK (30/30)
[3629/6590] GradDet(th=12.0,vf=0.04)+GradSplit(th=7.0,vf=0.07)                     | ✓ OK (30/30)
[3630/6590] GradDet(th=12.0,vf=0.04)+GradSplit(th=7.0,vf=0.08)                     | ✓ OK (30/30)
[3631/6590] GradDet(th=12.0,vf=0.04)+GradSplit(th=8.0,vf=0.03)                     | ✓ OK (30/30)
[3632/6590] GradDet(th=12.0,vf=0.04)+GradSplit(th=8.0,vf=0.04)                     | ✓ OK (30/30)
[3633/6590] GradDet(th=12.0,vf=0.04)+GradSplit(th=8.0,vf=0.05)                     | ✓ OK (30/30)
[3634/6590] GradDet(th=12.0,vf=0.04)+GradSplit(th=8.0,vf=0.06)                     | ✓ OK (30/30)
[3635/6590] GradDet(th=12.0,vf=0.04)+GradSplit(th=8.0,vf=0.07)                     | ✓ OK (30/30)
[3636/6590] GradDet(th=12.0,vf=0.04)+GradSplit(th=8.0,vf=0.08)                     | ✓ OK (30/30)
[3637/6590] GradDet(th=12.0,vf=0.04)+GradSplit(th=8.5,vf=0.03)                     | ✓ OK (30/30)
[3638/6590] GradDet(th=12.0,vf=0.04)+GradSplit(th=8.5,vf=0.04)                     | ✓ OK (30/30)
[3639/6590] GradDet(th=12.0,vf=0.04)+GradSplit(th=8.5,vf=0.05)                     | ✓ OK (30/30)
[3640/6590] GradDet(th=12.0,vf=0.04)+GradSplit(th=8.5,vf=0.06)                     | ✓ OK (30/30)
[3641/6590] GradDet(th=12.0,vf=0.04)+GradSplit(th=8.5,vf=0.07)                     | ✓ OK (30/30)
[3642/6590] GradDet(th=12.0,vf=0.04)+GradSplit(th=8.5,vf=0.08)                     | ✓ OK (30/30)
[3643/6590] GradDet(th=12.0,vf=0.04)+GradSplit(th=9.0,vf=0.03)                     | ✓ OK (30/30)
[3644/6590] GradDet(th=12.0,vf=0.04)+GradSplit(th=9.0,vf=0.04)                     | ✓ OK (30/30)
[3645/6590] GradDet(th=12.0,vf=0.04)+GradSplit(th=9.0,vf=0.05)                     | ✓ OK (30/30)
[3646/6590] GradDet(th=12.0,vf=0.04)+GradSplit(th=9.0,vf=0.06)                     | ✓ OK (30/30)
[3647/6590] GradDet(th=12.0,vf=0.04)+GradSplit(th=9.0,vf=0.07)                     | ✓ OK (30/30)
[3648/6590] GradDet(th=12.0,vf=0.04)+GradSplit(th=9.0,vf=0.08)                     | ✓ OK (30/30)
[3649/6590] GradDet(th=12.0,vf=0.04)+GradSplit(th=10.0,vf=0.03)                    | ✓ OK (30/30)
[3650/6590] GradDet(th=12.0,vf=0.04)+GradSplit(th=10.0,vf=0.04)                    | ✓ OK (30/30)
[3651/6590] GradDet(th=12.0,vf=0.04)+GradSplit(th=10.0,vf=0.05)                    | ✓ OK (30/30)
[3652/6590] GradDet(th=12.0,vf=0.04)+GradSplit(th=10.0,vf=0.06)                    | ✓ OK (30/30)
[3653/6590] GradDet(th=12.0,vf=0.04)+GradSplit(th=10.0,vf=0.07)                    | ✓ OK (30/30)
[3654/6590] GradDet(th=12.0,vf=0.04)+GradSplit(th=10.0,vf=0.08)                    | ✓ OK (30/30)
[3655/6590] GradDet(th=12.0,vf=0.04)+GradSplit(th=11.0,vf=0.03)                    | ✓ OK (30/30)
[3656/6590] GradDet(th=12.0,vf=0.04)+GradSplit(th=11.0,vf=0.04)                    | ✓ OK (30/30)
[3657/6590] GradDet(th=12.0,vf=0.04)+GradSplit(th=11.0,vf=0.05)                    | ✓ OK (30/30)
[3658/6590] GradDet(th=12.0,vf=0.04)+GradSplit(th=11.0,vf=0.06)                    | ✓ OK (30/30)
[3659/6590] GradDet(th=12.0,vf=0.04)+GradSplit(th=11.0,vf=0.07)                    | ✓ OK (30/30)
[3660/6590] GradDet(th=12.0,vf=0.04)+GradSplit(th=11.0,vf=0.08)                    | ✓ OK (30/30)
[3661/6590] GradDet(th=12.0,vf=0.04)+GradSplit(th=12.0,vf=0.03)                    | ✓ OK (30/30)
[3662/6590] GradDet(th=12.0,vf=0.04)+GradSplit(th=12.0,vf=0.04)                    | ✓ OK (30/30)
[3663/6590] GradDet(th=12.0,vf=0.04)+GradSplit(th=12.0,vf=0.05)                    | ✓ OK (30/30)
[3664/6590] GradDet(th=12.0,vf=0.04)+GradSplit(th=12.0,vf=0.06)                    | ✓ OK (30/30)
[3665/6590] GradDet(th=12.0,vf=0.04)+GradSplit(th=12.0,vf=0.07)                    | ✓ OK (30/30)
[3666/6590] GradDet(th=12.0,vf=0.04)+GradSplit(th=12.0,vf=0.08)                    | ✓ OK (30/30)
[3667/6590] GradDet(th=12.0,vf=0.04)+GradSplit(th=13.0,vf=0.03)                    | ✓ OK (30/30)
[3668/6590] GradDet(th=12.0,vf=0.04)+GradSplit(th=13.0,vf=0.04)                    | ✓ OK (30/30)
[3669/6590] GradDet(th=12.0,vf=0.04)+GradSplit(th=13.0,vf=0.05)                    | ✓ OK (30/30)
[3670/6590] GradDet(th=12.0,vf=0.04)+GradSplit(th=13.0,vf=0.06)                    | ✓ OK (30/30)
[3671/6590] GradDet(th=12.0,vf=0.04)+GradSplit(th=13.0,vf=0.07)                    | ✓ OK (30/30)
[3672/6590] GradDet(th=12.0,vf=0.04)+GradSplit(th=13.0,vf=0.08)                    | ✓ OK (30/30)
[3673/6590] GradDet(th=12.0,vf=0.05)+GradSplit(th=6.0,vf=0.03)                     | ✗ 1 fail
           └─ Failures: 00017(pred:horizontal,gt:single)
[3674/6590] GradDet(th=12.0,vf=0.05)+GradSplit(th=6.0,vf=0.04)                     | ✗ 1 fail
           └─ Failures: 00017(pred:horizontal,gt:single)
[3675/6590] GradDet(th=12.0,vf=0.05)+GradSplit(th=6.0,vf=0.05)                     | ✗ 1 fail
           └─ Failures: 00017(pred:horizontal,gt:single)
[3676/6590] GradDet(th=12.0,vf=0.05)+GradSplit(th=6.0,vf=0.06)                     | ✗ 1 fail
           └─ Failures: 00017(pred:horizontal,gt:single)
[3677/6590] GradDet(th=12.0,vf=0.05)+GradSplit(th=6.0,vf=0.07)                     | ✗ 1 fail
           └─ Failures: 00017(pred:horizontal,gt:single)
[3678/6590] GradDet(th=12.0,vf=0.05)+GradSplit(th=6.0,vf=0.08)                     | ✗ 1 fail
           └─ Failures: 00017(pred:horizontal,gt:single)
[3679/6590] GradDet(th=12.0,vf=0.05)+GradSplit(th=7.0,vf=0.03)                     | ✗ 1 fail
           └─ Failures: 00017(pred:horizontal,gt:single)
[3680/6590] GradDet(th=12.0,vf=0.05)+GradSplit(th=7.0,vf=0.04)                     | ✗ 1 fail
           └─ Failures: 00017(pred:horizontal,gt:single)
[3681/6590] GradDet(th=12.0,vf=0.05)+GradSplit(th=7.0,vf=0.05)                     | ✗ 1 fail
           └─ Failures: 00017(pred:horizontal,gt:single)
[3682/6590] GradDet(th=12.0,vf=0.05)+GradSplit(th=7.0,vf=0.06)                     | ✗ 1 fail
           └─ Failures: 00017(pred:horizontal,gt:single)
[3683/6590] GradDet(th=12.0,vf=0.05)+GradSplit(th=7.0,vf=0.07)                     | ✗ 1 fail
           └─ Failures: 00017(pred:horizontal,gt:single)
[3684/6590] GradDet(th=12.0,vf=0.05)+GradSplit(th=7.0,vf=0.08)                     | ✗ 1 fail
           └─ Failures: 00017(pred:horizontal,gt:single)
[3685/6590] GradDet(th=12.0,vf=0.05)+GradSplit(th=8.0,vf=0.03)                     | ✗ 1 fail
           └─ Failures: 00017(pred:horizontal,gt:single)
[3686/6590] GradDet(th=12.0,vf=0.05)+GradSplit(th=8.0,vf=0.04)                     | ✗ 1 fail
           └─ Failures: 00017(pred:horizontal,gt:single)
[3687/6590] GradDet(th=12.0,vf=0.05)+GradSplit(th=8.0,vf=0.05)                     | ✗ 1 fail
           └─ Failures: 00017(pred:horizontal,gt:single)
[3688/6590] GradDet(th=12.0,vf=0.05)+GradSplit(th=8.0,vf=0.06)                     | ✗ 1 fail
           └─ Failures: 00017(pred:horizontal,gt:single)
[3689/6590] GradDet(th=12.0,vf=0.05)+GradSplit(th=8.0,vf=0.07)                     | ✗ 1 fail
           └─ Failures: 00017(pred:horizontal,gt:single)
[3690/6590] GradDet(th=12.0,vf=0.05)+GradSplit(th=8.0,vf=0.08)                     | ✗ 1 fail
           └─ Failures: 00017(pred:horizontal,gt:single)
[3691/6590] GradDet(th=12.0,vf=0.05)+GradSplit(th=8.5,vf=0.03)                     | ✗ 1 fail
           └─ Failures: 00017(pred:horizontal,gt:single)
[3692/6590] GradDet(th=12.0,vf=0.05)+GradSplit(th=8.5,vf=0.04)                     | ✗ 1 fail
           └─ Failures: 00017(pred:horizontal,gt:single)
[3693/6590] GradDet(th=12.0,vf=0.05)+GradSplit(th=8.5,vf=0.05)                     | ✗ 1 fail
           └─ Failures: 00017(pred:horizontal,gt:single)
[3694/6590] GradDet(th=12.0,vf=0.05)+GradSplit(th=8.5,vf=0.06)                     | ✗ 1 fail
           └─ Failures: 00017(pred:horizontal,gt:single)
[3695/6590] GradDet(th=12.0,vf=0.05)+GradSplit(th=8.5,vf=0.07)                     | ✗ 1 fail
           └─ Failures: 00017(pred:horizontal,gt:single)
[3696/6590] GradDet(th=12.0,vf=0.05)+GradSplit(th=8.5,vf=0.08)                     | ✗ 1 fail
           └─ Failures: 00017(pred:horizontal,gt:single)
[3697/6590] GradDet(th=12.0,vf=0.05)+GradSplit(th=9.0,vf=0.03)                     | ✗ 1 fail
           └─ Failures: 00017(pred:horizontal,gt:single)
[3698/6590] GradDet(th=12.0,vf=0.05)+GradSplit(th=9.0,vf=0.04)                     | ✗ 1 fail
           └─ Failures: 00017(pred:horizontal,gt:single)
[3699/6590] GradDet(th=12.0,vf=0.05)+GradSplit(th=9.0,vf=0.05)                     | ✗ 1 fail
           └─ Failures: 00017(pred:horizontal,gt:single)
[3700/6590] GradDet(th=12.0,vf=0.05)+GradSplit(th=9.0,vf=0.06)                     | ✗ 1 fail
           └─ Failures: 00017(pred:horizontal,gt:single)
[3701/6590] GradDet(th=12.0,vf=0.05)+GradSplit(th=9.0,vf=0.07)                     | ✗ 1 fail
           └─ Failures: 00017(pred:horizontal,gt:single)
[3702/6590] GradDet(th=12.0,vf=0.05)+GradSplit(th=9.0,vf=0.08)                     | ✗ 1 fail
           └─ Failures: 00017(pred:horizontal,gt:single)
[3703/6590] GradDet(th=12.0,vf=0.05)+GradSplit(th=10.0,vf=0.03)                    | ✗ 1 fail
           └─ Failures: 00017(pred:horizontal,gt:single)
[3704/6590] GradDet(th=12.0,vf=0.05)+GradSplit(th=10.0,vf=0.04)                    | ✗ 1 fail
           └─ Failures: 00017(pred:horizontal,gt:single)
[3705/6590] GradDet(th=12.0,vf=0.05)+GradSplit(th=10.0,vf=0.05)                    | ✗ 1 fail
           └─ Failures: 00017(pred:horizontal,gt:single)
[3706/6590] GradDet(th=12.0,vf=0.05)+GradSplit(th=10.0,vf=0.06)                    | ✗ 1 fail
           └─ Failures: 00017(pred:horizontal,gt:single)
[3707/6590] GradDet(th=12.0,vf=0.05)+GradSplit(th=10.0,vf=0.07)                    | ✗ 1 fail
           └─ Failures: 00017(pred:horizontal,gt:single)
[3708/6590] GradDet(th=12.0,vf=0.05)+GradSplit(th=10.0,vf=0.08)                    | ✗ 1 fail
           └─ Failures: 00017(pred:horizontal,gt:single)
[3709/6590] GradDet(th=12.0,vf=0.05)+GradSplit(th=11.0,vf=0.03)                    | ✗ 1 fail
           └─ Failures: 00017(pred:horizontal,gt:single)
[3710/6590] GradDet(th=12.0,vf=0.05)+GradSplit(th=11.0,vf=0.04)                    | ✗ 1 fail
           └─ Failures: 00017(pred:horizontal,gt:single)
[3711/6590] GradDet(th=12.0,vf=0.05)+GradSplit(th=11.0,vf=0.05)                    | ✗ 1 fail
           └─ Failures: 00017(pred:horizontal,gt:single)
[3712/6590] GradDet(th=12.0,vf=0.05)+GradSplit(th=11.0,vf=0.06)                    | ✗ 1 fail
           └─ Failures: 00017(pred:horizontal,gt:single)
[3713/6590] GradDet(th=12.0,vf=0.05)+GradSplit(th=11.0,vf=0.07)                    | ✗ 1 fail
           └─ Failures: 00017(pred:horizontal,gt:single)
[3714/6590] GradDet(th=12.0,vf=0.05)+GradSplit(th=11.0,vf=0.08)                    | ✗ 1 fail
           └─ Failures: 00017(pred:horizontal,gt:single)
[3715/6590] GradDet(th=12.0,vf=0.05)+GradSplit(th=12.0,vf=0.03)                    | ✗ 1 fail
           └─ Failures: 00017(pred:horizontal,gt:single)
[3716/6590] GradDet(th=12.0,vf=0.05)+GradSplit(th=12.0,vf=0.04)                    | ✗ 1 fail
           └─ Failures: 00017(pred:horizontal,gt:single)
[3717/6590] GradDet(th=12.0,vf=0.05)+GradSplit(th=12.0,vf=0.05)                    | ✗ 1 fail
           └─ Failures: 00017(pred:horizontal,gt:single)
[3718/6590] GradDet(th=12.0,vf=0.05)+GradSplit(th=12.0,vf=0.06)                    | ✗ 1 fail
           └─ Failures: 00017(pred:horizontal,gt:single)
[3719/6590] GradDet(th=12.0,vf=0.05)+GradSplit(th=12.0,vf=0.07)                    | ✗ 1 fail
           └─ Failures: 00017(pred:horizontal,gt:single)
[3720/6590] GradDet(th=12.0,vf=0.05)+GradSplit(th=12.0,vf=0.08)                    | ✗ 1 fail
           └─ Failures: 00017(pred:horizontal,gt:single)
[3721/6590] GradDet(th=12.0,vf=0.05)+GradSplit(th=13.0,vf=0.03)                    | ✗ 1 fail
           └─ Failures: 00017(pred:horizontal,gt:single)
[3722/6590] GradDet(th=12.0,vf=0.05)+GradSplit(th=13.0,vf=0.04)                    | ✗ 1 fail
           └─ Failures: 00017(pred:horizontal,gt:single)
[3723/6590] GradDet(th=12.0,vf=0.05)+GradSplit(th=13.0,vf=0.05)                    | ✗ 1 fail
           └─ Failures: 00017(pred:horizontal,gt:single)
[3724/6590] GradDet(th=12.0,vf=0.05)+GradSplit(th=13.0,vf=0.06)                    | ✗ 1 fail
           └─ Failures: 00017(pred:horizontal,gt:single)
[3725/6590] GradDet(th=12.0,vf=0.05)+GradSplit(th=13.0,vf=0.07)                    | ✗ 1 fail
           └─ Failures: 00017(pred:horizontal,gt:single)
[3726/6590] GradDet(th=12.0,vf=0.05)+GradSplit(th=13.0,vf=0.08)                    | ✗ 1 fail
           └─ Failures: 00017(pred:horizontal,gt:single)
[3727/6590] GradDet(th=12.0,vf=0.06)+GradSplit(th=6.0,vf=0.03)                     | ✓ OK (30/30)
[3728/6590] GradDet(th=12.0,vf=0.06)+GradSplit(th=6.0,vf=0.04)                     | ✓ OK (30/30)
[3729/6590] GradDet(th=12.0,vf=0.06)+GradSplit(th=6.0,vf=0.05)                     | ✓ OK (30/30)
[3730/6590] GradDet(th=12.0,vf=0.06)+GradSplit(th=6.0,vf=0.06)                     | ✓ OK (30/30)
[3731/6590] GradDet(th=12.0,vf=0.06)+GradSplit(th=6.0,vf=0.07)                     | ✓ OK (30/30)
[3732/6590] GradDet(th=12.0,vf=0.06)+GradSplit(th=6.0,vf=0.08)                     | ✓ OK (30/30)
[3733/6590] GradDet(th=12.0,vf=0.06)+GradSplit(th=7.0,vf=0.03)                     | ✓ OK (30/30)
[3734/6590] GradDet(th=12.0,vf=0.06)+GradSplit(th=7.0,vf=0.04)                     | ✓ OK (30/30)
[3735/6590] GradDet(th=12.0,vf=0.06)+GradSplit(th=7.0,vf=0.05)                     | ✓ OK (30/30)
[3736/6590] GradDet(th=12.0,vf=0.06)+GradSplit(th=7.0,vf=0.06)                     | ✓ OK (30/30)
[3737/6590] GradDet(th=12.0,vf=0.06)+GradSplit(th=7.0,vf=0.07)                     | ✓ OK (30/30)
[3738/6590] GradDet(th=12.0,vf=0.06)+GradSplit(th=7.0,vf=0.08)                     | ✓ OK (30/30)
[3739/6590] GradDet(th=12.0,vf=0.06)+GradSplit(th=8.0,vf=0.03)                     | ✓ OK (30/30)
[3740/6590] GradDet(th=12.0,vf=0.06)+GradSplit(th=8.0,vf=0.04)                     | ✓ OK (30/30)
[3741/6590] GradDet(th=12.0,vf=0.06)+GradSplit(th=8.0,vf=0.05)                     | ✓ OK (30/30)
[3742/6590] GradDet(th=12.0,vf=0.06)+GradSplit(th=8.0,vf=0.06)                     | ✓ OK (30/30)
[3743/6590] GradDet(th=12.0,vf=0.06)+GradSplit(th=8.0,vf=0.07)                     | ✓ OK (30/30)
[3744/6590] GradDet(th=12.0,vf=0.06)+GradSplit(th=8.0,vf=0.08)                     | ✓ OK (30/30)
[3745/6590] GradDet(th=12.0,vf=0.06)+GradSplit(th=8.5,vf=0.03)                     | ✓ OK (30/30)
[3746/6590] GradDet(th=12.0,vf=0.06)+GradSplit(th=8.5,vf=0.04)                     | ✓ OK (30/30)
[3747/6590] GradDet(th=12.0,vf=0.06)+GradSplit(th=8.5,vf=0.05)                     | ✓ OK (30/30)
[3748/6590] GradDet(th=12.0,vf=0.06)+GradSplit(th=8.5,vf=0.06)                     | ✓ OK (30/30)
[3749/6590] GradDet(th=12.0,vf=0.06)+GradSplit(th=8.5,vf=0.07)                     | ✓ OK (30/30)
[3750/6590] GradDet(th=12.0,vf=0.06)+GradSplit(th=8.5,vf=0.08)                     | ✓ OK (30/30)
[3751/6590] GradDet(th=12.0,vf=0.06)+GradSplit(th=9.0,vf=0.03)                     | ✓ OK (30/30)
[3752/6590] GradDet(th=12.0,vf=0.06)+GradSplit(th=9.0,vf=0.04)                     | ✓ OK (30/30)
[3753/6590] GradDet(th=12.0,vf=0.06)+GradSplit(th=9.0,vf=0.05)                     | ✓ OK (30/30)
[3754/6590] GradDet(th=12.0,vf=0.06)+GradSplit(th=9.0,vf=0.06)                     | ✓ OK (30/30)
[3755/6590] GradDet(th=12.0,vf=0.06)+GradSplit(th=9.0,vf=0.07)                     | ✓ OK (30/30)
[3756/6590] GradDet(th=12.0,vf=0.06)+GradSplit(th=9.0,vf=0.08)                     | ✓ OK (30/30)
[3757/6590] GradDet(th=12.0,vf=0.06)+GradSplit(th=10.0,vf=0.03)                    | ✓ OK (30/30)
[3758/6590] GradDet(th=12.0,vf=0.06)+GradSplit(th=10.0,vf=0.04)                    | ✓ OK (30/30)
[3759/6590] GradDet(th=12.0,vf=0.06)+GradSplit(th=10.0,vf=0.05)                    | ✓ OK (30/30)
[3760/6590] GradDet(th=12.0,vf=0.06)+GradSplit(th=10.0,vf=0.06)                    | ✓ OK (30/30)
[3761/6590] GradDet(th=12.0,vf=0.06)+GradSplit(th=10.0,vf=0.07)                    | ✓ OK (30/30)
[3762/6590] GradDet(th=12.0,vf=0.06)+GradSplit(th=10.0,vf=0.08)                    | ✓ OK (30/30)
[3763/6590] GradDet(th=12.0,vf=0.06)+GradSplit(th=11.0,vf=0.03)                    | ✓ OK (30/30)
[3764/6590] GradDet(th=12.0,vf=0.06)+GradSplit(th=11.0,vf=0.04)                    | ✓ OK (30/30)
[3765/6590] GradDet(th=12.0,vf=0.06)+GradSplit(th=11.0,vf=0.05)                    | ✓ OK (30/30)
[3766/6590] GradDet(th=12.0,vf=0.06)+GradSplit(th=11.0,vf=0.06)                    | ✓ OK (30/30)
[3767/6590] GradDet(th=12.0,vf=0.06)+GradSplit(th=11.0,vf=0.07)                    | ✓ OK (30/30)
[3768/6590] GradDet(th=12.0,vf=0.06)+GradSplit(th=11.0,vf=0.08)                    | ✓ OK (30/30)
[3769/6590] GradDet(th=12.0,vf=0.06)+GradSplit(th=12.0,vf=0.03)                    | ✓ OK (30/30)
[3770/6590] GradDet(th=12.0,vf=0.06)+GradSplit(th=12.0,vf=0.04)                    | ✓ OK (30/30)
[3771/6590] GradDet(th=12.0,vf=0.06)+GradSplit(th=12.0,vf=0.05)                    | ✓ OK (30/30)
[3772/6590] GradDet(th=12.0,vf=0.06)+GradSplit(th=12.0,vf=0.06)                    | ✓ OK (30/30)
[3773/6590] GradDet(th=12.0,vf=0.06)+GradSplit(th=12.0,vf=0.07)                    | ✓ OK (30/30)
[3774/6590] GradDet(th=12.0,vf=0.06)+GradSplit(th=12.0,vf=0.08)                    | ✓ OK (30/30)
[3775/6590] GradDet(th=12.0,vf=0.06)+GradSplit(th=13.0,vf=0.03)                    | ✓ OK (30/30)
[3776/6590] GradDet(th=12.0,vf=0.06)+GradSplit(th=13.0,vf=0.04)                    | ✓ OK (30/30)
[3777/6590] GradDet(th=12.0,vf=0.06)+GradSplit(th=13.0,vf=0.05)                    | ✓ OK (30/30)
[3778/6590] GradDet(th=12.0,vf=0.06)+GradSplit(th=13.0,vf=0.06)                    | ✓ OK (30/30)
[3779/6590] GradDet(th=12.0,vf=0.06)+GradSplit(th=13.0,vf=0.07)                    | ✓ OK (30/30)
[3780/6590] GradDet(th=12.0,vf=0.06)+GradSplit(th=13.0,vf=0.08)                    | ✓ OK (30/30)
[3781/6590] GradDet(th=12.0,vf=0.07)+GradSplit(th=6.0,vf=0.03)                     | ✓ OK (30/30)
[3782/6590] GradDet(th=12.0,vf=0.07)+GradSplit(th=6.0,vf=0.04)                     | ✓ OK (30/30)
[3783/6590] GradDet(th=12.0,vf=0.07)+GradSplit(th=6.0,vf=0.05)                     | ✓ OK (30/30)
[3784/6590] GradDet(th=12.0,vf=0.07)+GradSplit(th=6.0,vf=0.06)                     | ✓ OK (30/30)
[3785/6590] GradDet(th=12.0,vf=0.07)+GradSplit(th=6.0,vf=0.07)                     | ✓ OK (30/30)
[3786/6590] GradDet(th=12.0,vf=0.07)+GradSplit(th=6.0,vf=0.08)                     | ✓ OK (30/30)
[3787/6590] GradDet(th=12.0,vf=0.07)+GradSplit(th=7.0,vf=0.03)                     | ✓ OK (30/30)
[3788/6590] GradDet(th=12.0,vf=0.07)+GradSplit(th=7.0,vf=0.04)                     | ✓ OK (30/30)
[3789/6590] GradDet(th=12.0,vf=0.07)+GradSplit(th=7.0,vf=0.05)                     | ✓ OK (30/30)
[3790/6590] GradDet(th=12.0,vf=0.07)+GradSplit(th=7.0,vf=0.06)                     | ✓ OK (30/30)
[3791/6590] GradDet(th=12.0,vf=0.07)+GradSplit(th=7.0,vf=0.07)                     | ✓ OK (30/30)
[3792/6590] GradDet(th=12.0,vf=0.07)+GradSplit(th=7.0,vf=0.08)                     | ✓ OK (30/30)
[3793/6590] GradDet(th=12.0,vf=0.07)+GradSplit(th=8.0,vf=0.03)                     | ✓ OK (30/30)
[3794/6590] GradDet(th=12.0,vf=0.07)+GradSplit(th=8.0,vf=0.04)                     | ✓ OK (30/30)
[3795/6590] GradDet(th=12.0,vf=0.07)+GradSplit(th=8.0,vf=0.05)                     | ✓ OK (30/30)
[3796/6590] GradDet(th=12.0,vf=0.07)+GradSplit(th=8.0,vf=0.06)                     | ✓ OK (30/30)
[3797/6590] GradDet(th=12.0,vf=0.07)+GradSplit(th=8.0,vf=0.07)                     | ✓ OK (30/30)
[3798/6590] GradDet(th=12.0,vf=0.07)+GradSplit(th=8.0,vf=0.08)                     | ✓ OK (30/30)
[3799/6590] GradDet(th=12.0,vf=0.07)+GradSplit(th=8.5,vf=0.03)                     | ✓ OK (30/30)
[3800/6590] GradDet(th=12.0,vf=0.07)+GradSplit(th=8.5,vf=0.04)                     | ✓ OK (30/30)
[3801/6590] GradDet(th=12.0,vf=0.07)+GradSplit(th=8.5,vf=0.05)                     | ✓ OK (30/30)
[3802/6590] GradDet(th=12.0,vf=0.07)+GradSplit(th=8.5,vf=0.06)                     | ✓ OK (30/30)
[3803/6590] GradDet(th=12.0,vf=0.07)+GradSplit(th=8.5,vf=0.07)                     | ✓ OK (30/30)
[3804/6590] GradDet(th=12.0,vf=0.07)+GradSplit(th=8.5,vf=0.08)                     | ✓ OK (30/30)
[3805/6590] GradDet(th=12.0,vf=0.07)+GradSplit(th=9.0,vf=0.03)                     | ✓ OK (30/30)
[3806/6590] GradDet(th=12.0,vf=0.07)+GradSplit(th=9.0,vf=0.04)                     | ✓ OK (30/30)
[3807/6590] GradDet(th=12.0,vf=0.07)+GradSplit(th=9.0,vf=0.05)                     | ✓ OK (30/30)
[3808/6590] GradDet(th=12.0,vf=0.07)+GradSplit(th=9.0,vf=0.06)                     | ✓ OK (30/30)
[3809/6590] GradDet(th=12.0,vf=0.07)+GradSplit(th=9.0,vf=0.07)                     | ✓ OK (30/30)
[3810/6590] GradDet(th=12.0,vf=0.07)+GradSplit(th=9.0,vf=0.08)                     | ✓ OK (30/30)
[3811/6590] GradDet(th=12.0,vf=0.07)+GradSplit(th=10.0,vf=0.03)                    | ✓ OK (30/30)
[3812/6590] GradDet(th=12.0,vf=0.07)+GradSplit(th=10.0,vf=0.04)                    | ✓ OK (30/30)
[3813/6590] GradDet(th=12.0,vf=0.07)+GradSplit(th=10.0,vf=0.05)                    | ✓ OK (30/30)
[3814/6590] GradDet(th=12.0,vf=0.07)+GradSplit(th=10.0,vf=0.06)                    | ✓ OK (30/30)
[3815/6590] GradDet(th=12.0,vf=0.07)+GradSplit(th=10.0,vf=0.07)                    | ✓ OK (30/30)
[3816/6590] GradDet(th=12.0,vf=0.07)+GradSplit(th=10.0,vf=0.08)                    | ✓ OK (30/30)
[3817/6590] GradDet(th=12.0,vf=0.07)+GradSplit(th=11.0,vf=0.03)                    | ✓ OK (30/30)
[3818/6590] GradDet(th=12.0,vf=0.07)+GradSplit(th=11.0,vf=0.04)                    | ✓ OK (30/30)
[3819/6590] GradDet(th=12.0,vf=0.07)+GradSplit(th=11.0,vf=0.05)                    | ✓ OK (30/30)
[3820/6590] GradDet(th=12.0,vf=0.07)+GradSplit(th=11.0,vf=0.06)                    | ✓ OK (30/30)
[3821/6590] GradDet(th=12.0,vf=0.07)+GradSplit(th=11.0,vf=0.07)                    | ✓ OK (30/30)
[3822/6590] GradDet(th=12.0,vf=0.07)+GradSplit(th=11.0,vf=0.08)                    | ✓ OK (30/30)
[3823/6590] GradDet(th=12.0,vf=0.07)+GradSplit(th=12.0,vf=0.03)                    | ✓ OK (30/30)
[3824/6590] GradDet(th=12.0,vf=0.07)+GradSplit(th=12.0,vf=0.04)                    | ✓ OK (30/30)
[3825/6590] GradDet(th=12.0,vf=0.07)+GradSplit(th=12.0,vf=0.05)                    | ✓ OK (30/30)
[3826/6590] GradDet(th=12.0,vf=0.07)+GradSplit(th=12.0,vf=0.06)                    | ✓ OK (30/30)
[3827/6590] GradDet(th=12.0,vf=0.07)+GradSplit(th=12.0,vf=0.07)                    | ✓ OK (30/30)
[3828/6590] GradDet(th=12.0,vf=0.07)+GradSplit(th=12.0,vf=0.08)                    | ✓ OK (30/30)
[3829/6590] GradDet(th=12.0,vf=0.07)+GradSplit(th=13.0,vf=0.03)                    | ✓ OK (30/30)
[3830/6590] GradDet(th=12.0,vf=0.07)+GradSplit(th=13.0,vf=0.04)                    | ✓ OK (30/30)
[3831/6590] GradDet(th=12.0,vf=0.07)+GradSplit(th=13.0,vf=0.05)                    | ✓ OK (30/30)
[3832/6590] GradDet(th=12.0,vf=0.07)+GradSplit(th=13.0,vf=0.06)                    | ✓ OK (30/30)
[3833/6590] GradDet(th=12.0,vf=0.07)+GradSplit(th=13.0,vf=0.07)                    | ✓ OK (30/30)
[3834/6590] GradDet(th=12.0,vf=0.07)+GradSplit(th=13.0,vf=0.08)                    | ✓ OK (30/30)
[3835/6590] GradDet(th=12.0,vf=0.08)+GradSplit(th=6.0,vf=0.03)                     | ✓ OK (30/30)
[3836/6590] GradDet(th=12.0,vf=0.08)+GradSplit(th=6.0,vf=0.04)                     | ✓ OK (30/30)
[3837/6590] GradDet(th=12.0,vf=0.08)+GradSplit(th=6.0,vf=0.05)                     | ✓ OK (30/30)
[3838/6590] GradDet(th=12.0,vf=0.08)+GradSplit(th=6.0,vf=0.06)                     | ✓ OK (30/30)
[3839/6590] GradDet(th=12.0,vf=0.08)+GradSplit(th=6.0,vf=0.07)                     | ✓ OK (30/30)
[3840/6590] GradDet(th=12.0,vf=0.08)+GradSplit(th=6.0,vf=0.08)                     | ✓ OK (30/30)
[3841/6590] GradDet(th=12.0,vf=0.08)+GradSplit(th=7.0,vf=0.03)                     | ✓ OK (30/30)
[3842/6590] GradDet(th=12.0,vf=0.08)+GradSplit(th=7.0,vf=0.04)                     | ✓ OK (30/30)
[3843/6590] GradDet(th=12.0,vf=0.08)+GradSplit(th=7.0,vf=0.05)                     | ✓ OK (30/30)
[3844/6590] GradDet(th=12.0,vf=0.08)+GradSplit(th=7.0,vf=0.06)                     | ✓ OK (30/30)
[3845/6590] GradDet(th=12.0,vf=0.08)+GradSplit(th=7.0,vf=0.07)                     | ✓ OK (30/30)
[3846/6590] GradDet(th=12.0,vf=0.08)+GradSplit(th=7.0,vf=0.08)                     | ✓ OK (30/30)
[3847/6590] GradDet(th=12.0,vf=0.08)+GradSplit(th=8.0,vf=0.03)                     | ✓ OK (30/30)
[3848/6590] GradDet(th=12.0,vf=0.08)+GradSplit(th=8.0,vf=0.04)                     | ✓ OK (30/30)
[3849/6590] GradDet(th=12.0,vf=0.08)+GradSplit(th=8.0,vf=0.05)                     | ✓ OK (30/30)
[3850/6590] GradDet(th=12.0,vf=0.08)+GradSplit(th=8.0,vf=0.06)                     | ✓ OK (30/30)
[3851/6590] GradDet(th=12.0,vf=0.08)+GradSplit(th=8.0,vf=0.07)                     | ✓ OK (30/30)
[3852/6590] GradDet(th=12.0,vf=0.08)+GradSplit(th=8.0,vf=0.08)                     | ✓ OK (30/30)
[3853/6590] GradDet(th=12.0,vf=0.08)+GradSplit(th=8.5,vf=0.03)                     | ✓ OK (30/30)
[3854/6590] GradDet(th=12.0,vf=0.08)+GradSplit(th=8.5,vf=0.04)                     | ✓ OK (30/30)
[3855/6590] GradDet(th=12.0,vf=0.08)+GradSplit(th=8.5,vf=0.05)                     | ✓ OK (30/30)
[3856/6590] GradDet(th=12.0,vf=0.08)+GradSplit(th=8.5,vf=0.06)                     | ✓ OK (30/30)
[3857/6590] GradDet(th=12.0,vf=0.08)+GradSplit(th=8.5,vf=0.07)                     | ✓ OK (30/30)
[3858/6590] GradDet(th=12.0,vf=0.08)+GradSplit(th=8.5,vf=0.08)                     | ✓ OK (30/30)
[3859/6590] GradDet(th=12.0,vf=0.08)+GradSplit(th=9.0,vf=0.03)                     | ✓ OK (30/30)
[3860/6590] GradDet(th=12.0,vf=0.08)+GradSplit(th=9.0,vf=0.04)                     | ✓ OK (30/30)
[3861/6590] GradDet(th=12.0,vf=0.08)+GradSplit(th=9.0,vf=0.05)                     | ✓ OK (30/30)
[3862/6590] GradDet(th=12.0,vf=0.08)+GradSplit(th=9.0,vf=0.06)                     | ✓ OK (30/30)
[3863/6590] GradDet(th=12.0,vf=0.08)+GradSplit(th=9.0,vf=0.07)                     | ✓ OK (30/30)
[3864/6590] GradDet(th=12.0,vf=0.08)+GradSplit(th=9.0,vf=0.08)                     | ✓ OK (30/30)
[3865/6590] GradDet(th=12.0,vf=0.08)+GradSplit(th=10.0,vf=0.03)                    | ✓ OK (30/30)
[3866/6590] GradDet(th=12.0,vf=0.08)+GradSplit(th=10.0,vf=0.04)                    | ✓ OK (30/30)
[3867/6590] GradDet(th=12.0,vf=0.08)+GradSplit(th=10.0,vf=0.05)                    | ✓ OK (30/30)
[3868/6590] GradDet(th=12.0,vf=0.08)+GradSplit(th=10.0,vf=0.06)                    | ✓ OK (30/30)
[3869/6590] GradDet(th=12.0,vf=0.08)+GradSplit(th=10.0,vf=0.07)                    | ✓ OK (30/30)
[3870/6590] GradDet(th=12.0,vf=0.08)+GradSplit(th=10.0,vf=0.08)                    | ✓ OK (30/30)
[3871/6590] GradDet(th=12.0,vf=0.08)+GradSplit(th=11.0,vf=0.03)                    | ✓ OK (30/30)
[3872/6590] GradDet(th=12.0,vf=0.08)+GradSplit(th=11.0,vf=0.04)                    | ✓ OK (30/30)
[3873/6590] GradDet(th=12.0,vf=0.08)+GradSplit(th=11.0,vf=0.05)                    | ✓ OK (30/30)
[3874/6590] GradDet(th=12.0,vf=0.08)+GradSplit(th=11.0,vf=0.06)                    | ✓ OK (30/30)
[3875/6590] GradDet(th=12.0,vf=0.08)+GradSplit(th=11.0,vf=0.07)                    | ✓ OK (30/30)
[3876/6590] GradDet(th=12.0,vf=0.08)+GradSplit(th=11.0,vf=0.08)                    | ✓ OK (30/30)
[3877/6590] GradDet(th=12.0,vf=0.08)+GradSplit(th=12.0,vf=0.03)                    | ✓ OK (30/30)
[3878/6590] GradDet(th=12.0,vf=0.08)+GradSplit(th=12.0,vf=0.04)                    | ✓ OK (30/30)
[3879/6590] GradDet(th=12.0,vf=0.08)+GradSplit(th=12.0,vf=0.05)                    | ✓ OK (30/30)
[3880/6590] GradDet(th=12.0,vf=0.08)+GradSplit(th=12.0,vf=0.06)                    | ✓ OK (30/30)
[3881/6590] GradDet(th=12.0,vf=0.08)+GradSplit(th=12.0,vf=0.07)                    | ✓ OK (30/30)
[3882/6590] GradDet(th=12.0,vf=0.08)+GradSplit(th=12.0,vf=0.08)                    | ✓ OK (30/30)
[3883/6590] GradDet(th=12.0,vf=0.08)+GradSplit(th=13.0,vf=0.03)                    | ✓ OK (30/30)
[3884/6590] GradDet(th=12.0,vf=0.08)+GradSplit(th=13.0,vf=0.04)                    | ✓ OK (30/30)
[3885/6590] GradDet(th=12.0,vf=0.08)+GradSplit(th=13.0,vf=0.05)                    | ✓ OK (30/30)
[3886/6590] GradDet(th=12.0,vf=0.08)+GradSplit(th=13.0,vf=0.06)                    | ✓ OK (30/30)
[3887/6590] GradDet(th=12.0,vf=0.08)+GradSplit(th=13.0,vf=0.07)                    | ✓ OK (30/30)
[3888/6590] GradDet(th=12.0,vf=0.08)+GradSplit(th=13.0,vf=0.08)                    | ✓ OK (30/30)
[3889/6590] AspectDet(h=1.20,v=0.50)+GradSplit(th=7.0,vf=0.04)                     | ✗ 11 fail
[3890/6590] AspectDet(h=1.20,v=0.50)+GradSplit(th=7.0,vf=0.05)                     | ✗ 11 fail
[3891/6590] AspectDet(h=1.20,v=0.50)+GradSplit(th=7.0,vf=0.06)                     | ✗ 11 fail
[3892/6590] AspectDet(h=1.20,v=0.50)+GradSplit(th=7.0,vf=0.07)                     | ✗ 11 fail
[3893/6590] AspectDet(h=1.20,v=0.50)+GradSplit(th=8.0,vf=0.04)                     | ✗ 11 fail
[3894/6590] AspectDet(h=1.20,v=0.50)+GradSplit(th=8.0,vf=0.05)                     | ✗ 11 fail
[3895/6590] AspectDet(h=1.20,v=0.50)+GradSplit(th=8.0,vf=0.06)                     | ✗ 11 fail
[3896/6590] AspectDet(h=1.20,v=0.50)+GradSplit(th=8.0,vf=0.07)                     | ✗ 11 fail
[3897/6590] AspectDet(h=1.20,v=0.50)+GradSplit(th=8.5,vf=0.04)                     | ✗ 11 fail
[3898/6590] AspectDet(h=1.20,v=0.50)+GradSplit(th=8.5,vf=0.05)                     | ✗ 11 fail
[3899/6590] AspectDet(h=1.20,v=0.50)+GradSplit(th=8.5,vf=0.06)                     | ✗ 11 fail
[3900/6590] AspectDet(h=1.20,v=0.50)+GradSplit(th=8.5,vf=0.07)                     | ✗ 11 fail
[3901/6590] AspectDet(h=1.20,v=0.50)+GradSplit(th=9.0,vf=0.04)                     | ✗ 11 fail
[3902/6590] AspectDet(h=1.20,v=0.50)+GradSplit(th=9.0,vf=0.05)                     | ✗ 11 fail
[3903/6590] AspectDet(h=1.20,v=0.50)+GradSplit(th=9.0,vf=0.06)                     | ✗ 11 fail
[3904/6590] AspectDet(h=1.20,v=0.50)+GradSplit(th=9.0,vf=0.07)                     | ✗ 11 fail
[3905/6590] AspectDet(h=1.20,v=0.50)+GradSplit(th=10.0,vf=0.04)                    | ✗ 11 fail
[3906/6590] AspectDet(h=1.20,v=0.50)+GradSplit(th=10.0,vf=0.05)                    | ✗ 11 fail
[3907/6590] AspectDet(h=1.20,v=0.50)+GradSplit(th=10.0,vf=0.06)                    | ✗ 11 fail
[3908/6590] AspectDet(h=1.20,v=0.50)+GradSplit(th=10.0,vf=0.07)                    | ✗ 11 fail
[3909/6590] AspectDet(h=1.20,v=0.50)+GradSplit(th=11.0,vf=0.04)                    | ✗ 11 fail
[3910/6590] AspectDet(h=1.20,v=0.50)+GradSplit(th=11.0,vf=0.05)                    | ✗ 11 fail
[3911/6590] AspectDet(h=1.20,v=0.50)+GradSplit(th=11.0,vf=0.06)                    | ✗ 11 fail
[3912/6590] AspectDet(h=1.20,v=0.50)+GradSplit(th=11.0,vf=0.07)                    | ✗ 11 fail
[3913/6590] AspectDet(h=1.20,v=0.50)+HistoSplit(bins=8)                            | ✗ 11 fail
[3914/6590] AspectDet(h=1.20,v=0.50)+HistoSplit(bins=12)                           | ✗ 11 fail
[3915/6590] AspectDet(h=1.20,v=0.50)+HistoSplit(bins=16)                           | ✗ 11 fail
[3916/6590] AspectDet(h=1.20,v=0.50)+HistoSplit(bins=20)                           | ✗ 11 fail
[3917/6590] AspectDet(h=1.20,v=0.50)+EdgeSplit(low=20,high=80)                     | ✗ 11 fail
[3918/6590] AspectDet(h=1.20,v=0.50)+EdgeSplit(low=30,high=100)                    | ✗ 11 fail
[3919/6590] AspectDet(h=1.20,v=0.50)+EdgeSplit(low=40,high=120)                    | ✗ 11 fail
[3920/6590] AspectDet(h=1.20,v=0.50)+EdgeSplit(low=50,high=150)                    | ✗ 11 fail
[3921/6590] AspectDet(h=1.20,v=0.55)+GradSplit(th=7.0,vf=0.04)                     | ✗ 11 fail
[3922/6590] AspectDet(h=1.20,v=0.55)+GradSplit(th=7.0,vf=0.05)                     | ✗ 11 fail
[3923/6590] AspectDet(h=1.20,v=0.55)+GradSplit(th=7.0,vf=0.06)                     | ✗ 11 fail
[3924/6590] AspectDet(h=1.20,v=0.55)+GradSplit(th=7.0,vf=0.07)                     | ✗ 11 fail
[3925/6590] AspectDet(h=1.20,v=0.55)+GradSplit(th=8.0,vf=0.04)                     | ✗ 11 fail
[3926/6590] AspectDet(h=1.20,v=0.55)+GradSplit(th=8.0,vf=0.05)                     | ✗ 11 fail
[3927/6590] AspectDet(h=1.20,v=0.55)+GradSplit(th=8.0,vf=0.06)                     | ✗ 11 fail
[3928/6590] AspectDet(h=1.20,v=0.55)+GradSplit(th=8.0,vf=0.07)                     | ✗ 11 fail
[3929/6590] AspectDet(h=1.20,v=0.55)+GradSplit(th=8.5,vf=0.04)                     | ✗ 11 fail
[3930/6590] AspectDet(h=1.20,v=0.55)+GradSplit(th=8.5,vf=0.05)                     | ✗ 11 fail
[3931/6590] AspectDet(h=1.20,v=0.55)+GradSplit(th=8.5,vf=0.06)                     | ✗ 11 fail
[3932/6590] AspectDet(h=1.20,v=0.55)+GradSplit(th=8.5,vf=0.07)                     | ✗ 11 fail
[3933/6590] AspectDet(h=1.20,v=0.55)+GradSplit(th=9.0,vf=0.04)                     | ✗ 11 fail
[3934/6590] AspectDet(h=1.20,v=0.55)+GradSplit(th=9.0,vf=0.05)                     | ✗ 11 fail
[3935/6590] AspectDet(h=1.20,v=0.55)+GradSplit(th=9.0,vf=0.06)                     | ✗ 11 fail
[3936/6590] AspectDet(h=1.20,v=0.55)+GradSplit(th=9.0,vf=0.07)                     | ✗ 11 fail
[3937/6590] AspectDet(h=1.20,v=0.55)+GradSplit(th=10.0,vf=0.04)                    | ✗ 11 fail
[3938/6590] AspectDet(h=1.20,v=0.55)+GradSplit(th=10.0,vf=0.05)                    | ✗ 11 fail
[3939/6590] AspectDet(h=1.20,v=0.55)+GradSplit(th=10.0,vf=0.06)                    | ✗ 11 fail
[3940/6590] AspectDet(h=1.20,v=0.55)+GradSplit(th=10.0,vf=0.07)                    | ✗ 11 fail
[3941/6590] AspectDet(h=1.20,v=0.55)+GradSplit(th=11.0,vf=0.04)                    | ✗ 11 fail
[3942/6590] AspectDet(h=1.20,v=0.55)+GradSplit(th=11.0,vf=0.05)                    | ✗ 11 fail
[3943/6590] AspectDet(h=1.20,v=0.55)+GradSplit(th=11.0,vf=0.06)                    | ✗ 11 fail
[3944/6590] AspectDet(h=1.20,v=0.55)+GradSplit(th=11.0,vf=0.07)                    | ✗ 11 fail
[3945/6590] AspectDet(h=1.20,v=0.55)+HistoSplit(bins=8)                            | ✗ 11 fail
[3946/6590] AspectDet(h=1.20,v=0.55)+HistoSplit(bins=12)                           | ✗ 11 fail
[3947/6590] AspectDet(h=1.20,v=0.55)+HistoSplit(bins=16)                           | ✗ 11 fail
[3948/6590] AspectDet(h=1.20,v=0.55)+HistoSplit(bins=20)                           | ✗ 11 fail
[3949/6590] AspectDet(h=1.20,v=0.55)+EdgeSplit(low=20,high=80)                     | ✗ 11 fail
[3950/6590] AspectDet(h=1.20,v=0.55)+EdgeSplit(low=30,high=100)                    | ✗ 11 fail
[3951/6590] AspectDet(h=1.20,v=0.55)+EdgeSplit(low=40,high=120)                    | ✗ 11 fail
[3952/6590] AspectDet(h=1.20,v=0.55)+EdgeSplit(low=50,high=150)                    | ✗ 11 fail
[3953/6590] AspectDet(h=1.20,v=0.60)+GradSplit(th=7.0,vf=0.04)                     | ✗ 13 fail
[3954/6590] AspectDet(h=1.20,v=0.60)+GradSplit(th=7.0,vf=0.05)                     | ✗ 13 fail
[3955/6590] AspectDet(h=1.20,v=0.60)+GradSplit(th=7.0,vf=0.06)                     | ✗ 13 fail
[3956/6590] AspectDet(h=1.20,v=0.60)+GradSplit(th=7.0,vf=0.07)                     | ✗ 13 fail
[3957/6590] AspectDet(h=1.20,v=0.60)+GradSplit(th=8.0,vf=0.04)                     | ✗ 13 fail
[3958/6590] AspectDet(h=1.20,v=0.60)+GradSplit(th=8.0,vf=0.05)                     | ✗ 13 fail
[3959/6590] AspectDet(h=1.20,v=0.60)+GradSplit(th=8.0,vf=0.06)                     | ✗ 13 fail
[3960/6590] AspectDet(h=1.20,v=0.60)+GradSplit(th=8.0,vf=0.07)                     | ✗ 13 fail
[3961/6590] AspectDet(h=1.20,v=0.60)+GradSplit(th=8.5,vf=0.04)                     | ✗ 13 fail
[3962/6590] AspectDet(h=1.20,v=0.60)+GradSplit(th=8.5,vf=0.05)                     | ✗ 13 fail
[3963/6590] AspectDet(h=1.20,v=0.60)+GradSplit(th=8.5,vf=0.06)                     | ✗ 13 fail
[3964/6590] AspectDet(h=1.20,v=0.60)+GradSplit(th=8.5,vf=0.07)                     | ✗ 13 fail
[3965/6590] AspectDet(h=1.20,v=0.60)+GradSplit(th=9.0,vf=0.04)                     | ✗ 13 fail
[3966/6590] AspectDet(h=1.20,v=0.60)+GradSplit(th=9.0,vf=0.05)                     | ✗ 13 fail
[3967/6590] AspectDet(h=1.20,v=0.60)+GradSplit(th=9.0,vf=0.06)                     | ✗ 13 fail
[3968/6590] AspectDet(h=1.20,v=0.60)+GradSplit(th=9.0,vf=0.07)                     | ✗ 13 fail
[3969/6590] AspectDet(h=1.20,v=0.60)+GradSplit(th=10.0,vf=0.04)                    | ✗ 13 fail
[3970/6590] AspectDet(h=1.20,v=0.60)+GradSplit(th=10.0,vf=0.05)                    | ✗ 13 fail
[3971/6590] AspectDet(h=1.20,v=0.60)+GradSplit(th=10.0,vf=0.06)                    | ✗ 13 fail
[3972/6590] AspectDet(h=1.20,v=0.60)+GradSplit(th=10.0,vf=0.07)                    | ✗ 13 fail
[3973/6590] AspectDet(h=1.20,v=0.60)+GradSplit(th=11.0,vf=0.04)                    | ✗ 13 fail
[3974/6590] AspectDet(h=1.20,v=0.60)+GradSplit(th=11.0,vf=0.05)                    | ✗ 13 fail
[3975/6590] AspectDet(h=1.20,v=0.60)+GradSplit(th=11.0,vf=0.06)                    | ✗ 13 fail
[3976/6590] AspectDet(h=1.20,v=0.60)+GradSplit(th=11.0,vf=0.07)                    | ✗ 13 fail
[3977/6590] AspectDet(h=1.20,v=0.60)+HistoSplit(bins=8)                            | ✗ 13 fail
[3978/6590] AspectDet(h=1.20,v=0.60)+HistoSplit(bins=12)                           | ✗ 13 fail
[3979/6590] AspectDet(h=1.20,v=0.60)+HistoSplit(bins=16)                           | ✗ 13 fail
[3980/6590] AspectDet(h=1.20,v=0.60)+HistoSplit(bins=20)                           | ✗ 13 fail
[3981/6590] AspectDet(h=1.20,v=0.60)+EdgeSplit(low=20,high=80)                     | ✗ 13 fail
[3982/6590] AspectDet(h=1.20,v=0.60)+EdgeSplit(low=30,high=100)                    | ✗ 13 fail
[3983/6590] AspectDet(h=1.20,v=0.60)+EdgeSplit(low=40,high=120)                    | ✗ 13 fail
[3984/6590] AspectDet(h=1.20,v=0.60)+EdgeSplit(low=50,high=150)                    | ✗ 13 fail
[3985/6590] AspectDet(h=1.20,v=0.65)+GradSplit(th=7.0,vf=0.04)                     | ✗ 14 fail
[3986/6590] AspectDet(h=1.20,v=0.65)+GradSplit(th=7.0,vf=0.05)                     | ✗ 14 fail
[3987/6590] AspectDet(h=1.20,v=0.65)+GradSplit(th=7.0,vf=0.06)                     | ✗ 14 fail
[3988/6590] AspectDet(h=1.20,v=0.65)+GradSplit(th=7.0,vf=0.07)                     | ✗ 14 fail
[3989/6590] AspectDet(h=1.20,v=0.65)+GradSplit(th=8.0,vf=0.04)                     | ✗ 14 fail
[3990/6590] AspectDet(h=1.20,v=0.65)+GradSplit(th=8.0,vf=0.05)                     | ✗ 14 fail
[3991/6590] AspectDet(h=1.20,v=0.65)+GradSplit(th=8.0,vf=0.06)                     | ✗ 14 fail
[3992/6590] AspectDet(h=1.20,v=0.65)+GradSplit(th=8.0,vf=0.07)                     | ✗ 14 fail
[3993/6590] AspectDet(h=1.20,v=0.65)+GradSplit(th=8.5,vf=0.04)                     | ✗ 14 fail
[3994/6590] AspectDet(h=1.20,v=0.65)+GradSplit(th=8.5,vf=0.05)                     | ✗ 14 fail
[3995/6590] AspectDet(h=1.20,v=0.65)+GradSplit(th=8.5,vf=0.06)                     | ✗ 14 fail
[3996/6590] AspectDet(h=1.20,v=0.65)+GradSplit(th=8.5,vf=0.07)                     | ✗ 14 fail
[3997/6590] AspectDet(h=1.20,v=0.65)+GradSplit(th=9.0,vf=0.04)                     | ✗ 14 fail
[3998/6590] AspectDet(h=1.20,v=0.65)+GradSplit(th=9.0,vf=0.05)                     | ✗ 14 fail
[3999/6590] AspectDet(h=1.20,v=0.65)+GradSplit(th=9.0,vf=0.06)                     | ✗ 14 fail
[4000/6590] AspectDet(h=1.20,v=0.65)+GradSplit(th=9.0,vf=0.07)                     | ✗ 14 fail
[4001/6590] AspectDet(h=1.20,v=0.65)+GradSplit(th=10.0,vf=0.04)                    | ✗ 14 fail
[4002/6590] AspectDet(h=1.20,v=0.65)+GradSplit(th=10.0,vf=0.05)                    | ✗ 14 fail
[4003/6590] AspectDet(h=1.20,v=0.65)+GradSplit(th=10.0,vf=0.06)                    | ✗ 14 fail
[4004/6590] AspectDet(h=1.20,v=0.65)+GradSplit(th=10.0,vf=0.07)                    | ✗ 14 fail
[4005/6590] AspectDet(h=1.20,v=0.65)+GradSplit(th=11.0,vf=0.04)                    | ✗ 14 fail
[4006/6590] AspectDet(h=1.20,v=0.65)+GradSplit(th=11.0,vf=0.05)                    | ✗ 14 fail
[4007/6590] AspectDet(h=1.20,v=0.65)+GradSplit(th=11.0,vf=0.06)                    | ✗ 14 fail
[4008/6590] AspectDet(h=1.20,v=0.65)+GradSplit(th=11.0,vf=0.07)                    | ✗ 14 fail
[4009/6590] AspectDet(h=1.20,v=0.65)+HistoSplit(bins=8)                            | ✗ 14 fail
[4010/6590] AspectDet(h=1.20,v=0.65)+HistoSplit(bins=12)                           | ✗ 14 fail
[4011/6590] AspectDet(h=1.20,v=0.65)+HistoSplit(bins=16)                           | ✗ 14 fail
[4012/6590] AspectDet(h=1.20,v=0.65)+HistoSplit(bins=20)                           | ✗ 14 fail
[4013/6590] AspectDet(h=1.20,v=0.65)+EdgeSplit(low=20,high=80)                     | ✗ 14 fail
[4014/6590] AspectDet(h=1.20,v=0.65)+EdgeSplit(low=30,high=100)                    | ✗ 14 fail
[4015/6590] AspectDet(h=1.20,v=0.65)+EdgeSplit(low=40,high=120)                    | ✗ 14 fail
[4016/6590] AspectDet(h=1.20,v=0.65)+EdgeSplit(low=50,high=150)                    | ✗ 14 fail
[4017/6590] AspectDet(h=1.20,v=0.70)+GradSplit(th=7.0,vf=0.04)                     | ✗ 12 fail
[4018/6590] AspectDet(h=1.20,v=0.70)+GradSplit(th=7.0,vf=0.05)                     | ✗ 12 fail
[4019/6590] AspectDet(h=1.20,v=0.70)+GradSplit(th=7.0,vf=0.06)                     | ✗ 12 fail
[4020/6590] AspectDet(h=1.20,v=0.70)+GradSplit(th=7.0,vf=0.07)                     | ✗ 12 fail
[4021/6590] AspectDet(h=1.20,v=0.70)+GradSplit(th=8.0,vf=0.04)                     | ✗ 12 fail
[4022/6590] AspectDet(h=1.20,v=0.70)+GradSplit(th=8.0,vf=0.05)                     | ✗ 12 fail
[4023/6590] AspectDet(h=1.20,v=0.70)+GradSplit(th=8.0,vf=0.06)                     | ✗ 12 fail
[4024/6590] AspectDet(h=1.20,v=0.70)+GradSplit(th=8.0,vf=0.07)                     | ✗ 12 fail
[4025/6590] AspectDet(h=1.20,v=0.70)+GradSplit(th=8.5,vf=0.04)                     | ✗ 12 fail
[4026/6590] AspectDet(h=1.20,v=0.70)+GradSplit(th=8.5,vf=0.05)                     | ✗ 12 fail
[4027/6590] AspectDet(h=1.20,v=0.70)+GradSplit(th=8.5,vf=0.06)                     | ✗ 12 fail
[4028/6590] AspectDet(h=1.20,v=0.70)+GradSplit(th=8.5,vf=0.07)                     | ✗ 12 fail
[4029/6590] AspectDet(h=1.20,v=0.70)+GradSplit(th=9.0,vf=0.04)                     | ✗ 12 fail
[4030/6590] AspectDet(h=1.20,v=0.70)+GradSplit(th=9.0,vf=0.05)                     | ✗ 12 fail
[4031/6590] AspectDet(h=1.20,v=0.70)+GradSplit(th=9.0,vf=0.06)                     | ✗ 12 fail
[4032/6590] AspectDet(h=1.20,v=0.70)+GradSplit(th=9.0,vf=0.07)                     | ✗ 12 fail
[4033/6590] AspectDet(h=1.20,v=0.70)+GradSplit(th=10.0,vf=0.04)                    | ✗ 12 fail
[4034/6590] AspectDet(h=1.20,v=0.70)+GradSplit(th=10.0,vf=0.05)                    | ✗ 12 fail
[4035/6590] AspectDet(h=1.20,v=0.70)+GradSplit(th=10.0,vf=0.06)                    | ✗ 12 fail
[4036/6590] AspectDet(h=1.20,v=0.70)+GradSplit(th=10.0,vf=0.07)                    | ✗ 12 fail
[4037/6590] AspectDet(h=1.20,v=0.70)+GradSplit(th=11.0,vf=0.04)                    | ✗ 12 fail
[4038/6590] AspectDet(h=1.20,v=0.70)+GradSplit(th=11.0,vf=0.05)                    | ✗ 12 fail
[4039/6590] AspectDet(h=1.20,v=0.70)+GradSplit(th=11.0,vf=0.06)                    | ✗ 12 fail
[4040/6590] AspectDet(h=1.20,v=0.70)+GradSplit(th=11.0,vf=0.07)                    | ✗ 12 fail
[4041/6590] AspectDet(h=1.20,v=0.70)+HistoSplit(bins=8)                            | ✗ 12 fail
[4042/6590] AspectDet(h=1.20,v=0.70)+HistoSplit(bins=12)                           | ✗ 12 fail
[4043/6590] AspectDet(h=1.20,v=0.70)+HistoSplit(bins=16)                           | ✗ 12 fail
[4044/6590] AspectDet(h=1.20,v=0.70)+HistoSplit(bins=20)                           | ✗ 12 fail
[4045/6590] AspectDet(h=1.20,v=0.70)+EdgeSplit(low=20,high=80)                     | ✗ 12 fail
[4046/6590] AspectDet(h=1.20,v=0.70)+EdgeSplit(low=30,high=100)                    | ✗ 12 fail
[4047/6590] AspectDet(h=1.20,v=0.70)+EdgeSplit(low=40,high=120)                    | ✗ 12 fail
[4048/6590] AspectDet(h=1.20,v=0.70)+EdgeSplit(low=50,high=150)                    | ✗ 12 fail
[4049/6590] AspectDet(h=1.20,v=0.75)+GradSplit(th=7.0,vf=0.04)                     | ✗ 14 fail
[4050/6590] AspectDet(h=1.20,v=0.75)+GradSplit(th=7.0,vf=0.05)                     | ✗ 14 fail
[4051/6590] AspectDet(h=1.20,v=0.75)+GradSplit(th=7.0,vf=0.06)                     | ✗ 14 fail
[4052/6590] AspectDet(h=1.20,v=0.75)+GradSplit(th=7.0,vf=0.07)                     | ✗ 14 fail
[4053/6590] AspectDet(h=1.20,v=0.75)+GradSplit(th=8.0,vf=0.04)                     | ✗ 14 fail
[4054/6590] AspectDet(h=1.20,v=0.75)+GradSplit(th=8.0,vf=0.05)                     | ✗ 14 fail
[4055/6590] AspectDet(h=1.20,v=0.75)+GradSplit(th=8.0,vf=0.06)                     | ✗ 14 fail
[4056/6590] AspectDet(h=1.20,v=0.75)+GradSplit(th=8.0,vf=0.07)                     | ✗ 14 fail
[4057/6590] AspectDet(h=1.20,v=0.75)+GradSplit(th=8.5,vf=0.04)                     | ✗ 14 fail
[4058/6590] AspectDet(h=1.20,v=0.75)+GradSplit(th=8.5,vf=0.05)                     | ✗ 14 fail
[4059/6590] AspectDet(h=1.20,v=0.75)+GradSplit(th=8.5,vf=0.06)                     | ✗ 14 fail
[4060/6590] AspectDet(h=1.20,v=0.75)+GradSplit(th=8.5,vf=0.07)                     | ✗ 14 fail
[4061/6590] AspectDet(h=1.20,v=0.75)+GradSplit(th=9.0,vf=0.04)                     | ✗ 14 fail
[4062/6590] AspectDet(h=1.20,v=0.75)+GradSplit(th=9.0,vf=0.05)                     | ✗ 14 fail
[4063/6590] AspectDet(h=1.20,v=0.75)+GradSplit(th=9.0,vf=0.06)                     | ✗ 14 fail
[4064/6590] AspectDet(h=1.20,v=0.75)+GradSplit(th=9.0,vf=0.07)                     | ✗ 14 fail
[4065/6590] AspectDet(h=1.20,v=0.75)+GradSplit(th=10.0,vf=0.04)                    | ✗ 14 fail
[4066/6590] AspectDet(h=1.20,v=0.75)+GradSplit(th=10.0,vf=0.05)                    | ✗ 14 fail
[4067/6590] AspectDet(h=1.20,v=0.75)+GradSplit(th=10.0,vf=0.06)                    | ✗ 14 fail
[4068/6590] AspectDet(h=1.20,v=0.75)+GradSplit(th=10.0,vf=0.07)                    | ✗ 14 fail
[4069/6590] AspectDet(h=1.20,v=0.75)+GradSplit(th=11.0,vf=0.04)                    | ✗ 14 fail
[4070/6590] AspectDet(h=1.20,v=0.75)+GradSplit(th=11.0,vf=0.05)                    | ✗ 14 fail
[4071/6590] AspectDet(h=1.20,v=0.75)+GradSplit(th=11.0,vf=0.06)                    | ✗ 14 fail
[4072/6590] AspectDet(h=1.20,v=0.75)+GradSplit(th=11.0,vf=0.07)                    | ✗ 14 fail
[4073/6590] AspectDet(h=1.20,v=0.75)+HistoSplit(bins=8)                            | ✗ 14 fail
[4074/6590] AspectDet(h=1.20,v=0.75)+HistoSplit(bins=12)                           | ✗ 14 fail
[4075/6590] AspectDet(h=1.20,v=0.75)+HistoSplit(bins=16)                           | ✗ 14 fail
[4076/6590] AspectDet(h=1.20,v=0.75)+HistoSplit(bins=20)                           | ✗ 14 fail
[4077/6590] AspectDet(h=1.20,v=0.75)+EdgeSplit(low=20,high=80)                     | ✗ 14 fail
[4078/6590] AspectDet(h=1.20,v=0.75)+EdgeSplit(low=30,high=100)                    | ✗ 14 fail
[4079/6590] AspectDet(h=1.20,v=0.75)+EdgeSplit(low=40,high=120)                    | ✗ 14 fail
[4080/6590] AspectDet(h=1.20,v=0.75)+EdgeSplit(low=50,high=150)                    | ✗ 14 fail
[4081/6590] AspectDet(h=1.20,v=0.80)+GradSplit(th=7.0,vf=0.04)                     | ✗ 16 fail
[4082/6590] AspectDet(h=1.20,v=0.80)+GradSplit(th=7.0,vf=0.05)                     | ✗ 16 fail
[4083/6590] AspectDet(h=1.20,v=0.80)+GradSplit(th=7.0,vf=0.06)                     | ✗ 16 fail
[4084/6590] AspectDet(h=1.20,v=0.80)+GradSplit(th=7.0,vf=0.07)                     | ✗ 16 fail
[4085/6590] AspectDet(h=1.20,v=0.80)+GradSplit(th=8.0,vf=0.04)                     | ✗ 16 fail
[4086/6590] AspectDet(h=1.20,v=0.80)+GradSplit(th=8.0,vf=0.05)                     | ✗ 16 fail
[4087/6590] AspectDet(h=1.20,v=0.80)+GradSplit(th=8.0,vf=0.06)                     | ✗ 16 fail
[4088/6590] AspectDet(h=1.20,v=0.80)+GradSplit(th=8.0,vf=0.07)                     | ✗ 16 fail
[4089/6590] AspectDet(h=1.20,v=0.80)+GradSplit(th=8.5,vf=0.04)                     | ✗ 16 fail
[4090/6590] AspectDet(h=1.20,v=0.80)+GradSplit(th=8.5,vf=0.05)                     | ✗ 16 fail
[4091/6590] AspectDet(h=1.20,v=0.80)+GradSplit(th=8.5,vf=0.06)                     | ✗ 16 fail
[4092/6590] AspectDet(h=1.20,v=0.80)+GradSplit(th=8.5,vf=0.07)                     | ✗ 16 fail
[4093/6590] AspectDet(h=1.20,v=0.80)+GradSplit(th=9.0,vf=0.04)                     | ✗ 16 fail
[4094/6590] AspectDet(h=1.20,v=0.80)+GradSplit(th=9.0,vf=0.05)                     | ✗ 16 fail
[4095/6590] AspectDet(h=1.20,v=0.80)+GradSplit(th=9.0,vf=0.06)                     | ✗ 16 fail
[4096/6590] AspectDet(h=1.20,v=0.80)+GradSplit(th=9.0,vf=0.07)                     | ✗ 16 fail
[4097/6590] AspectDet(h=1.20,v=0.80)+GradSplit(th=10.0,vf=0.04)                    | ✗ 16 fail
[4098/6590] AspectDet(h=1.20,v=0.80)+GradSplit(th=10.0,vf=0.05)                    | ✗ 16 fail
[4099/6590] AspectDet(h=1.20,v=0.80)+GradSplit(th=10.0,vf=0.06)                    | ✗ 16 fail
[4100/6590] AspectDet(h=1.20,v=0.80)+GradSplit(th=10.0,vf=0.07)                    | ✗ 16 fail
[4101/6590] AspectDet(h=1.20,v=0.80)+GradSplit(th=11.0,vf=0.04)                    | ✗ 16 fail
[4102/6590] AspectDet(h=1.20,v=0.80)+GradSplit(th=11.0,vf=0.05)                    | ✗ 16 fail
[4103/6590] AspectDet(h=1.20,v=0.80)+GradSplit(th=11.0,vf=0.06)                    | ✗ 16 fail
[4104/6590] AspectDet(h=1.20,v=0.80)+GradSplit(th=11.0,vf=0.07)                    | ✗ 16 fail
[4105/6590] AspectDet(h=1.20,v=0.80)+HistoSplit(bins=8)                            | ✗ 16 fail
[4106/6590] AspectDet(h=1.20,v=0.80)+HistoSplit(bins=12)                           | ✗ 16 fail
[4107/6590] AspectDet(h=1.20,v=0.80)+HistoSplit(bins=16)                           | ✗ 16 fail
[4108/6590] AspectDet(h=1.20,v=0.80)+HistoSplit(bins=20)                           | ✗ 16 fail
[4109/6590] AspectDet(h=1.20,v=0.80)+EdgeSplit(low=20,high=80)                     | ✗ 16 fail
[4110/6590] AspectDet(h=1.20,v=0.80)+EdgeSplit(low=30,high=100)                    | ✗ 16 fail
[4111/6590] AspectDet(h=1.20,v=0.80)+EdgeSplit(low=40,high=120)                    | ✗ 16 fail
[4112/6590] AspectDet(h=1.20,v=0.80)+EdgeSplit(low=50,high=150)                    | ✗ 16 fail
[4113/6590] AspectDet(h=1.30,v=0.50)+GradSplit(th=7.0,vf=0.04)                     | ✗ 9 fail
[4114/6590] AspectDet(h=1.30,v=0.50)+GradSplit(th=7.0,vf=0.05)                     | ✗ 9 fail
[4115/6590] AspectDet(h=1.30,v=0.50)+GradSplit(th=7.0,vf=0.06)                     | ✗ 9 fail
[4116/6590] AspectDet(h=1.30,v=0.50)+GradSplit(th=7.0,vf=0.07)                     | ✗ 9 fail
[4117/6590] AspectDet(h=1.30,v=0.50)+GradSplit(th=8.0,vf=0.04)                     | ✗ 9 fail
[4118/6590] AspectDet(h=1.30,v=0.50)+GradSplit(th=8.0,vf=0.05)                     | ✗ 9 fail
[4119/6590] AspectDet(h=1.30,v=0.50)+GradSplit(th=8.0,vf=0.06)                     | ✗ 9 fail
[4120/6590] AspectDet(h=1.30,v=0.50)+GradSplit(th=8.0,vf=0.07)                     | ✗ 9 fail
[4121/6590] AspectDet(h=1.30,v=0.50)+GradSplit(th=8.5,vf=0.04)                     | ✗ 9 fail
[4122/6590] AspectDet(h=1.30,v=0.50)+GradSplit(th=8.5,vf=0.05)                     | ✗ 9 fail
[4123/6590] AspectDet(h=1.30,v=0.50)+GradSplit(th=8.5,vf=0.06)                     | ✗ 9 fail
[4124/6590] AspectDet(h=1.30,v=0.50)+GradSplit(th=8.5,vf=0.07)                     | ✗ 9 fail
[4125/6590] AspectDet(h=1.30,v=0.50)+GradSplit(th=9.0,vf=0.04)                     | ✗ 9 fail
[4126/6590] AspectDet(h=1.30,v=0.50)+GradSplit(th=9.0,vf=0.05)                     | ✗ 9 fail
[4127/6590] AspectDet(h=1.30,v=0.50)+GradSplit(th=9.0,vf=0.06)                     | ✗ 9 fail
[4128/6590] AspectDet(h=1.30,v=0.50)+GradSplit(th=9.0,vf=0.07)                     | ✗ 9 fail
[4129/6590] AspectDet(h=1.30,v=0.50)+GradSplit(th=10.0,vf=0.04)                    | ✗ 9 fail
[4130/6590] AspectDet(h=1.30,v=0.50)+GradSplit(th=10.0,vf=0.05)                    | ✗ 9 fail
[4131/6590] AspectDet(h=1.30,v=0.50)+GradSplit(th=10.0,vf=0.06)                    | ✗ 9 fail
[4132/6590] AspectDet(h=1.30,v=0.50)+GradSplit(th=10.0,vf=0.07)                    | ✗ 9 fail
[4133/6590] AspectDet(h=1.30,v=0.50)+GradSplit(th=11.0,vf=0.04)                    | ✗ 9 fail
[4134/6590] AspectDet(h=1.30,v=0.50)+GradSplit(th=11.0,vf=0.05)                    | ✗ 9 fail
[4135/6590] AspectDet(h=1.30,v=0.50)+GradSplit(th=11.0,vf=0.06)                    | ✗ 9 fail
[4136/6590] AspectDet(h=1.30,v=0.50)+GradSplit(th=11.0,vf=0.07)                    | ✗ 9 fail
[4137/6590] AspectDet(h=1.30,v=0.50)+HistoSplit(bins=8)                            | ✗ 9 fail
[4138/6590] AspectDet(h=1.30,v=0.50)+HistoSplit(bins=12)                           | ✗ 9 fail
[4139/6590] AspectDet(h=1.30,v=0.50)+HistoSplit(bins=16)                           | ✗ 9 fail
[4140/6590] AspectDet(h=1.30,v=0.50)+HistoSplit(bins=20)                           | ✗ 9 fail
[4141/6590] AspectDet(h=1.30,v=0.50)+EdgeSplit(low=20,high=80)                     | ✗ 9 fail
[4142/6590] AspectDet(h=1.30,v=0.50)+EdgeSplit(low=30,high=100)                    | ✗ 9 fail
[4143/6590] AspectDet(h=1.30,v=0.50)+EdgeSplit(low=40,high=120)                    | ✗ 9 fail
[4144/6590] AspectDet(h=1.30,v=0.50)+EdgeSplit(low=50,high=150)                    | ✗ 9 fail
[4145/6590] AspectDet(h=1.30,v=0.55)+GradSplit(th=7.0,vf=0.04)                     | ✗ 9 fail
[4146/6590] AspectDet(h=1.30,v=0.55)+GradSplit(th=7.0,vf=0.05)                     | ✗ 9 fail
[4147/6590] AspectDet(h=1.30,v=0.55)+GradSplit(th=7.0,vf=0.06)                     | ✗ 9 fail
[4148/6590] AspectDet(h=1.30,v=0.55)+GradSplit(th=7.0,vf=0.07)                     | ✗ 9 fail
[4149/6590] AspectDet(h=1.30,v=0.55)+GradSplit(th=8.0,vf=0.04)                     | ✗ 9 fail
[4150/6590] AspectDet(h=1.30,v=0.55)+GradSplit(th=8.0,vf=0.05)                     | ✗ 9 fail
[4151/6590] AspectDet(h=1.30,v=0.55)+GradSplit(th=8.0,vf=0.06)                     | ✗ 9 fail
[4152/6590] AspectDet(h=1.30,v=0.55)+GradSplit(th=8.0,vf=0.07)                     | ✗ 9 fail
[4153/6590] AspectDet(h=1.30,v=0.55)+GradSplit(th=8.5,vf=0.04)                     | ✗ 9 fail
[4154/6590] AspectDet(h=1.30,v=0.55)+GradSplit(th=8.5,vf=0.05)                     | ✗ 9 fail
[4155/6590] AspectDet(h=1.30,v=0.55)+GradSplit(th=8.5,vf=0.06)                     | ✗ 9 fail
[4156/6590] AspectDet(h=1.30,v=0.55)+GradSplit(th=8.5,vf=0.07)                     | ✗ 9 fail
[4157/6590] AspectDet(h=1.30,v=0.55)+GradSplit(th=9.0,vf=0.04)                     | ✗ 9 fail
[4158/6590] AspectDet(h=1.30,v=0.55)+GradSplit(th=9.0,vf=0.05)                     | ✗ 9 fail
[4159/6590] AspectDet(h=1.30,v=0.55)+GradSplit(th=9.0,vf=0.06)                     | ✗ 9 fail
[4160/6590] AspectDet(h=1.30,v=0.55)+GradSplit(th=9.0,vf=0.07)                     | ✗ 9 fail
[4161/6590] AspectDet(h=1.30,v=0.55)+GradSplit(th=10.0,vf=0.04)                    | ✗ 9 fail
[4162/6590] AspectDet(h=1.30,v=0.55)+GradSplit(th=10.0,vf=0.05)                    | ✗ 9 fail
[4163/6590] AspectDet(h=1.30,v=0.55)+GradSplit(th=10.0,vf=0.06)                    | ✗ 9 fail
[4164/6590] AspectDet(h=1.30,v=0.55)+GradSplit(th=10.0,vf=0.07)                    | ✗ 9 fail
[4165/6590] AspectDet(h=1.30,v=0.55)+GradSplit(th=11.0,vf=0.04)                    | ✗ 9 fail
[4166/6590] AspectDet(h=1.30,v=0.55)+GradSplit(th=11.0,vf=0.05)                    | ✗ 9 fail
[4167/6590] AspectDet(h=1.30,v=0.55)+GradSplit(th=11.0,vf=0.06)                    | ✗ 9 fail
[4168/6590] AspectDet(h=1.30,v=0.55)+GradSplit(th=11.0,vf=0.07)                    | ✗ 9 fail
[4169/6590] AspectDet(h=1.30,v=0.55)+HistoSplit(bins=8)                            | ✗ 9 fail
[4170/6590] AspectDet(h=1.30,v=0.55)+HistoSplit(bins=12)                           | ✗ 9 fail
[4171/6590] AspectDet(h=1.30,v=0.55)+HistoSplit(bins=16)                           | ✗ 9 fail
[4172/6590] AspectDet(h=1.30,v=0.55)+HistoSplit(bins=20)                           | ✗ 9 fail
[4173/6590] AspectDet(h=1.30,v=0.55)+EdgeSplit(low=20,high=80)                     | ✗ 9 fail
[4174/6590] AspectDet(h=1.30,v=0.55)+EdgeSplit(low=30,high=100)                    | ✗ 9 fail
[4175/6590] AspectDet(h=1.30,v=0.55)+EdgeSplit(low=40,high=120)                    | ✗ 9 fail
[4176/6590] AspectDet(h=1.30,v=0.55)+EdgeSplit(low=50,high=150)                    | ✗ 9 fail
[4177/6590] AspectDet(h=1.30,v=0.60)+GradSplit(th=7.0,vf=0.04)                     | ✗ 11 fail
[4178/6590] AspectDet(h=1.30,v=0.60)+GradSplit(th=7.0,vf=0.05)                     | ✗ 11 fail
[4179/6590] AspectDet(h=1.30,v=0.60)+GradSplit(th=7.0,vf=0.06)                     | ✗ 11 fail
[4180/6590] AspectDet(h=1.30,v=0.60)+GradSplit(th=7.0,vf=0.07)                     | ✗ 11 fail
[4181/6590] AspectDet(h=1.30,v=0.60)+GradSplit(th=8.0,vf=0.04)                     | ✗ 11 fail
[4182/6590] AspectDet(h=1.30,v=0.60)+GradSplit(th=8.0,vf=0.05)                     | ✗ 11 fail
[4183/6590] AspectDet(h=1.30,v=0.60)+GradSplit(th=8.0,vf=0.06)                     | ✗ 11 fail
[4184/6590] AspectDet(h=1.30,v=0.60)+GradSplit(th=8.0,vf=0.07)                     | ✗ 11 fail
[4185/6590] AspectDet(h=1.30,v=0.60)+GradSplit(th=8.5,vf=0.04)                     | ✗ 11 fail
[4186/6590] AspectDet(h=1.30,v=0.60)+GradSplit(th=8.5,vf=0.05)                     | ✗ 11 fail
[4187/6590] AspectDet(h=1.30,v=0.60)+GradSplit(th=8.5,vf=0.06)                     | ✗ 11 fail
[4188/6590] AspectDet(h=1.30,v=0.60)+GradSplit(th=8.5,vf=0.07)                     | ✗ 11 fail
[4189/6590] AspectDet(h=1.30,v=0.60)+GradSplit(th=9.0,vf=0.04)                     | ✗ 11 fail
[4190/6590] AspectDet(h=1.30,v=0.60)+GradSplit(th=9.0,vf=0.05)                     | ✗ 11 fail
[4191/6590] AspectDet(h=1.30,v=0.60)+GradSplit(th=9.0,vf=0.06)                     | ✗ 11 fail
[4192/6590] AspectDet(h=1.30,v=0.60)+GradSplit(th=9.0,vf=0.07)                     | ✗ 11 fail
[4193/6590] AspectDet(h=1.30,v=0.60)+GradSplit(th=10.0,vf=0.04)                    | ✗ 11 fail
[4194/6590] AspectDet(h=1.30,v=0.60)+GradSplit(th=10.0,vf=0.05)                    | ✗ 11 fail
[4195/6590] AspectDet(h=1.30,v=0.60)+GradSplit(th=10.0,vf=0.06)                    | ✗ 11 fail
[4196/6590] AspectDet(h=1.30,v=0.60)+GradSplit(th=10.0,vf=0.07)                    | ✗ 11 fail
[4197/6590] AspectDet(h=1.30,v=0.60)+GradSplit(th=11.0,vf=0.04)                    | ✗ 11 fail
[4198/6590] AspectDet(h=1.30,v=0.60)+GradSplit(th=11.0,vf=0.05)                    | ✗ 11 fail
[4199/6590] AspectDet(h=1.30,v=0.60)+GradSplit(th=11.0,vf=0.06)                    | ✗ 11 fail
[4200/6590] AspectDet(h=1.30,v=0.60)+GradSplit(th=11.0,vf=0.07)                    | ✗ 11 fail
[4201/6590] AspectDet(h=1.30,v=0.60)+HistoSplit(bins=8)                            | ✗ 11 fail
[4202/6590] AspectDet(h=1.30,v=0.60)+HistoSplit(bins=12)                           | ✗ 11 fail
[4203/6590] AspectDet(h=1.30,v=0.60)+HistoSplit(bins=16)                           | ✗ 11 fail
[4204/6590] AspectDet(h=1.30,v=0.60)+HistoSplit(bins=20)                           | ✗ 11 fail
[4205/6590] AspectDet(h=1.30,v=0.60)+EdgeSplit(low=20,high=80)                     | ✗ 11 fail
[4206/6590] AspectDet(h=1.30,v=0.60)+EdgeSplit(low=30,high=100)                    | ✗ 11 fail
[4207/6590] AspectDet(h=1.30,v=0.60)+EdgeSplit(low=40,high=120)                    | ✗ 11 fail
[4208/6590] AspectDet(h=1.30,v=0.60)+EdgeSplit(low=50,high=150)                    | ✗ 11 fail
[4209/6590] AspectDet(h=1.30,v=0.65)+GradSplit(th=7.0,vf=0.04)                     | ✗ 12 fail
[4210/6590] AspectDet(h=1.30,v=0.65)+GradSplit(th=7.0,vf=0.05)                     | ✗ 12 fail
[4211/6590] AspectDet(h=1.30,v=0.65)+GradSplit(th=7.0,vf=0.06)                     | ✗ 12 fail
[4212/6590] AspectDet(h=1.30,v=0.65)+GradSplit(th=7.0,vf=0.07)                     | ✗ 12 fail
[4213/6590] AspectDet(h=1.30,v=0.65)+GradSplit(th=8.0,vf=0.04)                     | ✗ 12 fail
[4214/6590] AspectDet(h=1.30,v=0.65)+GradSplit(th=8.0,vf=0.05)                     | ✗ 12 fail
[4215/6590] AspectDet(h=1.30,v=0.65)+GradSplit(th=8.0,vf=0.06)                     | ✗ 12 fail
[4216/6590] AspectDet(h=1.30,v=0.65)+GradSplit(th=8.0,vf=0.07)                     | ✗ 12 fail
[4217/6590] AspectDet(h=1.30,v=0.65)+GradSplit(th=8.5,vf=0.04)                     | ✗ 12 fail
[4218/6590] AspectDet(h=1.30,v=0.65)+GradSplit(th=8.5,vf=0.05)                     | ✗ 12 fail
[4219/6590] AspectDet(h=1.30,v=0.65)+GradSplit(th=8.5,vf=0.06)                     | ✗ 12 fail
[4220/6590] AspectDet(h=1.30,v=0.65)+GradSplit(th=8.5,vf=0.07)                     | ✗ 12 fail
[4221/6590] AspectDet(h=1.30,v=0.65)+GradSplit(th=9.0,vf=0.04)                     | ✗ 12 fail
[4222/6590] AspectDet(h=1.30,v=0.65)+GradSplit(th=9.0,vf=0.05)                     | ✗ 12 fail
[4223/6590] AspectDet(h=1.30,v=0.65)+GradSplit(th=9.0,vf=0.06)                     | ✗ 12 fail
[4224/6590] AspectDet(h=1.30,v=0.65)+GradSplit(th=9.0,vf=0.07)                     | ✗ 12 fail
[4225/6590] AspectDet(h=1.30,v=0.65)+GradSplit(th=10.0,vf=0.04)                    | ✗ 12 fail
[4226/6590] AspectDet(h=1.30,v=0.65)+GradSplit(th=10.0,vf=0.05)                    | ✗ 12 fail
[4227/6590] AspectDet(h=1.30,v=0.65)+GradSplit(th=10.0,vf=0.06)                    | ✗ 12 fail
[4228/6590] AspectDet(h=1.30,v=0.65)+GradSplit(th=10.0,vf=0.07)                    | ✗ 12 fail
[4229/6590] AspectDet(h=1.30,v=0.65)+GradSplit(th=11.0,vf=0.04)                    | ✗ 12 fail
[4230/6590] AspectDet(h=1.30,v=0.65)+GradSplit(th=11.0,vf=0.05)                    | ✗ 12 fail
[4231/6590] AspectDet(h=1.30,v=0.65)+GradSplit(th=11.0,vf=0.06)                    | ✗ 12 fail
[4232/6590] AspectDet(h=1.30,v=0.65)+GradSplit(th=11.0,vf=0.07)                    | ✗ 12 fail
[4233/6590] AspectDet(h=1.30,v=0.65)+HistoSplit(bins=8)                            | ✗ 12 fail
[4234/6590] AspectDet(h=1.30,v=0.65)+HistoSplit(bins=12)                           | ✗ 12 fail
[4235/6590] AspectDet(h=1.30,v=0.65)+HistoSplit(bins=16)                           | ✗ 12 fail
[4236/6590] AspectDet(h=1.30,v=0.65)+HistoSplit(bins=20)                           | ✗ 12 fail
[4237/6590] AspectDet(h=1.30,v=0.65)+EdgeSplit(low=20,high=80)                     | ✗ 12 fail
[4238/6590] AspectDet(h=1.30,v=0.65)+EdgeSplit(low=30,high=100)                    | ✗ 12 fail
[4239/6590] AspectDet(h=1.30,v=0.65)+EdgeSplit(low=40,high=120)                    | ✗ 12 fail
[4240/6590] AspectDet(h=1.30,v=0.65)+EdgeSplit(low=50,high=150)                    | ✗ 12 fail
[4241/6590] AspectDet(h=1.30,v=0.70)+GradSplit(th=7.0,vf=0.04)                     | ✗ 10 fail
[4242/6590] AspectDet(h=1.30,v=0.70)+GradSplit(th=7.0,vf=0.05)                     | ✗ 10 fail
[4243/6590] AspectDet(h=1.30,v=0.70)+GradSplit(th=7.0,vf=0.06)                     | ✗ 10 fail
[4244/6590] AspectDet(h=1.30,v=0.70)+GradSplit(th=7.0,vf=0.07)                     | ✗ 10 fail
[4245/6590] AspectDet(h=1.30,v=0.70)+GradSplit(th=8.0,vf=0.04)                     | ✗ 10 fail
[4246/6590] AspectDet(h=1.30,v=0.70)+GradSplit(th=8.0,vf=0.05)                     | ✗ 10 fail
[4247/6590] AspectDet(h=1.30,v=0.70)+GradSplit(th=8.0,vf=0.06)                     | ✗ 10 fail
[4248/6590] AspectDet(h=1.30,v=0.70)+GradSplit(th=8.0,vf=0.07)                     | ✗ 10 fail
[4249/6590] AspectDet(h=1.30,v=0.70)+GradSplit(th=8.5,vf=0.04)                     | ✗ 10 fail
[4250/6590] AspectDet(h=1.30,v=0.70)+GradSplit(th=8.5,vf=0.05)                     | ✗ 10 fail
[4251/6590] AspectDet(h=1.30,v=0.70)+GradSplit(th=8.5,vf=0.06)                     | ✗ 10 fail
[4252/6590] AspectDet(h=1.30,v=0.70)+GradSplit(th=8.5,vf=0.07)                     | ✗ 10 fail
[4253/6590] AspectDet(h=1.30,v=0.70)+GradSplit(th=9.0,vf=0.04)                     | ✗ 10 fail
[4254/6590] AspectDet(h=1.30,v=0.70)+GradSplit(th=9.0,vf=0.05)                     | ✗ 10 fail
[4255/6590] AspectDet(h=1.30,v=0.70)+GradSplit(th=9.0,vf=0.06)                     | ✗ 10 fail
[4256/6590] AspectDet(h=1.30,v=0.70)+GradSplit(th=9.0,vf=0.07)                     | ✗ 10 fail
[4257/6590] AspectDet(h=1.30,v=0.70)+GradSplit(th=10.0,vf=0.04)                    | ✗ 10 fail
[4258/6590] AspectDet(h=1.30,v=0.70)+GradSplit(th=10.0,vf=0.05)                    | ✗ 10 fail
[4259/6590] AspectDet(h=1.30,v=0.70)+GradSplit(th=10.0,vf=0.06)                    | ✗ 10 fail
[4260/6590] AspectDet(h=1.30,v=0.70)+GradSplit(th=10.0,vf=0.07)                    | ✗ 10 fail
[4261/6590] AspectDet(h=1.30,v=0.70)+GradSplit(th=11.0,vf=0.04)                    | ✗ 10 fail
[4262/6590] AspectDet(h=1.30,v=0.70)+GradSplit(th=11.0,vf=0.05)                    | ✗ 10 fail
[4263/6590] AspectDet(h=1.30,v=0.70)+GradSplit(th=11.0,vf=0.06)                    | ✗ 10 fail
[4264/6590] AspectDet(h=1.30,v=0.70)+GradSplit(th=11.0,vf=0.07)                    | ✗ 10 fail
[4265/6590] AspectDet(h=1.30,v=0.70)+HistoSplit(bins=8)                            | ✗ 10 fail
[4266/6590] AspectDet(h=1.30,v=0.70)+HistoSplit(bins=12)                           | ✗ 10 fail
[4267/6590] AspectDet(h=1.30,v=0.70)+HistoSplit(bins=16)                           | ✗ 10 fail
[4268/6590] AspectDet(h=1.30,v=0.70)+HistoSplit(bins=20)                           | ✗ 10 fail
[4269/6590] AspectDet(h=1.30,v=0.70)+EdgeSplit(low=20,high=80)                     | ✗ 10 fail
[4270/6590] AspectDet(h=1.30,v=0.70)+EdgeSplit(low=30,high=100)                    | ✗ 10 fail
[4271/6590] AspectDet(h=1.30,v=0.70)+EdgeSplit(low=40,high=120)                    | ✗ 10 fail
[4272/6590] AspectDet(h=1.30,v=0.70)+EdgeSplit(low=50,high=150)                    | ✗ 10 fail
[4273/6590] AspectDet(h=1.30,v=0.75)+GradSplit(th=7.0,vf=0.04)                     | ✗ 12 fail
[4274/6590] AspectDet(h=1.30,v=0.75)+GradSplit(th=7.0,vf=0.05)                     | ✗ 12 fail
[4275/6590] AspectDet(h=1.30,v=0.75)+GradSplit(th=7.0,vf=0.06)                     | ✗ 12 fail
[4276/6590] AspectDet(h=1.30,v=0.75)+GradSplit(th=7.0,vf=0.07)                     | ✗ 12 fail
[4277/6590] AspectDet(h=1.30,v=0.75)+GradSplit(th=8.0,vf=0.04)                     | ✗ 12 fail
[4278/6590] AspectDet(h=1.30,v=0.75)+GradSplit(th=8.0,vf=0.05)                     | ✗ 12 fail
[4279/6590] AspectDet(h=1.30,v=0.75)+GradSplit(th=8.0,vf=0.06)                     | ✗ 12 fail
[4280/6590] AspectDet(h=1.30,v=0.75)+GradSplit(th=8.0,vf=0.07)                     | ✗ 12 fail
[4281/6590] AspectDet(h=1.30,v=0.75)+GradSplit(th=8.5,vf=0.04)                     | ✗ 12 fail
[4282/6590] AspectDet(h=1.30,v=0.75)+GradSplit(th=8.5,vf=0.05)                     | ✗ 12 fail
[4283/6590] AspectDet(h=1.30,v=0.75)+GradSplit(th=8.5,vf=0.06)                     | ✗ 12 fail
[4284/6590] AspectDet(h=1.30,v=0.75)+GradSplit(th=8.5,vf=0.07)                     | ✗ 12 fail
[4285/6590] AspectDet(h=1.30,v=0.75)+GradSplit(th=9.0,vf=0.04)                     | ✗ 12 fail
[4286/6590] AspectDet(h=1.30,v=0.75)+GradSplit(th=9.0,vf=0.05)                     | ✗ 12 fail
[4287/6590] AspectDet(h=1.30,v=0.75)+GradSplit(th=9.0,vf=0.06)                     | ✗ 12 fail
[4288/6590] AspectDet(h=1.30,v=0.75)+GradSplit(th=9.0,vf=0.07)                     | ✗ 12 fail
[4289/6590] AspectDet(h=1.30,v=0.75)+GradSplit(th=10.0,vf=0.04)                    | ✗ 12 fail
[4290/6590] AspectDet(h=1.30,v=0.75)+GradSplit(th=10.0,vf=0.05)                    | ✗ 12 fail
[4291/6590] AspectDet(h=1.30,v=0.75)+GradSplit(th=10.0,vf=0.06)                    | ✗ 12 fail
[4292/6590] AspectDet(h=1.30,v=0.75)+GradSplit(th=10.0,vf=0.07)                    | ✗ 12 fail
[4293/6590] AspectDet(h=1.30,v=0.75)+GradSplit(th=11.0,vf=0.04)                    | ✗ 12 fail
[4294/6590] AspectDet(h=1.30,v=0.75)+GradSplit(th=11.0,vf=0.05)                    | ✗ 12 fail
[4295/6590] AspectDet(h=1.30,v=0.75)+GradSplit(th=11.0,vf=0.06)                    | ✗ 12 fail
[4296/6590] AspectDet(h=1.30,v=0.75)+GradSplit(th=11.0,vf=0.07)                    | ✗ 12 fail
[4297/6590] AspectDet(h=1.30,v=0.75)+HistoSplit(bins=8)                            | ✗ 12 fail
[4298/6590] AspectDet(h=1.30,v=0.75)+HistoSplit(bins=12)                           | ✗ 12 fail
[4299/6590] AspectDet(h=1.30,v=0.75)+HistoSplit(bins=16)                           | ✗ 12 fail
[4300/6590] AspectDet(h=1.30,v=0.75)+HistoSplit(bins=20)                           | ✗ 12 fail
[4301/6590] AspectDet(h=1.30,v=0.75)+EdgeSplit(low=20,high=80)                     | ✗ 12 fail
[4302/6590] AspectDet(h=1.30,v=0.75)+EdgeSplit(low=30,high=100)                    | ✗ 12 fail
[4303/6590] AspectDet(h=1.30,v=0.75)+EdgeSplit(low=40,high=120)                    | ✗ 12 fail
[4304/6590] AspectDet(h=1.30,v=0.75)+EdgeSplit(low=50,high=150)                    | ✗ 12 fail
[4305/6590] AspectDet(h=1.30,v=0.80)+GradSplit(th=7.0,vf=0.04)                     | ✗ 14 fail
[4306/6590] AspectDet(h=1.30,v=0.80)+GradSplit(th=7.0,vf=0.05)                     | ✗ 14 fail
[4307/6590] AspectDet(h=1.30,v=0.80)+GradSplit(th=7.0,vf=0.06)                     | ✗ 14 fail
[4308/6590] AspectDet(h=1.30,v=0.80)+GradSplit(th=7.0,vf=0.07)                     | ✗ 14 fail
[4309/6590] AspectDet(h=1.30,v=0.80)+GradSplit(th=8.0,vf=0.04)                     | ✗ 14 fail
[4310/6590] AspectDet(h=1.30,v=0.80)+GradSplit(th=8.0,vf=0.05)                     | ✗ 14 fail
[4311/6590] AspectDet(h=1.30,v=0.80)+GradSplit(th=8.0,vf=0.06)                     | ✗ 14 fail
[4312/6590] AspectDet(h=1.30,v=0.80)+GradSplit(th=8.0,vf=0.07)                     | ✗ 14 fail
[4313/6590] AspectDet(h=1.30,v=0.80)+GradSplit(th=8.5,vf=0.04)                     | ✗ 14 fail
[4314/6590] AspectDet(h=1.30,v=0.80)+GradSplit(th=8.5,vf=0.05)                     | ✗ 14 fail
[4315/6590] AspectDet(h=1.30,v=0.80)+GradSplit(th=8.5,vf=0.06)                     | ✗ 14 fail
[4316/6590] AspectDet(h=1.30,v=0.80)+GradSplit(th=8.5,vf=0.07)                     | ✗ 14 fail
[4317/6590] AspectDet(h=1.30,v=0.80)+GradSplit(th=9.0,vf=0.04)                     | ✗ 14 fail
[4318/6590] AspectDet(h=1.30,v=0.80)+GradSplit(th=9.0,vf=0.05)                     | ✗ 14 fail
[4319/6590] AspectDet(h=1.30,v=0.80)+GradSplit(th=9.0,vf=0.06)                     | ✗ 14 fail
[4320/6590] AspectDet(h=1.30,v=0.80)+GradSplit(th=9.0,vf=0.07)                     | ✗ 14 fail
[4321/6590] AspectDet(h=1.30,v=0.80)+GradSplit(th=10.0,vf=0.04)                    | ✗ 14 fail
[4322/6590] AspectDet(h=1.30,v=0.80)+GradSplit(th=10.0,vf=0.05)                    | ✗ 14 fail
[4323/6590] AspectDet(h=1.30,v=0.80)+GradSplit(th=10.0,vf=0.06)                    | ✗ 14 fail
[4324/6590] AspectDet(h=1.30,v=0.80)+GradSplit(th=10.0,vf=0.07)                    | ✗ 14 fail
[4325/6590] AspectDet(h=1.30,v=0.80)+GradSplit(th=11.0,vf=0.04)                    | ✗ 14 fail
[4326/6590] AspectDet(h=1.30,v=0.80)+GradSplit(th=11.0,vf=0.05)                    | ✗ 14 fail
[4327/6590] AspectDet(h=1.30,v=0.80)+GradSplit(th=11.0,vf=0.06)                    | ✗ 14 fail
[4328/6590] AspectDet(h=1.30,v=0.80)+GradSplit(th=11.0,vf=0.07)                    | ✗ 14 fail
[4329/6590] AspectDet(h=1.30,v=0.80)+HistoSplit(bins=8)                            | ✗ 14 fail
[4330/6590] AspectDet(h=1.30,v=0.80)+HistoSplit(bins=12)                           | ✗ 14 fail
[4331/6590] AspectDet(h=1.30,v=0.80)+HistoSplit(bins=16)                           | ✗ 14 fail
[4332/6590] AspectDet(h=1.30,v=0.80)+HistoSplit(bins=20)                           | ✗ 14 fail
[4333/6590] AspectDet(h=1.30,v=0.80)+EdgeSplit(low=20,high=80)                     | ✗ 14 fail
[4334/6590] AspectDet(h=1.30,v=0.80)+EdgeSplit(low=30,high=100)                    | ✗ 14 fail
[4335/6590] AspectDet(h=1.30,v=0.80)+EdgeSplit(low=40,high=120)                    | ✗ 14 fail
[4336/6590] AspectDet(h=1.30,v=0.80)+EdgeSplit(low=50,high=150)                    | ✗ 14 fail
[4337/6590] AspectDet(h=1.40,v=0.50)+GradSplit(th=7.0,vf=0.04)                     | ✗ 9 fail
[4338/6590] AspectDet(h=1.40,v=0.50)+GradSplit(th=7.0,vf=0.05)                     | ✗ 9 fail
[4339/6590] AspectDet(h=1.40,v=0.50)+GradSplit(th=7.0,vf=0.06)                     | ✗ 9 fail
[4340/6590] AspectDet(h=1.40,v=0.50)+GradSplit(th=7.0,vf=0.07)                     | ✗ 9 fail
[4341/6590] AspectDet(h=1.40,v=0.50)+GradSplit(th=8.0,vf=0.04)                     | ✗ 9 fail
[4342/6590] AspectDet(h=1.40,v=0.50)+GradSplit(th=8.0,vf=0.05)                     | ✗ 9 fail
[4343/6590] AspectDet(h=1.40,v=0.50)+GradSplit(th=8.0,vf=0.06)                     | ✗ 9 fail
[4344/6590] AspectDet(h=1.40,v=0.50)+GradSplit(th=8.0,vf=0.07)                     | ✗ 9 fail
[4345/6590] AspectDet(h=1.40,v=0.50)+GradSplit(th=8.5,vf=0.04)                     | ✗ 9 fail
[4346/6590] AspectDet(h=1.40,v=0.50)+GradSplit(th=8.5,vf=0.05)                     | ✗ 9 fail
[4347/6590] AspectDet(h=1.40,v=0.50)+GradSplit(th=8.5,vf=0.06)                     | ✗ 9 fail
[4348/6590] AspectDet(h=1.40,v=0.50)+GradSplit(th=8.5,vf=0.07)                     | ✗ 9 fail
[4349/6590] AspectDet(h=1.40,v=0.50)+GradSplit(th=9.0,vf=0.04)                     | ✗ 9 fail
[4350/6590] AspectDet(h=1.40,v=0.50)+GradSplit(th=9.0,vf=0.05)                     | ✗ 9 fail
[4351/6590] AspectDet(h=1.40,v=0.50)+GradSplit(th=9.0,vf=0.06)                     | ✗ 9 fail
[4352/6590] AspectDet(h=1.40,v=0.50)+GradSplit(th=9.0,vf=0.07)                     | ✗ 9 fail
[4353/6590] AspectDet(h=1.40,v=0.50)+GradSplit(th=10.0,vf=0.04)                    | ✗ 9 fail
[4354/6590] AspectDet(h=1.40,v=0.50)+GradSplit(th=10.0,vf=0.05)                    | ✗ 9 fail
[4355/6590] AspectDet(h=1.40,v=0.50)+GradSplit(th=10.0,vf=0.06)                    | ✗ 9 fail
[4356/6590] AspectDet(h=1.40,v=0.50)+GradSplit(th=10.0,vf=0.07)                    | ✗ 9 fail
[4357/6590] AspectDet(h=1.40,v=0.50)+GradSplit(th=11.0,vf=0.04)                    | ✗ 9 fail
[4358/6590] AspectDet(h=1.40,v=0.50)+GradSplit(th=11.0,vf=0.05)                    | ✗ 9 fail
[4359/6590] AspectDet(h=1.40,v=0.50)+GradSplit(th=11.0,vf=0.06)                    | ✗ 9 fail
[4360/6590] AspectDet(h=1.40,v=0.50)+GradSplit(th=11.0,vf=0.07)                    | ✗ 9 fail
[4361/6590] AspectDet(h=1.40,v=0.50)+HistoSplit(bins=8)                            | ✗ 9 fail
[4362/6590] AspectDet(h=1.40,v=0.50)+HistoSplit(bins=12)                           | ✗ 9 fail
[4363/6590] AspectDet(h=1.40,v=0.50)+HistoSplit(bins=16)                           | ✗ 9 fail
[4364/6590] AspectDet(h=1.40,v=0.50)+HistoSplit(bins=20)                           | ✗ 9 fail
[4365/6590] AspectDet(h=1.40,v=0.50)+EdgeSplit(low=20,high=80)                     | ✗ 9 fail
[4366/6590] AspectDet(h=1.40,v=0.50)+EdgeSplit(low=30,high=100)                    | ✗ 9 fail
[4367/6590] AspectDet(h=1.40,v=0.50)+EdgeSplit(low=40,high=120)                    | ✗ 9 fail
[4368/6590] AspectDet(h=1.40,v=0.50)+EdgeSplit(low=50,high=150)                    | ✗ 9 fail
[4369/6590] AspectDet(h=1.40,v=0.55)+GradSplit(th=7.0,vf=0.04)                     | ✗ 9 fail
[4370/6590] AspectDet(h=1.40,v=0.55)+GradSplit(th=7.0,vf=0.05)                     | ✗ 9 fail
[4371/6590] AspectDet(h=1.40,v=0.55)+GradSplit(th=7.0,vf=0.06)                     | ✗ 9 fail
[4372/6590] AspectDet(h=1.40,v=0.55)+GradSplit(th=7.0,vf=0.07)                     | ✗ 9 fail
[4373/6590] AspectDet(h=1.40,v=0.55)+GradSplit(th=8.0,vf=0.04)                     | ✗ 9 fail
[4374/6590] AspectDet(h=1.40,v=0.55)+GradSplit(th=8.0,vf=0.05)                     | ✗ 9 fail
[4375/6590] AspectDet(h=1.40,v=0.55)+GradSplit(th=8.0,vf=0.06)                     | ✗ 9 fail
[4376/6590] AspectDet(h=1.40,v=0.55)+GradSplit(th=8.0,vf=0.07)                     | ✗ 9 fail
[4377/6590] AspectDet(h=1.40,v=0.55)+GradSplit(th=8.5,vf=0.04)                     | ✗ 9 fail
[4378/6590] AspectDet(h=1.40,v=0.55)+GradSplit(th=8.5,vf=0.05)                     | ✗ 9 fail
[4379/6590] AspectDet(h=1.40,v=0.55)+GradSplit(th=8.5,vf=0.06)                     | ✗ 9 fail
[4380/6590] AspectDet(h=1.40,v=0.55)+GradSplit(th=8.5,vf=0.07)                     | ✗ 9 fail
[4381/6590] AspectDet(h=1.40,v=0.55)+GradSplit(th=9.0,vf=0.04)                     | ✗ 9 fail
[4382/6590] AspectDet(h=1.40,v=0.55)+GradSplit(th=9.0,vf=0.05)                     | ✗ 9 fail
[4383/6590] AspectDet(h=1.40,v=0.55)+GradSplit(th=9.0,vf=0.06)                     | ✗ 9 fail
[4384/6590] AspectDet(h=1.40,v=0.55)+GradSplit(th=9.0,vf=0.07)                     | ✗ 9 fail
[4385/6590] AspectDet(h=1.40,v=0.55)+GradSplit(th=10.0,vf=0.04)                    | ✗ 9 fail
[4386/6590] AspectDet(h=1.40,v=0.55)+GradSplit(th=10.0,vf=0.05)                    | ✗ 9 fail
[4387/6590] AspectDet(h=1.40,v=0.55)+GradSplit(th=10.0,vf=0.06)                    | ✗ 9 fail
[4388/6590] AspectDet(h=1.40,v=0.55)+GradSplit(th=10.0,vf=0.07)                    | ✗ 9 fail
[4389/6590] AspectDet(h=1.40,v=0.55)+GradSplit(th=11.0,vf=0.04)                    | ✗ 9 fail
[4390/6590] AspectDet(h=1.40,v=0.55)+GradSplit(th=11.0,vf=0.05)                    | ✗ 9 fail
[4391/6590] AspectDet(h=1.40,v=0.55)+GradSplit(th=11.0,vf=0.06)                    | ✗ 9 fail
[4392/6590] AspectDet(h=1.40,v=0.55)+GradSplit(th=11.0,vf=0.07)                    | ✗ 9 fail
[4393/6590] AspectDet(h=1.40,v=0.55)+HistoSplit(bins=8)                            | ✗ 9 fail
[4394/6590] AspectDet(h=1.40,v=0.55)+HistoSplit(bins=12)                           | ✗ 9 fail
[4395/6590] AspectDet(h=1.40,v=0.55)+HistoSplit(bins=16)                           | ✗ 9 fail
[4396/6590] AspectDet(h=1.40,v=0.55)+HistoSplit(bins=20)                           | ✗ 9 fail
[4397/6590] AspectDet(h=1.40,v=0.55)+EdgeSplit(low=20,high=80)                     | ✗ 9 fail
[4398/6590] AspectDet(h=1.40,v=0.55)+EdgeSplit(low=30,high=100)                    | ✗ 9 fail
[4399/6590] AspectDet(h=1.40,v=0.55)+EdgeSplit(low=40,high=120)                    | ✗ 9 fail
[4400/6590] AspectDet(h=1.40,v=0.55)+EdgeSplit(low=50,high=150)                    | ✗ 9 fail
[4401/6590] AspectDet(h=1.40,v=0.60)+GradSplit(th=7.0,vf=0.04)                     | ✗ 11 fail
[4402/6590] AspectDet(h=1.40,v=0.60)+GradSplit(th=7.0,vf=0.05)                     | ✗ 11 fail
[4403/6590] AspectDet(h=1.40,v=0.60)+GradSplit(th=7.0,vf=0.06)                     | ✗ 11 fail
[4404/6590] AspectDet(h=1.40,v=0.60)+GradSplit(th=7.0,vf=0.07)                     | ✗ 11 fail
[4405/6590] AspectDet(h=1.40,v=0.60)+GradSplit(th=8.0,vf=0.04)                     | ✗ 11 fail
[4406/6590] AspectDet(h=1.40,v=0.60)+GradSplit(th=8.0,vf=0.05)                     | ✗ 11 fail
[4407/6590] AspectDet(h=1.40,v=0.60)+GradSplit(th=8.0,vf=0.06)                     | ✗ 11 fail
[4408/6590] AspectDet(h=1.40,v=0.60)+GradSplit(th=8.0,vf=0.07)                     | ✗ 11 fail
[4409/6590] AspectDet(h=1.40,v=0.60)+GradSplit(th=8.5,vf=0.04)                     | ✗ 11 fail
[4410/6590] AspectDet(h=1.40,v=0.60)+GradSplit(th=8.5,vf=0.05)                     | ✗ 11 fail
[4411/6590] AspectDet(h=1.40,v=0.60)+GradSplit(th=8.5,vf=0.06)                     | ✗ 11 fail
[4412/6590] AspectDet(h=1.40,v=0.60)+GradSplit(th=8.5,vf=0.07)                     | ✗ 11 fail
[4413/6590] AspectDet(h=1.40,v=0.60)+GradSplit(th=9.0,vf=0.04)                     | ✗ 11 fail
[4414/6590] AspectDet(h=1.40,v=0.60)+GradSplit(th=9.0,vf=0.05)                     | ✗ 11 fail
[4415/6590] AspectDet(h=1.40,v=0.60)+GradSplit(th=9.0,vf=0.06)                     | ✗ 11 fail
[4416/6590] AspectDet(h=1.40,v=0.60)+GradSplit(th=9.0,vf=0.07)                     | ✗ 11 fail
[4417/6590] AspectDet(h=1.40,v=0.60)+GradSplit(th=10.0,vf=0.04)                    | ✗ 11 fail
[4418/6590] AspectDet(h=1.40,v=0.60)+GradSplit(th=10.0,vf=0.05)                    | ✗ 11 fail
[4419/6590] AspectDet(h=1.40,v=0.60)+GradSplit(th=10.0,vf=0.06)                    | ✗ 11 fail
[4420/6590] AspectDet(h=1.40,v=0.60)+GradSplit(th=10.0,vf=0.07)                    | ✗ 11 fail
[4421/6590] AspectDet(h=1.40,v=0.60)+GradSplit(th=11.0,vf=0.04)                    | ✗ 11 fail
[4422/6590] AspectDet(h=1.40,v=0.60)+GradSplit(th=11.0,vf=0.05)                    | ✗ 11 fail
[4423/6590] AspectDet(h=1.40,v=0.60)+GradSplit(th=11.0,vf=0.06)                    | ✗ 11 fail
[4424/6590] AspectDet(h=1.40,v=0.60)+GradSplit(th=11.0,vf=0.07)                    | ✗ 11 fail
[4425/6590] AspectDet(h=1.40,v=0.60)+HistoSplit(bins=8)                            | ✗ 11 fail
[4426/6590] AspectDet(h=1.40,v=0.60)+HistoSplit(bins=12)                           | ✗ 11 fail
[4427/6590] AspectDet(h=1.40,v=0.60)+HistoSplit(bins=16)                           | ✗ 11 fail
[4428/6590] AspectDet(h=1.40,v=0.60)+HistoSplit(bins=20)                           | ✗ 11 fail
[4429/6590] AspectDet(h=1.40,v=0.60)+EdgeSplit(low=20,high=80)                     | ✗ 11 fail
[4430/6590] AspectDet(h=1.40,v=0.60)+EdgeSplit(low=30,high=100)                    | ✗ 11 fail
[4431/6590] AspectDet(h=1.40,v=0.60)+EdgeSplit(low=40,high=120)                    | ✗ 11 fail
[4432/6590] AspectDet(h=1.40,v=0.60)+EdgeSplit(low=50,high=150)                    | ✗ 11 fail
[4433/6590] AspectDet(h=1.40,v=0.65)+GradSplit(th=7.0,vf=0.04)                     | ✗ 12 fail
[4434/6590] AspectDet(h=1.40,v=0.65)+GradSplit(th=7.0,vf=0.05)                     | ✗ 12 fail
[4435/6590] AspectDet(h=1.40,v=0.65)+GradSplit(th=7.0,vf=0.06)                     | ✗ 12 fail
[4436/6590] AspectDet(h=1.40,v=0.65)+GradSplit(th=7.0,vf=0.07)                     | ✗ 12 fail
[4437/6590] AspectDet(h=1.40,v=0.65)+GradSplit(th=8.0,vf=0.04)                     | ✗ 12 fail
[4438/6590] AspectDet(h=1.40,v=0.65)+GradSplit(th=8.0,vf=0.05)                     | ✗ 12 fail
[4439/6590] AspectDet(h=1.40,v=0.65)+GradSplit(th=8.0,vf=0.06)                     | ✗ 12 fail
[4440/6590] AspectDet(h=1.40,v=0.65)+GradSplit(th=8.0,vf=0.07)                     | ✗ 12 fail
[4441/6590] AspectDet(h=1.40,v=0.65)+GradSplit(th=8.5,vf=0.04)                     | ✗ 12 fail
[4442/6590] AspectDet(h=1.40,v=0.65)+GradSplit(th=8.5,vf=0.05)                     | ✗ 12 fail
[4443/6590] AspectDet(h=1.40,v=0.65)+GradSplit(th=8.5,vf=0.06)                     | ✗ 12 fail
[4444/6590] AspectDet(h=1.40,v=0.65)+GradSplit(th=8.5,vf=0.07)                     | ✗ 12 fail
[4445/6590] AspectDet(h=1.40,v=0.65)+GradSplit(th=9.0,vf=0.04)                     | ✗ 12 fail
[4446/6590] AspectDet(h=1.40,v=0.65)+GradSplit(th=9.0,vf=0.05)                     | ✗ 12 fail
[4447/6590] AspectDet(h=1.40,v=0.65)+GradSplit(th=9.0,vf=0.06)                     | ✗ 12 fail
[4448/6590] AspectDet(h=1.40,v=0.65)+GradSplit(th=9.0,vf=0.07)                     | ✗ 12 fail
[4449/6590] AspectDet(h=1.40,v=0.65)+GradSplit(th=10.0,vf=0.04)                    | ✗ 12 fail
[4450/6590] AspectDet(h=1.40,v=0.65)+GradSplit(th=10.0,vf=0.05)                    | ✗ 12 fail
[4451/6590] AspectDet(h=1.40,v=0.65)+GradSplit(th=10.0,vf=0.06)                    | ✗ 12 fail
[4452/6590] AspectDet(h=1.40,v=0.65)+GradSplit(th=10.0,vf=0.07)                    | ✗ 12 fail
[4453/6590] AspectDet(h=1.40,v=0.65)+GradSplit(th=11.0,vf=0.04)                    | ✗ 12 fail
[4454/6590] AspectDet(h=1.40,v=0.65)+GradSplit(th=11.0,vf=0.05)                    | ✗ 12 fail
[4455/6590] AspectDet(h=1.40,v=0.65)+GradSplit(th=11.0,vf=0.06)                    | ✗ 12 fail
[4456/6590] AspectDet(h=1.40,v=0.65)+GradSplit(th=11.0,vf=0.07)                    | ✗ 12 fail
[4457/6590] AspectDet(h=1.40,v=0.65)+HistoSplit(bins=8)                            | ✗ 12 fail
[4458/6590] AspectDet(h=1.40,v=0.65)+HistoSplit(bins=12)                           | ✗ 12 fail
[4459/6590] AspectDet(h=1.40,v=0.65)+HistoSplit(bins=16)                           | ✗ 12 fail
[4460/6590] AspectDet(h=1.40,v=0.65)+HistoSplit(bins=20)                           | ✗ 12 fail
[4461/6590] AspectDet(h=1.40,v=0.65)+EdgeSplit(low=20,high=80)                     | ✗ 12 fail
[4462/6590] AspectDet(h=1.40,v=0.65)+EdgeSplit(low=30,high=100)                    | ✗ 12 fail
[4463/6590] AspectDet(h=1.40,v=0.65)+EdgeSplit(low=40,high=120)                    | ✗ 12 fail
[4464/6590] AspectDet(h=1.40,v=0.65)+EdgeSplit(low=50,high=150)                    | ✗ 12 fail
[4465/6590] AspectDet(h=1.40,v=0.70)+GradSplit(th=7.0,vf=0.04)                     | ✗ 10 fail
[4466/6590] AspectDet(h=1.40,v=0.70)+GradSplit(th=7.0,vf=0.05)                     | ✗ 10 fail
[4467/6590] AspectDet(h=1.40,v=0.70)+GradSplit(th=7.0,vf=0.06)                     | ✗ 10 fail
[4468/6590] AspectDet(h=1.40,v=0.70)+GradSplit(th=7.0,vf=0.07)                     | ✗ 10 fail
[4469/6590] AspectDet(h=1.40,v=0.70)+GradSplit(th=8.0,vf=0.04)                     | ✗ 10 fail
[4470/6590] AspectDet(h=1.40,v=0.70)+GradSplit(th=8.0,vf=0.05)                     | ✗ 10 fail
[4471/6590] AspectDet(h=1.40,v=0.70)+GradSplit(th=8.0,vf=0.06)                     | ✗ 10 fail
[4472/6590] AspectDet(h=1.40,v=0.70)+GradSplit(th=8.0,vf=0.07)                     | ✗ 10 fail
[4473/6590] AspectDet(h=1.40,v=0.70)+GradSplit(th=8.5,vf=0.04)                     | ✗ 10 fail
[4474/6590] AspectDet(h=1.40,v=0.70)+GradSplit(th=8.5,vf=0.05)                     | ✗ 10 fail
[4475/6590] AspectDet(h=1.40,v=0.70)+GradSplit(th=8.5,vf=0.06)                     | ✗ 10 fail
[4476/6590] AspectDet(h=1.40,v=0.70)+GradSplit(th=8.5,vf=0.07)                     | ✗ 10 fail
[4477/6590] AspectDet(h=1.40,v=0.70)+GradSplit(th=9.0,vf=0.04)                     | ✗ 10 fail
[4478/6590] AspectDet(h=1.40,v=0.70)+GradSplit(th=9.0,vf=0.05)                     | ✗ 10 fail
[4479/6590] AspectDet(h=1.40,v=0.70)+GradSplit(th=9.0,vf=0.06)                     | ✗ 10 fail
[4480/6590] AspectDet(h=1.40,v=0.70)+GradSplit(th=9.0,vf=0.07)                     | ✗ 10 fail
[4481/6590] AspectDet(h=1.40,v=0.70)+GradSplit(th=10.0,vf=0.04)                    | ✗ 10 fail
[4482/6590] AspectDet(h=1.40,v=0.70)+GradSplit(th=10.0,vf=0.05)                    | ✗ 10 fail
[4483/6590] AspectDet(h=1.40,v=0.70)+GradSplit(th=10.0,vf=0.06)                    | ✗ 10 fail
[4484/6590] AspectDet(h=1.40,v=0.70)+GradSplit(th=10.0,vf=0.07)                    | ✗ 10 fail
[4485/6590] AspectDet(h=1.40,v=0.70)+GradSplit(th=11.0,vf=0.04)                    | ✗ 10 fail
[4486/6590] AspectDet(h=1.40,v=0.70)+GradSplit(th=11.0,vf=0.05)                    | ✗ 10 fail
[4487/6590] AspectDet(h=1.40,v=0.70)+GradSplit(th=11.0,vf=0.06)                    | ✗ 10 fail
[4488/6590] AspectDet(h=1.40,v=0.70)+GradSplit(th=11.0,vf=0.07)                    | ✗ 10 fail
[4489/6590] AspectDet(h=1.40,v=0.70)+HistoSplit(bins=8)                            | ✗ 10 fail
[4490/6590] AspectDet(h=1.40,v=0.70)+HistoSplit(bins=12)                           | ✗ 10 fail
[4491/6590] AspectDet(h=1.40,v=0.70)+HistoSplit(bins=16)                           | ✗ 10 fail
[4492/6590] AspectDet(h=1.40,v=0.70)+HistoSplit(bins=20)                           | ✗ 10 fail
[4493/6590] AspectDet(h=1.40,v=0.70)+EdgeSplit(low=20,high=80)                     | ✗ 10 fail
[4494/6590] AspectDet(h=1.40,v=0.70)+EdgeSplit(low=30,high=100)                    | ✗ 10 fail
[4495/6590] AspectDet(h=1.40,v=0.70)+EdgeSplit(low=40,high=120)                    | ✗ 10 fail
[4496/6590] AspectDet(h=1.40,v=0.70)+EdgeSplit(low=50,high=150)                    | ✗ 10 fail
[4497/6590] AspectDet(h=1.40,v=0.75)+GradSplit(th=7.0,vf=0.04)                     | ✗ 12 fail
[4498/6590] AspectDet(h=1.40,v=0.75)+GradSplit(th=7.0,vf=0.05)                     | ✗ 12 fail
[4499/6590] AspectDet(h=1.40,v=0.75)+GradSplit(th=7.0,vf=0.06)                     | ✗ 12 fail
[4500/6590] AspectDet(h=1.40,v=0.75)+GradSplit(th=7.0,vf=0.07)                     | ✗ 12 fail
[4501/6590] AspectDet(h=1.40,v=0.75)+GradSplit(th=8.0,vf=0.04)                     | ✗ 12 fail
[4502/6590] AspectDet(h=1.40,v=0.75)+GradSplit(th=8.0,vf=0.05)                     | ✗ 12 fail
[4503/6590] AspectDet(h=1.40,v=0.75)+GradSplit(th=8.0,vf=0.06)                     | ✗ 12 fail
[4504/6590] AspectDet(h=1.40,v=0.75)+GradSplit(th=8.0,vf=0.07)                     | ✗ 12 fail
[4505/6590] AspectDet(h=1.40,v=0.75)+GradSplit(th=8.5,vf=0.04)                     | ✗ 12 fail
[4506/6590] AspectDet(h=1.40,v=0.75)+GradSplit(th=8.5,vf=0.05)                     | ✗ 12 fail
[4507/6590] AspectDet(h=1.40,v=0.75)+GradSplit(th=8.5,vf=0.06)                     | ✗ 12 fail
[4508/6590] AspectDet(h=1.40,v=0.75)+GradSplit(th=8.5,vf=0.07)                     | ✗ 12 fail
[4509/6590] AspectDet(h=1.40,v=0.75)+GradSplit(th=9.0,vf=0.04)                     | ✗ 12 fail
[4510/6590] AspectDet(h=1.40,v=0.75)+GradSplit(th=9.0,vf=0.05)                     | ✗ 12 fail
[4511/6590] AspectDet(h=1.40,v=0.75)+GradSplit(th=9.0,vf=0.06)                     | ✗ 12 fail
[4512/6590] AspectDet(h=1.40,v=0.75)+GradSplit(th=9.0,vf=0.07)                     | ✗ 12 fail
[4513/6590] AspectDet(h=1.40,v=0.75)+GradSplit(th=10.0,vf=0.04)                    | ✗ 12 fail
[4514/6590] AspectDet(h=1.40,v=0.75)+GradSplit(th=10.0,vf=0.05)                    | ✗ 12 fail
[4515/6590] AspectDet(h=1.40,v=0.75)+GradSplit(th=10.0,vf=0.06)                    | ✗ 12 fail
[4516/6590] AspectDet(h=1.40,v=0.75)+GradSplit(th=10.0,vf=0.07)                    | ✗ 12 fail
[4517/6590] AspectDet(h=1.40,v=0.75)+GradSplit(th=11.0,vf=0.04)                    | ✗ 12 fail
[4518/6590] AspectDet(h=1.40,v=0.75)+GradSplit(th=11.0,vf=0.05)                    | ✗ 12 fail
[4519/6590] AspectDet(h=1.40,v=0.75)+GradSplit(th=11.0,vf=0.06)                    | ✗ 12 fail
[4520/6590] AspectDet(h=1.40,v=0.75)+GradSplit(th=11.0,vf=0.07)                    | ✗ 12 fail
[4521/6590] AspectDet(h=1.40,v=0.75)+HistoSplit(bins=8)                            | ✗ 12 fail
[4522/6590] AspectDet(h=1.40,v=0.75)+HistoSplit(bins=12)                           | ✗ 12 fail
[4523/6590] AspectDet(h=1.40,v=0.75)+HistoSplit(bins=16)                           | ✗ 12 fail
[4524/6590] AspectDet(h=1.40,v=0.75)+HistoSplit(bins=20)                           | ✗ 12 fail
[4525/6590] AspectDet(h=1.40,v=0.75)+EdgeSplit(low=20,high=80)                     | ✗ 12 fail
[4526/6590] AspectDet(h=1.40,v=0.75)+EdgeSplit(low=30,high=100)                    | ✗ 12 fail
[4527/6590] AspectDet(h=1.40,v=0.75)+EdgeSplit(low=40,high=120)                    | ✗ 12 fail
[4528/6590] AspectDet(h=1.40,v=0.75)+EdgeSplit(low=50,high=150)                    | ✗ 12 fail
[4529/6590] AspectDet(h=1.40,v=0.80)+GradSplit(th=7.0,vf=0.04)                     | ✗ 14 fail
[4530/6590] AspectDet(h=1.40,v=0.80)+GradSplit(th=7.0,vf=0.05)                     | ✗ 14 fail
[4531/6590] AspectDet(h=1.40,v=0.80)+GradSplit(th=7.0,vf=0.06)                     | ✗ 14 fail
[4532/6590] AspectDet(h=1.40,v=0.80)+GradSplit(th=7.0,vf=0.07)                     | ✗ 14 fail
[4533/6590] AspectDet(h=1.40,v=0.80)+GradSplit(th=8.0,vf=0.04)                     | ✗ 14 fail
[4534/6590] AspectDet(h=1.40,v=0.80)+GradSplit(th=8.0,vf=0.05)                     | ✗ 14 fail
[4535/6590] AspectDet(h=1.40,v=0.80)+GradSplit(th=8.0,vf=0.06)                     | ✗ 14 fail
[4536/6590] AspectDet(h=1.40,v=0.80)+GradSplit(th=8.0,vf=0.07)                     | ✗ 14 fail
[4537/6590] AspectDet(h=1.40,v=0.80)+GradSplit(th=8.5,vf=0.04)                     | ✗ 14 fail
[4538/6590] AspectDet(h=1.40,v=0.80)+GradSplit(th=8.5,vf=0.05)                     | ✗ 14 fail
[4539/6590] AspectDet(h=1.40,v=0.80)+GradSplit(th=8.5,vf=0.06)                     | ✗ 14 fail
[4540/6590] AspectDet(h=1.40,v=0.80)+GradSplit(th=8.5,vf=0.07)                     | ✗ 14 fail
[4541/6590] AspectDet(h=1.40,v=0.80)+GradSplit(th=9.0,vf=0.04)                     | ✗ 14 fail
[4542/6590] AspectDet(h=1.40,v=0.80)+GradSplit(th=9.0,vf=0.05)                     | ✗ 14 fail
[4543/6590] AspectDet(h=1.40,v=0.80)+GradSplit(th=9.0,vf=0.06)                     | ✗ 14 fail
[4544/6590] AspectDet(h=1.40,v=0.80)+GradSplit(th=9.0,vf=0.07)                     | ✗ 14 fail
[4545/6590] AspectDet(h=1.40,v=0.80)+GradSplit(th=10.0,vf=0.04)                    | ✗ 14 fail
[4546/6590] AspectDet(h=1.40,v=0.80)+GradSplit(th=10.0,vf=0.05)                    | ✗ 14 fail
[4547/6590] AspectDet(h=1.40,v=0.80)+GradSplit(th=10.0,vf=0.06)                    | ✗ 14 fail
[4548/6590] AspectDet(h=1.40,v=0.80)+GradSplit(th=10.0,vf=0.07)                    | ✗ 14 fail
[4549/6590] AspectDet(h=1.40,v=0.80)+GradSplit(th=11.0,vf=0.04)                    | ✗ 14 fail
[4550/6590] AspectDet(h=1.40,v=0.80)+GradSplit(th=11.0,vf=0.05)                    | ✗ 14 fail
[4551/6590] AspectDet(h=1.40,v=0.80)+GradSplit(th=11.0,vf=0.06)                    | ✗ 14 fail
[4552/6590] AspectDet(h=1.40,v=0.80)+GradSplit(th=11.0,vf=0.07)                    | ✗ 14 fail
[4553/6590] AspectDet(h=1.40,v=0.80)+HistoSplit(bins=8)                            | ✗ 14 fail
[4554/6590] AspectDet(h=1.40,v=0.80)+HistoSplit(bins=12)                           | ✗ 14 fail
[4555/6590] AspectDet(h=1.40,v=0.80)+HistoSplit(bins=16)                           | ✗ 14 fail
[4556/6590] AspectDet(h=1.40,v=0.80)+HistoSplit(bins=20)                           | ✗ 14 fail
[4557/6590] AspectDet(h=1.40,v=0.80)+EdgeSplit(low=20,high=80)                     | ✗ 14 fail
[4558/6590] AspectDet(h=1.40,v=0.80)+EdgeSplit(low=30,high=100)                    | ✗ 14 fail
[4559/6590] AspectDet(h=1.40,v=0.80)+EdgeSplit(low=40,high=120)                    | ✗ 14 fail
[4560/6590] AspectDet(h=1.40,v=0.80)+EdgeSplit(low=50,high=150)                    | ✗ 14 fail
[4561/6590] AspectDet(h=1.50,v=0.50)+GradSplit(th=7.0,vf=0.04)                     | ✗ 9 fail
[4562/6590] AspectDet(h=1.50,v=0.50)+GradSplit(th=7.0,vf=0.05)                     | ✗ 9 fail
[4563/6590] AspectDet(h=1.50,v=0.50)+GradSplit(th=7.0,vf=0.06)                     | ✗ 9 fail
[4564/6590] AspectDet(h=1.50,v=0.50)+GradSplit(th=7.0,vf=0.07)                     | ✗ 9 fail
[4565/6590] AspectDet(h=1.50,v=0.50)+GradSplit(th=8.0,vf=0.04)                     | ✗ 9 fail
[4566/6590] AspectDet(h=1.50,v=0.50)+GradSplit(th=8.0,vf=0.05)                     | ✗ 9 fail
[4567/6590] AspectDet(h=1.50,v=0.50)+GradSplit(th=8.0,vf=0.06)                     | ✗ 9 fail
[4568/6590] AspectDet(h=1.50,v=0.50)+GradSplit(th=8.0,vf=0.07)                     | ✗ 9 fail
[4569/6590] AspectDet(h=1.50,v=0.50)+GradSplit(th=8.5,vf=0.04)                     | ✗ 9 fail
[4570/6590] AspectDet(h=1.50,v=0.50)+GradSplit(th=8.5,vf=0.05)                     | ✗ 9 fail
[4571/6590] AspectDet(h=1.50,v=0.50)+GradSplit(th=8.5,vf=0.06)                     | ✗ 9 fail
[4572/6590] AspectDet(h=1.50,v=0.50)+GradSplit(th=8.5,vf=0.07)                     | ✗ 9 fail
[4573/6590] AspectDet(h=1.50,v=0.50)+GradSplit(th=9.0,vf=0.04)                     | ✗ 9 fail
[4574/6590] AspectDet(h=1.50,v=0.50)+GradSplit(th=9.0,vf=0.05)                     | ✗ 9 fail
[4575/6590] AspectDet(h=1.50,v=0.50)+GradSplit(th=9.0,vf=0.06)                     | ✗ 9 fail
[4576/6590] AspectDet(h=1.50,v=0.50)+GradSplit(th=9.0,vf=0.07)                     | ✗ 9 fail
[4577/6590] AspectDet(h=1.50,v=0.50)+GradSplit(th=10.0,vf=0.04)                    | ✗ 9 fail
[4578/6590] AspectDet(h=1.50,v=0.50)+GradSplit(th=10.0,vf=0.05)                    | ✗ 9 fail
[4579/6590] AspectDet(h=1.50,v=0.50)+GradSplit(th=10.0,vf=0.06)                    | ✗ 9 fail
[4580/6590] AspectDet(h=1.50,v=0.50)+GradSplit(th=10.0,vf=0.07)                    | ✗ 9 fail
[4581/6590] AspectDet(h=1.50,v=0.50)+GradSplit(th=11.0,vf=0.04)                    | ✗ 9 fail
[4582/6590] AspectDet(h=1.50,v=0.50)+GradSplit(th=11.0,vf=0.05)                    | ✗ 9 fail
[4583/6590] AspectDet(h=1.50,v=0.50)+GradSplit(th=11.0,vf=0.06)                    | ✗ 9 fail
[4584/6590] AspectDet(h=1.50,v=0.50)+GradSplit(th=11.0,vf=0.07)                    | ✗ 9 fail
[4585/6590] AspectDet(h=1.50,v=0.50)+HistoSplit(bins=8)                            | ✗ 9 fail
[4586/6590] AspectDet(h=1.50,v=0.50)+HistoSplit(bins=12)                           | ✗ 9 fail
[4587/6590] AspectDet(h=1.50,v=0.50)+HistoSplit(bins=16)                           | ✗ 9 fail
[4588/6590] AspectDet(h=1.50,v=0.50)+HistoSplit(bins=20)                           | ✗ 9 fail
[4589/6590] AspectDet(h=1.50,v=0.50)+EdgeSplit(low=20,high=80)                     | ✗ 9 fail
[4590/6590] AspectDet(h=1.50,v=0.50)+EdgeSplit(low=30,high=100)                    | ✗ 9 fail
[4591/6590] AspectDet(h=1.50,v=0.50)+EdgeSplit(low=40,high=120)                    | ✗ 9 fail
[4592/6590] AspectDet(h=1.50,v=0.50)+EdgeSplit(low=50,high=150)                    | ✗ 9 fail
[4593/6590] AspectDet(h=1.50,v=0.55)+GradSplit(th=7.0,vf=0.04)                     | ✗ 9 fail
[4594/6590] AspectDet(h=1.50,v=0.55)+GradSplit(th=7.0,vf=0.05)                     | ✗ 9 fail
[4595/6590] AspectDet(h=1.50,v=0.55)+GradSplit(th=7.0,vf=0.06)                     | ✗ 9 fail
[4596/6590] AspectDet(h=1.50,v=0.55)+GradSplit(th=7.0,vf=0.07)                     | ✗ 9 fail
[4597/6590] AspectDet(h=1.50,v=0.55)+GradSplit(th=8.0,vf=0.04)                     | ✗ 9 fail
[4598/6590] AspectDet(h=1.50,v=0.55)+GradSplit(th=8.0,vf=0.05)                     | ✗ 9 fail
[4599/6590] AspectDet(h=1.50,v=0.55)+GradSplit(th=8.0,vf=0.06)                     | ✗ 9 fail
[4600/6590] AspectDet(h=1.50,v=0.55)+GradSplit(th=8.0,vf=0.07)                     | ✗ 9 fail
[4601/6590] AspectDet(h=1.50,v=0.55)+GradSplit(th=8.5,vf=0.04)                     | ✗ 9 fail
[4602/6590] AspectDet(h=1.50,v=0.55)+GradSplit(th=8.5,vf=0.05)                     | ✗ 9 fail
[4603/6590] AspectDet(h=1.50,v=0.55)+GradSplit(th=8.5,vf=0.06)                     | ✗ 9 fail
[4604/6590] AspectDet(h=1.50,v=0.55)+GradSplit(th=8.5,vf=0.07)                     | ✗ 9 fail
[4605/6590] AspectDet(h=1.50,v=0.55)+GradSplit(th=9.0,vf=0.04)                     | ✗ 9 fail
[4606/6590] AspectDet(h=1.50,v=0.55)+GradSplit(th=9.0,vf=0.05)                     | ✗ 9 fail
[4607/6590] AspectDet(h=1.50,v=0.55)+GradSplit(th=9.0,vf=0.06)                     | ✗ 9 fail
[4608/6590] AspectDet(h=1.50,v=0.55)+GradSplit(th=9.0,vf=0.07)                     | ✗ 9 fail
[4609/6590] AspectDet(h=1.50,v=0.55)+GradSplit(th=10.0,vf=0.04)                    | ✗ 9 fail
[4610/6590] AspectDet(h=1.50,v=0.55)+GradSplit(th=10.0,vf=0.05)                    | ✗ 9 fail
[4611/6590] AspectDet(h=1.50,v=0.55)+GradSplit(th=10.0,vf=0.06)                    | ✗ 9 fail
[4612/6590] AspectDet(h=1.50,v=0.55)+GradSplit(th=10.0,vf=0.07)                    | ✗ 9 fail
[4613/6590] AspectDet(h=1.50,v=0.55)+GradSplit(th=11.0,vf=0.04)                    | ✗ 9 fail
[4614/6590] AspectDet(h=1.50,v=0.55)+GradSplit(th=11.0,vf=0.05)                    | ✗ 9 fail
[4615/6590] AspectDet(h=1.50,v=0.55)+GradSplit(th=11.0,vf=0.06)                    | ✗ 9 fail
[4616/6590] AspectDet(h=1.50,v=0.55)+GradSplit(th=11.0,vf=0.07)                    | ✗ 9 fail
[4617/6590] AspectDet(h=1.50,v=0.55)+HistoSplit(bins=8)                            | ✗ 9 fail
[4618/6590] AspectDet(h=1.50,v=0.55)+HistoSplit(bins=12)                           | ✗ 9 fail
[4619/6590] AspectDet(h=1.50,v=0.55)+HistoSplit(bins=16)                           | ✗ 9 fail
[4620/6590] AspectDet(h=1.50,v=0.55)+HistoSplit(bins=20)                           | ✗ 9 fail
[4621/6590] AspectDet(h=1.50,v=0.55)+EdgeSplit(low=20,high=80)                     | ✗ 9 fail
[4622/6590] AspectDet(h=1.50,v=0.55)+EdgeSplit(low=30,high=100)                    | ✗ 9 fail
[4623/6590] AspectDet(h=1.50,v=0.55)+EdgeSplit(low=40,high=120)                    | ✗ 9 fail
[4624/6590] AspectDet(h=1.50,v=0.55)+EdgeSplit(low=50,high=150)                    | ✗ 9 fail
[4625/6590] AspectDet(h=1.50,v=0.60)+GradSplit(th=7.0,vf=0.04)                     | ✗ 11 fail
[4626/6590] AspectDet(h=1.50,v=0.60)+GradSplit(th=7.0,vf=0.05)                     | ✗ 11 fail
[4627/6590] AspectDet(h=1.50,v=0.60)+GradSplit(th=7.0,vf=0.06)                     | ✗ 11 fail
[4628/6590] AspectDet(h=1.50,v=0.60)+GradSplit(th=7.0,vf=0.07)                     | ✗ 11 fail
[4629/6590] AspectDet(h=1.50,v=0.60)+GradSplit(th=8.0,vf=0.04)                     | ✗ 11 fail
[4630/6590] AspectDet(h=1.50,v=0.60)+GradSplit(th=8.0,vf=0.05)                     | ✗ 11 fail
[4631/6590] AspectDet(h=1.50,v=0.60)+GradSplit(th=8.0,vf=0.06)                     | ✗ 11 fail
[4632/6590] AspectDet(h=1.50,v=0.60)+GradSplit(th=8.0,vf=0.07)                     | ✗ 11 fail
[4633/6590] AspectDet(h=1.50,v=0.60)+GradSplit(th=8.5,vf=0.04)                     | ✗ 11 fail
[4634/6590] AspectDet(h=1.50,v=0.60)+GradSplit(th=8.5,vf=0.05)                     | ✗ 11 fail
[4635/6590] AspectDet(h=1.50,v=0.60)+GradSplit(th=8.5,vf=0.06)                     | ✗ 11 fail
[4636/6590] AspectDet(h=1.50,v=0.60)+GradSplit(th=8.5,vf=0.07)                     | ✗ 11 fail
[4637/6590] AspectDet(h=1.50,v=0.60)+GradSplit(th=9.0,vf=0.04)                     | ✗ 11 fail
[4638/6590] AspectDet(h=1.50,v=0.60)+GradSplit(th=9.0,vf=0.05)                     | ✗ 11 fail
[4639/6590] AspectDet(h=1.50,v=0.60)+GradSplit(th=9.0,vf=0.06)                     | ✗ 11 fail
[4640/6590] AspectDet(h=1.50,v=0.60)+GradSplit(th=9.0,vf=0.07)                     | ✗ 11 fail
[4641/6590] AspectDet(h=1.50,v=0.60)+GradSplit(th=10.0,vf=0.04)                    | ✗ 11 fail
[4642/6590] AspectDet(h=1.50,v=0.60)+GradSplit(th=10.0,vf=0.05)                    | ✗ 11 fail
[4643/6590] AspectDet(h=1.50,v=0.60)+GradSplit(th=10.0,vf=0.06)                    | ✗ 11 fail
[4644/6590] AspectDet(h=1.50,v=0.60)+GradSplit(th=10.0,vf=0.07)                    | ✗ 11 fail
[4645/6590] AspectDet(h=1.50,v=0.60)+GradSplit(th=11.0,vf=0.04)                    | ✗ 11 fail
[4646/6590] AspectDet(h=1.50,v=0.60)+GradSplit(th=11.0,vf=0.05)                    | ✗ 11 fail
[4647/6590] AspectDet(h=1.50,v=0.60)+GradSplit(th=11.0,vf=0.06)                    | ✗ 11 fail
[4648/6590] AspectDet(h=1.50,v=0.60)+GradSplit(th=11.0,vf=0.07)                    | ✗ 11 fail
[4649/6590] AspectDet(h=1.50,v=0.60)+HistoSplit(bins=8)                            | ✗ 11 fail
[4650/6590] AspectDet(h=1.50,v=0.60)+HistoSplit(bins=12)                           | ✗ 11 fail
[4651/6590] AspectDet(h=1.50,v=0.60)+HistoSplit(bins=16)                           | ✗ 11 fail
[4652/6590] AspectDet(h=1.50,v=0.60)+HistoSplit(bins=20)                           | ✗ 11 fail
[4653/6590] AspectDet(h=1.50,v=0.60)+EdgeSplit(low=20,high=80)                     | ✗ 11 fail
[4654/6590] AspectDet(h=1.50,v=0.60)+EdgeSplit(low=30,high=100)                    | ✗ 11 fail
[4655/6590] AspectDet(h=1.50,v=0.60)+EdgeSplit(low=40,high=120)                    | ✗ 11 fail
[4656/6590] AspectDet(h=1.50,v=0.60)+EdgeSplit(low=50,high=150)                    | ✗ 11 fail
[4657/6590] AspectDet(h=1.50,v=0.65)+GradSplit(th=7.0,vf=0.04)                     | ✗ 12 fail
[4658/6590] AspectDet(h=1.50,v=0.65)+GradSplit(th=7.0,vf=0.05)                     | ✗ 12 fail
[4659/6590] AspectDet(h=1.50,v=0.65)+GradSplit(th=7.0,vf=0.06)                     | ✗ 12 fail
[4660/6590] AspectDet(h=1.50,v=0.65)+GradSplit(th=7.0,vf=0.07)                     | ✗ 12 fail
[4661/6590] AspectDet(h=1.50,v=0.65)+GradSplit(th=8.0,vf=0.04)                     | ✗ 12 fail
[4662/6590] AspectDet(h=1.50,v=0.65)+GradSplit(th=8.0,vf=0.05)                     | ✗ 12 fail
[4663/6590] AspectDet(h=1.50,v=0.65)+GradSplit(th=8.0,vf=0.06)                     | ✗ 12 fail
[4664/6590] AspectDet(h=1.50,v=0.65)+GradSplit(th=8.0,vf=0.07)                     | ✗ 12 fail
[4665/6590] AspectDet(h=1.50,v=0.65)+GradSplit(th=8.5,vf=0.04)                     | ✗ 12 fail
[4666/6590] AspectDet(h=1.50,v=0.65)+GradSplit(th=8.5,vf=0.05)                     | ✗ 12 fail
[4667/6590] AspectDet(h=1.50,v=0.65)+GradSplit(th=8.5,vf=0.06)                     | ✗ 12 fail
[4668/6590] AspectDet(h=1.50,v=0.65)+GradSplit(th=8.5,vf=0.07)                     | ✗ 12 fail
[4669/6590] AspectDet(h=1.50,v=0.65)+GradSplit(th=9.0,vf=0.04)                     | ✗ 12 fail
[4670/6590] AspectDet(h=1.50,v=0.65)+GradSplit(th=9.0,vf=0.05)                     | ✗ 12 fail
[4671/6590] AspectDet(h=1.50,v=0.65)+GradSplit(th=9.0,vf=0.06)                     | ✗ 12 fail
[4672/6590] AspectDet(h=1.50,v=0.65)+GradSplit(th=9.0,vf=0.07)                     | ✗ 12 fail
[4673/6590] AspectDet(h=1.50,v=0.65)+GradSplit(th=10.0,vf=0.04)                    | ✗ 12 fail
[4674/6590] AspectDet(h=1.50,v=0.65)+GradSplit(th=10.0,vf=0.05)                    | ✗ 12 fail
[4675/6590] AspectDet(h=1.50,v=0.65)+GradSplit(th=10.0,vf=0.06)                    | ✗ 12 fail
[4676/6590] AspectDet(h=1.50,v=0.65)+GradSplit(th=10.0,vf=0.07)                    | ✗ 12 fail
[4677/6590] AspectDet(h=1.50,v=0.65)+GradSplit(th=11.0,vf=0.04)                    | ✗ 12 fail
[4678/6590] AspectDet(h=1.50,v=0.65)+GradSplit(th=11.0,vf=0.05)                    | ✗ 12 fail
[4679/6590] AspectDet(h=1.50,v=0.65)+GradSplit(th=11.0,vf=0.06)                    | ✗ 12 fail
[4680/6590] AspectDet(h=1.50,v=0.65)+GradSplit(th=11.0,vf=0.07)                    | ✗ 12 fail
[4681/6590] AspectDet(h=1.50,v=0.65)+HistoSplit(bins=8)                            | ✗ 12 fail
[4682/6590] AspectDet(h=1.50,v=0.65)+HistoSplit(bins=12)                           | ✗ 12 fail
[4683/6590] AspectDet(h=1.50,v=0.65)+HistoSplit(bins=16)                           | ✗ 12 fail
[4684/6590] AspectDet(h=1.50,v=0.65)+HistoSplit(bins=20)                           | ✗ 12 fail
[4685/6590] AspectDet(h=1.50,v=0.65)+EdgeSplit(low=20,high=80)                     | ✗ 12 fail
[4686/6590] AspectDet(h=1.50,v=0.65)+EdgeSplit(low=30,high=100)                    | ✗ 12 fail
[4687/6590] AspectDet(h=1.50,v=0.65)+EdgeSplit(low=40,high=120)                    | ✗ 12 fail
[4688/6590] AspectDet(h=1.50,v=0.65)+EdgeSplit(low=50,high=150)                    | ✗ 12 fail
[4689/6590] AspectDet(h=1.50,v=0.70)+GradSplit(th=7.0,vf=0.04)                     | ✗ 10 fail
[4690/6590] AspectDet(h=1.50,v=0.70)+GradSplit(th=7.0,vf=0.05)                     | ✗ 10 fail
[4691/6590] AspectDet(h=1.50,v=0.70)+GradSplit(th=7.0,vf=0.06)                     | ✗ 10 fail
[4692/6590] AspectDet(h=1.50,v=0.70)+GradSplit(th=7.0,vf=0.07)                     | ✗ 10 fail
[4693/6590] AspectDet(h=1.50,v=0.70)+GradSplit(th=8.0,vf=0.04)                     | ✗ 10 fail
[4694/6590] AspectDet(h=1.50,v=0.70)+GradSplit(th=8.0,vf=0.05)                     | ✗ 10 fail
[4695/6590] AspectDet(h=1.50,v=0.70)+GradSplit(th=8.0,vf=0.06)                     | ✗ 10 fail
[4696/6590] AspectDet(h=1.50,v=0.70)+GradSplit(th=8.0,vf=0.07)                     | ✗ 10 fail
[4697/6590] AspectDet(h=1.50,v=0.70)+GradSplit(th=8.5,vf=0.04)                     | ✗ 10 fail
[4698/6590] AspectDet(h=1.50,v=0.70)+GradSplit(th=8.5,vf=0.05)                     | ✗ 10 fail
[4699/6590] AspectDet(h=1.50,v=0.70)+GradSplit(th=8.5,vf=0.06)                     | ✗ 10 fail
[4700/6590] AspectDet(h=1.50,v=0.70)+GradSplit(th=8.5,vf=0.07)                     | ✗ 10 fail
[4701/6590] AspectDet(h=1.50,v=0.70)+GradSplit(th=9.0,vf=0.04)                     | ✗ 10 fail
[4702/6590] AspectDet(h=1.50,v=0.70)+GradSplit(th=9.0,vf=0.05)                     | ✗ 10 fail
[4703/6590] AspectDet(h=1.50,v=0.70)+GradSplit(th=9.0,vf=0.06)                     | ✗ 10 fail
[4704/6590] AspectDet(h=1.50,v=0.70)+GradSplit(th=9.0,vf=0.07)                     | ✗ 10 fail
[4705/6590] AspectDet(h=1.50,v=0.70)+GradSplit(th=10.0,vf=0.04)                    | ✗ 10 fail
[4706/6590] AspectDet(h=1.50,v=0.70)+GradSplit(th=10.0,vf=0.05)                    | ✗ 10 fail
[4707/6590] AspectDet(h=1.50,v=0.70)+GradSplit(th=10.0,vf=0.06)                    | ✗ 10 fail
[4708/6590] AspectDet(h=1.50,v=0.70)+GradSplit(th=10.0,vf=0.07)                    | ✗ 10 fail
[4709/6590] AspectDet(h=1.50,v=0.70)+GradSplit(th=11.0,vf=0.04)                    | ✗ 10 fail
[4710/6590] AspectDet(h=1.50,v=0.70)+GradSplit(th=11.0,vf=0.05)                    | ✗ 10 fail
[4711/6590] AspectDet(h=1.50,v=0.70)+GradSplit(th=11.0,vf=0.06)                    | ✗ 10 fail
[4712/6590] AspectDet(h=1.50,v=0.70)+GradSplit(th=11.0,vf=0.07)                    | ✗ 10 fail
[4713/6590] AspectDet(h=1.50,v=0.70)+HistoSplit(bins=8)                            | ✗ 10 fail
[4714/6590] AspectDet(h=1.50,v=0.70)+HistoSplit(bins=12)                           | ✗ 10 fail
[4715/6590] AspectDet(h=1.50,v=0.70)+HistoSplit(bins=16)                           | ✗ 10 fail
[4716/6590] AspectDet(h=1.50,v=0.70)+HistoSplit(bins=20)                           | ✗ 10 fail
[4717/6590] AspectDet(h=1.50,v=0.70)+EdgeSplit(low=20,high=80)                     | ✗ 10 fail
[4718/6590] AspectDet(h=1.50,v=0.70)+EdgeSplit(low=30,high=100)                    | ✗ 10 fail
[4719/6590] AspectDet(h=1.50,v=0.70)+EdgeSplit(low=40,high=120)                    | ✗ 10 fail
[4720/6590] AspectDet(h=1.50,v=0.70)+EdgeSplit(low=50,high=150)                    | ✗ 10 fail
[4721/6590] AspectDet(h=1.50,v=0.75)+GradSplit(th=7.0,vf=0.04)                     | ✗ 12 fail
[4722/6590] AspectDet(h=1.50,v=0.75)+GradSplit(th=7.0,vf=0.05)                     | ✗ 12 fail
[4723/6590] AspectDet(h=1.50,v=0.75)+GradSplit(th=7.0,vf=0.06)                     | ✗ 12 fail
[4724/6590] AspectDet(h=1.50,v=0.75)+GradSplit(th=7.0,vf=0.07)                     | ✗ 12 fail
[4725/6590] AspectDet(h=1.50,v=0.75)+GradSplit(th=8.0,vf=0.04)                     | ✗ 12 fail
[4726/6590] AspectDet(h=1.50,v=0.75)+GradSplit(th=8.0,vf=0.05)                     | ✗ 12 fail
[4727/6590] AspectDet(h=1.50,v=0.75)+GradSplit(th=8.0,vf=0.06)                     | ✗ 12 fail
[4728/6590] AspectDet(h=1.50,v=0.75)+GradSplit(th=8.0,vf=0.07)                     | ✗ 12 fail
[4729/6590] AspectDet(h=1.50,v=0.75)+GradSplit(th=8.5,vf=0.04)                     | ✗ 12 fail
[4730/6590] AspectDet(h=1.50,v=0.75)+GradSplit(th=8.5,vf=0.05)                     | ✗ 12 fail
[4731/6590] AspectDet(h=1.50,v=0.75)+GradSplit(th=8.5,vf=0.06)                     | ✗ 12 fail
[4732/6590] AspectDet(h=1.50,v=0.75)+GradSplit(th=8.5,vf=0.07)                     | ✗ 12 fail
[4733/6590] AspectDet(h=1.50,v=0.75)+GradSplit(th=9.0,vf=0.04)                     | ✗ 12 fail
[4734/6590] AspectDet(h=1.50,v=0.75)+GradSplit(th=9.0,vf=0.05)                     | ✗ 12 fail
[4735/6590] AspectDet(h=1.50,v=0.75)+GradSplit(th=9.0,vf=0.06)                     | ✗ 12 fail
[4736/6590] AspectDet(h=1.50,v=0.75)+GradSplit(th=9.0,vf=0.07)                     | ✗ 12 fail
[4737/6590] AspectDet(h=1.50,v=0.75)+GradSplit(th=10.0,vf=0.04)                    | ✗ 12 fail
[4738/6590] AspectDet(h=1.50,v=0.75)+GradSplit(th=10.0,vf=0.05)                    | ✗ 12 fail
[4739/6590] AspectDet(h=1.50,v=0.75)+GradSplit(th=10.0,vf=0.06)                    | ✗ 12 fail
[4740/6590] AspectDet(h=1.50,v=0.75)+GradSplit(th=10.0,vf=0.07)                    | ✗ 12 fail
[4741/6590] AspectDet(h=1.50,v=0.75)+GradSplit(th=11.0,vf=0.04)                    | ✗ 12 fail
[4742/6590] AspectDet(h=1.50,v=0.75)+GradSplit(th=11.0,vf=0.05)                    | ✗ 12 fail
[4743/6590] AspectDet(h=1.50,v=0.75)+GradSplit(th=11.0,vf=0.06)                    | ✗ 12 fail
[4744/6590] AspectDet(h=1.50,v=0.75)+GradSplit(th=11.0,vf=0.07)                    | ✗ 12 fail
[4745/6590] AspectDet(h=1.50,v=0.75)+HistoSplit(bins=8)                            | ✗ 12 fail
[4746/6590] AspectDet(h=1.50,v=0.75)+HistoSplit(bins=12)                           | ✗ 12 fail
[4747/6590] AspectDet(h=1.50,v=0.75)+HistoSplit(bins=16)                           | ✗ 12 fail
[4748/6590] AspectDet(h=1.50,v=0.75)+HistoSplit(bins=20)                           | ✗ 12 fail
[4749/6590] AspectDet(h=1.50,v=0.75)+EdgeSplit(low=20,high=80)                     | ✗ 12 fail
[4750/6590] AspectDet(h=1.50,v=0.75)+EdgeSplit(low=30,high=100)                    | ✗ 12 fail
[4751/6590] AspectDet(h=1.50,v=0.75)+EdgeSplit(low=40,high=120)                    | ✗ 12 fail
[4752/6590] AspectDet(h=1.50,v=0.75)+EdgeSplit(low=50,high=150)                    | ✗ 12 fail
[4753/6590] AspectDet(h=1.50,v=0.80)+GradSplit(th=7.0,vf=0.04)                     | ✗ 14 fail
[4754/6590] AspectDet(h=1.50,v=0.80)+GradSplit(th=7.0,vf=0.05)                     | ✗ 14 fail
[4755/6590] AspectDet(h=1.50,v=0.80)+GradSplit(th=7.0,vf=0.06)                     | ✗ 14 fail
[4756/6590] AspectDet(h=1.50,v=0.80)+GradSplit(th=7.0,vf=0.07)                     | ✗ 14 fail
[4757/6590] AspectDet(h=1.50,v=0.80)+GradSplit(th=8.0,vf=0.04)                     | ✗ 14 fail
[4758/6590] AspectDet(h=1.50,v=0.80)+GradSplit(th=8.0,vf=0.05)                     | ✗ 14 fail
[4759/6590] AspectDet(h=1.50,v=0.80)+GradSplit(th=8.0,vf=0.06)                     | ✗ 14 fail
[4760/6590] AspectDet(h=1.50,v=0.80)+GradSplit(th=8.0,vf=0.07)                     | ✗ 14 fail
[4761/6590] AspectDet(h=1.50,v=0.80)+GradSplit(th=8.5,vf=0.04)                     | ✗ 14 fail
[4762/6590] AspectDet(h=1.50,v=0.80)+GradSplit(th=8.5,vf=0.05)                     | ✗ 14 fail
[4763/6590] AspectDet(h=1.50,v=0.80)+GradSplit(th=8.5,vf=0.06)                     | ✗ 14 fail
[4764/6590] AspectDet(h=1.50,v=0.80)+GradSplit(th=8.5,vf=0.07)                     | ✗ 14 fail
[4765/6590] AspectDet(h=1.50,v=0.80)+GradSplit(th=9.0,vf=0.04)                     | ✗ 14 fail
[4766/6590] AspectDet(h=1.50,v=0.80)+GradSplit(th=9.0,vf=0.05)                     | ✗ 14 fail
[4767/6590] AspectDet(h=1.50,v=0.80)+GradSplit(th=9.0,vf=0.06)                     | ✗ 14 fail
[4768/6590] AspectDet(h=1.50,v=0.80)+GradSplit(th=9.0,vf=0.07)                     | ✗ 14 fail
[4769/6590] AspectDet(h=1.50,v=0.80)+GradSplit(th=10.0,vf=0.04)                    | ✗ 14 fail
[4770/6590] AspectDet(h=1.50,v=0.80)+GradSplit(th=10.0,vf=0.05)                    | ✗ 14 fail
[4771/6590] AspectDet(h=1.50,v=0.80)+GradSplit(th=10.0,vf=0.06)                    | ✗ 14 fail
[4772/6590] AspectDet(h=1.50,v=0.80)+GradSplit(th=10.0,vf=0.07)                    | ✗ 14 fail
[4773/6590] AspectDet(h=1.50,v=0.80)+GradSplit(th=11.0,vf=0.04)                    | ✗ 14 fail
[4774/6590] AspectDet(h=1.50,v=0.80)+GradSplit(th=11.0,vf=0.05)                    | ✗ 14 fail
[4775/6590] AspectDet(h=1.50,v=0.80)+GradSplit(th=11.0,vf=0.06)                    | ✗ 14 fail
[4776/6590] AspectDet(h=1.50,v=0.80)+GradSplit(th=11.0,vf=0.07)                    | ✗ 14 fail
[4777/6590] AspectDet(h=1.50,v=0.80)+HistoSplit(bins=8)                            | ✗ 14 fail
[4778/6590] AspectDet(h=1.50,v=0.80)+HistoSplit(bins=12)                           | ✗ 14 fail
[4779/6590] AspectDet(h=1.50,v=0.80)+HistoSplit(bins=16)                           | ✗ 14 fail
[4780/6590] AspectDet(h=1.50,v=0.80)+HistoSplit(bins=20)                           | ✗ 14 fail
[4781/6590] AspectDet(h=1.50,v=0.80)+EdgeSplit(low=20,high=80)                     | ✗ 14 fail
[4782/6590] AspectDet(h=1.50,v=0.80)+EdgeSplit(low=30,high=100)                    | ✗ 14 fail
[4783/6590] AspectDet(h=1.50,v=0.80)+EdgeSplit(low=40,high=120)                    | ✗ 14 fail
[4784/6590] AspectDet(h=1.50,v=0.80)+EdgeSplit(low=50,high=150)                    | ✗ 14 fail
[4785/6590] AspectDet(h=1.60,v=0.50)+GradSplit(th=7.0,vf=0.04)                     | ✗ 7 fail
[4786/6590] AspectDet(h=1.60,v=0.50)+GradSplit(th=7.0,vf=0.05)                     | ✗ 7 fail
[4787/6590] AspectDet(h=1.60,v=0.50)+GradSplit(th=7.0,vf=0.06)                     | ✗ 7 fail
[4788/6590] AspectDet(h=1.60,v=0.50)+GradSplit(th=7.0,vf=0.07)                     | ✗ 7 fail
[4789/6590] AspectDet(h=1.60,v=0.50)+GradSplit(th=8.0,vf=0.04)                     | ✗ 7 fail
[4790/6590] AspectDet(h=1.60,v=0.50)+GradSplit(th=8.0,vf=0.05)                     | ✗ 7 fail
[4791/6590] AspectDet(h=1.60,v=0.50)+GradSplit(th=8.0,vf=0.06)                     | ✗ 7 fail
[4792/6590] AspectDet(h=1.60,v=0.50)+GradSplit(th=8.0,vf=0.07)                     | ✗ 7 fail
[4793/6590] AspectDet(h=1.60,v=0.50)+GradSplit(th=8.5,vf=0.04)                     | ✗ 7 fail
[4794/6590] AspectDet(h=1.60,v=0.50)+GradSplit(th=8.5,vf=0.05)                     | ✗ 7 fail
[4795/6590] AspectDet(h=1.60,v=0.50)+GradSplit(th=8.5,vf=0.06)                     | ✗ 7 fail
[4796/6590] AspectDet(h=1.60,v=0.50)+GradSplit(th=8.5,vf=0.07)                     | ✗ 7 fail
[4797/6590] AspectDet(h=1.60,v=0.50)+GradSplit(th=9.0,vf=0.04)                     | ✗ 7 fail
[4798/6590] AspectDet(h=1.60,v=0.50)+GradSplit(th=9.0,vf=0.05)                     | ✗ 7 fail
[4799/6590] AspectDet(h=1.60,v=0.50)+GradSplit(th=9.0,vf=0.06)                     | ✗ 7 fail
[4800/6590] AspectDet(h=1.60,v=0.50)+GradSplit(th=9.0,vf=0.07)                     | ✗ 7 fail
[4801/6590] AspectDet(h=1.60,v=0.50)+GradSplit(th=10.0,vf=0.04)                    | ✗ 7 fail
[4802/6590] AspectDet(h=1.60,v=0.50)+GradSplit(th=10.0,vf=0.05)                    | ✗ 7 fail
[4803/6590] AspectDet(h=1.60,v=0.50)+GradSplit(th=10.0,vf=0.06)                    | ✗ 7 fail
[4804/6590] AspectDet(h=1.60,v=0.50)+GradSplit(th=10.0,vf=0.07)                    | ✗ 7 fail
[4805/6590] AspectDet(h=1.60,v=0.50)+GradSplit(th=11.0,vf=0.04)                    | ✗ 7 fail
[4806/6590] AspectDet(h=1.60,v=0.50)+GradSplit(th=11.0,vf=0.05)                    | ✗ 7 fail
[4807/6590] AspectDet(h=1.60,v=0.50)+GradSplit(th=11.0,vf=0.06)                    | ✗ 7 fail
[4808/6590] AspectDet(h=1.60,v=0.50)+GradSplit(th=11.0,vf=0.07)                    | ✗ 7 fail
[4809/6590] AspectDet(h=1.60,v=0.50)+HistoSplit(bins=8)                            | ✗ 7 fail
[4810/6590] AspectDet(h=1.60,v=0.50)+HistoSplit(bins=12)                           | ✗ 7 fail
[4811/6590] AspectDet(h=1.60,v=0.50)+HistoSplit(bins=16)                           | ✗ 7 fail
[4812/6590] AspectDet(h=1.60,v=0.50)+HistoSplit(bins=20)                           | ✗ 7 fail
[4813/6590] AspectDet(h=1.60,v=0.50)+EdgeSplit(low=20,high=80)                     | ✗ 7 fail
[4814/6590] AspectDet(h=1.60,v=0.50)+EdgeSplit(low=30,high=100)                    | ✗ 7 fail
[4815/6590] AspectDet(h=1.60,v=0.50)+EdgeSplit(low=40,high=120)                    | ✗ 7 fail
[4816/6590] AspectDet(h=1.60,v=0.50)+EdgeSplit(low=50,high=150)                    | ✗ 7 fail
[4817/6590] AspectDet(h=1.60,v=0.55)+GradSplit(th=7.0,vf=0.04)                     | ✗ 7 fail
[4818/6590] AspectDet(h=1.60,v=0.55)+GradSplit(th=7.0,vf=0.05)                     | ✗ 7 fail
[4819/6590] AspectDet(h=1.60,v=0.55)+GradSplit(th=7.0,vf=0.06)                     | ✗ 7 fail
[4820/6590] AspectDet(h=1.60,v=0.55)+GradSplit(th=7.0,vf=0.07)                     | ✗ 7 fail
[4821/6590] AspectDet(h=1.60,v=0.55)+GradSplit(th=8.0,vf=0.04)                     | ✗ 7 fail
[4822/6590] AspectDet(h=1.60,v=0.55)+GradSplit(th=8.0,vf=0.05)                     | ✗ 7 fail
[4823/6590] AspectDet(h=1.60,v=0.55)+GradSplit(th=8.0,vf=0.06)                     | ✗ 7 fail
[4824/6590] AspectDet(h=1.60,v=0.55)+GradSplit(th=8.0,vf=0.07)                     | ✗ 7 fail
[4825/6590] AspectDet(h=1.60,v=0.55)+GradSplit(th=8.5,vf=0.04)                     | ✗ 7 fail
[4826/6590] AspectDet(h=1.60,v=0.55)+GradSplit(th=8.5,vf=0.05)                     | ✗ 7 fail
[4827/6590] AspectDet(h=1.60,v=0.55)+GradSplit(th=8.5,vf=0.06)                     | ✗ 7 fail
[4828/6590] AspectDet(h=1.60,v=0.55)+GradSplit(th=8.5,vf=0.07)                     | ✗ 7 fail
[4829/6590] AspectDet(h=1.60,v=0.55)+GradSplit(th=9.0,vf=0.04)                     | ✗ 7 fail
[4830/6590] AspectDet(h=1.60,v=0.55)+GradSplit(th=9.0,vf=0.05)                     | ✗ 7 fail
[4831/6590] AspectDet(h=1.60,v=0.55)+GradSplit(th=9.0,vf=0.06)                     | ✗ 7 fail
[4832/6590] AspectDet(h=1.60,v=0.55)+GradSplit(th=9.0,vf=0.07)                     | ✗ 7 fail
[4833/6590] AspectDet(h=1.60,v=0.55)+GradSplit(th=10.0,vf=0.04)                    | ✗ 7 fail
[4834/6590] AspectDet(h=1.60,v=0.55)+GradSplit(th=10.0,vf=0.05)                    | ✗ 7 fail
[4835/6590] AspectDet(h=1.60,v=0.55)+GradSplit(th=10.0,vf=0.06)                    | ✗ 7 fail
[4836/6590] AspectDet(h=1.60,v=0.55)+GradSplit(th=10.0,vf=0.07)                    | ✗ 7 fail
[4837/6590] AspectDet(h=1.60,v=0.55)+GradSplit(th=11.0,vf=0.04)                    | ✗ 7 fail
[4838/6590] AspectDet(h=1.60,v=0.55)+GradSplit(th=11.0,vf=0.05)                    | ✗ 7 fail
[4839/6590] AspectDet(h=1.60,v=0.55)+GradSplit(th=11.0,vf=0.06)                    | ✗ 7 fail
[4840/6590] AspectDet(h=1.60,v=0.55)+GradSplit(th=11.0,vf=0.07)                    | ✗ 7 fail
[4841/6590] AspectDet(h=1.60,v=0.55)+HistoSplit(bins=8)                            | ✗ 7 fail
[4842/6590] AspectDet(h=1.60,v=0.55)+HistoSplit(bins=12)                           | ✗ 7 fail
[4843/6590] AspectDet(h=1.60,v=0.55)+HistoSplit(bins=16)                           | ✗ 7 fail
[4844/6590] AspectDet(h=1.60,v=0.55)+HistoSplit(bins=20)                           | ✗ 7 fail
[4845/6590] AspectDet(h=1.60,v=0.55)+EdgeSplit(low=20,high=80)                     | ✗ 7 fail
[4846/6590] AspectDet(h=1.60,v=0.55)+EdgeSplit(low=30,high=100)                    | ✗ 7 fail
[4847/6590] AspectDet(h=1.60,v=0.55)+EdgeSplit(low=40,high=120)                    | ✗ 7 fail
[4848/6590] AspectDet(h=1.60,v=0.55)+EdgeSplit(low=50,high=150)                    | ✗ 7 fail
[4849/6590] AspectDet(h=1.60,v=0.60)+GradSplit(th=7.0,vf=0.04)                     | ✗ 9 fail
[4850/6590] AspectDet(h=1.60,v=0.60)+GradSplit(th=7.0,vf=0.05)                     | ✗ 9 fail
[4851/6590] AspectDet(h=1.60,v=0.60)+GradSplit(th=7.0,vf=0.06)                     | ✗ 9 fail
[4852/6590] AspectDet(h=1.60,v=0.60)+GradSplit(th=7.0,vf=0.07)                     | ✗ 9 fail
[4853/6590] AspectDet(h=1.60,v=0.60)+GradSplit(th=8.0,vf=0.04)                     | ✗ 9 fail
[4854/6590] AspectDet(h=1.60,v=0.60)+GradSplit(th=8.0,vf=0.05)                     | ✗ 9 fail
[4855/6590] AspectDet(h=1.60,v=0.60)+GradSplit(th=8.0,vf=0.06)                     | ✗ 9 fail
[4856/6590] AspectDet(h=1.60,v=0.60)+GradSplit(th=8.0,vf=0.07)                     | ✗ 9 fail
[4857/6590] AspectDet(h=1.60,v=0.60)+GradSplit(th=8.5,vf=0.04)                     | ✗ 9 fail
[4858/6590] AspectDet(h=1.60,v=0.60)+GradSplit(th=8.5,vf=0.05)                     | ✗ 9 fail
[4859/6590] AspectDet(h=1.60,v=0.60)+GradSplit(th=8.5,vf=0.06)                     | ✗ 9 fail
[4860/6590] AspectDet(h=1.60,v=0.60)+GradSplit(th=8.5,vf=0.07)                     | ✗ 9 fail
[4861/6590] AspectDet(h=1.60,v=0.60)+GradSplit(th=9.0,vf=0.04)                     | ✗ 9 fail
[4862/6590] AspectDet(h=1.60,v=0.60)+GradSplit(th=9.0,vf=0.05)                     | ✗ 9 fail
[4863/6590] AspectDet(h=1.60,v=0.60)+GradSplit(th=9.0,vf=0.06)                     | ✗ 9 fail
[4864/6590] AspectDet(h=1.60,v=0.60)+GradSplit(th=9.0,vf=0.07)                     | ✗ 9 fail
[4865/6590] AspectDet(h=1.60,v=0.60)+GradSplit(th=10.0,vf=0.04)                    | ✗ 9 fail
[4866/6590] AspectDet(h=1.60,v=0.60)+GradSplit(th=10.0,vf=0.05)                    | ✗ 9 fail
[4867/6590] AspectDet(h=1.60,v=0.60)+GradSplit(th=10.0,vf=0.06)                    | ✗ 9 fail
[4868/6590] AspectDet(h=1.60,v=0.60)+GradSplit(th=10.0,vf=0.07)                    | ✗ 9 fail
[4869/6590] AspectDet(h=1.60,v=0.60)+GradSplit(th=11.0,vf=0.04)                    | ✗ 9 fail
[4870/6590] AspectDet(h=1.60,v=0.60)+GradSplit(th=11.0,vf=0.05)                    | ✗ 9 fail
[4871/6590] AspectDet(h=1.60,v=0.60)+GradSplit(th=11.0,vf=0.06)                    | ✗ 9 fail
[4872/6590] AspectDet(h=1.60,v=0.60)+GradSplit(th=11.0,vf=0.07)                    | ✗ 9 fail
[4873/6590] AspectDet(h=1.60,v=0.60)+HistoSplit(bins=8)                            | ✗ 9 fail
[4874/6590] AspectDet(h=1.60,v=0.60)+HistoSplit(bins=12)                           | ✗ 9 fail
[4875/6590] AspectDet(h=1.60,v=0.60)+HistoSplit(bins=16)                           | ✗ 9 fail
[4876/6590] AspectDet(h=1.60,v=0.60)+HistoSplit(bins=20)                           | ✗ 9 fail
[4877/6590] AspectDet(h=1.60,v=0.60)+EdgeSplit(low=20,high=80)                     | ✗ 9 fail
[4878/6590] AspectDet(h=1.60,v=0.60)+EdgeSplit(low=30,high=100)                    | ✗ 9 fail
[4879/6590] AspectDet(h=1.60,v=0.60)+EdgeSplit(low=40,high=120)                    | ✗ 9 fail
[4880/6590] AspectDet(h=1.60,v=0.60)+EdgeSplit(low=50,high=150)                    | ✗ 9 fail
[4881/6590] AspectDet(h=1.60,v=0.65)+GradSplit(th=7.0,vf=0.04)                     | ✗ 10 fail
[4882/6590] AspectDet(h=1.60,v=0.65)+GradSplit(th=7.0,vf=0.05)                     | ✗ 10 fail
[4883/6590] AspectDet(h=1.60,v=0.65)+GradSplit(th=7.0,vf=0.06)                     | ✗ 10 fail
[4884/6590] AspectDet(h=1.60,v=0.65)+GradSplit(th=7.0,vf=0.07)                     | ✗ 10 fail
[4885/6590] AspectDet(h=1.60,v=0.65)+GradSplit(th=8.0,vf=0.04)                     | ✗ 10 fail
[4886/6590] AspectDet(h=1.60,v=0.65)+GradSplit(th=8.0,vf=0.05)                     | ✗ 10 fail
[4887/6590] AspectDet(h=1.60,v=0.65)+GradSplit(th=8.0,vf=0.06)                     | ✗ 10 fail
[4888/6590] AspectDet(h=1.60,v=0.65)+GradSplit(th=8.0,vf=0.07)                     | ✗ 10 fail
[4889/6590] AspectDet(h=1.60,v=0.65)+GradSplit(th=8.5,vf=0.04)                     | ✗ 10 fail
[4890/6590] AspectDet(h=1.60,v=0.65)+GradSplit(th=8.5,vf=0.05)                     | ✗ 10 fail
[4891/6590] AspectDet(h=1.60,v=0.65)+GradSplit(th=8.5,vf=0.06)                     | ✗ 10 fail
[4892/6590] AspectDet(h=1.60,v=0.65)+GradSplit(th=8.5,vf=0.07)                     | ✗ 10 fail
[4893/6590] AspectDet(h=1.60,v=0.65)+GradSplit(th=9.0,vf=0.04)                     | ✗ 10 fail
[4894/6590] AspectDet(h=1.60,v=0.65)+GradSplit(th=9.0,vf=0.05)                     | ✗ 10 fail
[4895/6590] AspectDet(h=1.60,v=0.65)+GradSplit(th=9.0,vf=0.06)                     | ✗ 10 fail
[4896/6590] AspectDet(h=1.60,v=0.65)+GradSplit(th=9.0,vf=0.07)                     | ✗ 10 fail
[4897/6590] AspectDet(h=1.60,v=0.65)+GradSplit(th=10.0,vf=0.04)                    | ✗ 10 fail
[4898/6590] AspectDet(h=1.60,v=0.65)+GradSplit(th=10.0,vf=0.05)                    | ✗ 10 fail
[4899/6590] AspectDet(h=1.60,v=0.65)+GradSplit(th=10.0,vf=0.06)                    | ✗ 10 fail
[4900/6590] AspectDet(h=1.60,v=0.65)+GradSplit(th=10.0,vf=0.07)                    | ✗ 10 fail
[4901/6590] AspectDet(h=1.60,v=0.65)+GradSplit(th=11.0,vf=0.04)                    | ✗ 10 fail
[4902/6590] AspectDet(h=1.60,v=0.65)+GradSplit(th=11.0,vf=0.05)                    | ✗ 10 fail
[4903/6590] AspectDet(h=1.60,v=0.65)+GradSplit(th=11.0,vf=0.06)                    | ✗ 10 fail
[4904/6590] AspectDet(h=1.60,v=0.65)+GradSplit(th=11.0,vf=0.07)                    | ✗ 10 fail
[4905/6590] AspectDet(h=1.60,v=0.65)+HistoSplit(bins=8)                            | ✗ 10 fail
[4906/6590] AspectDet(h=1.60,v=0.65)+HistoSplit(bins=12)                           | ✗ 10 fail
[4907/6590] AspectDet(h=1.60,v=0.65)+HistoSplit(bins=16)                           | ✗ 10 fail
[4908/6590] AspectDet(h=1.60,v=0.65)+HistoSplit(bins=20)                           | ✗ 10 fail
[4909/6590] AspectDet(h=1.60,v=0.65)+EdgeSplit(low=20,high=80)                     | ✗ 10 fail
[4910/6590] AspectDet(h=1.60,v=0.65)+EdgeSplit(low=30,high=100)                    | ✗ 10 fail
[4911/6590] AspectDet(h=1.60,v=0.65)+EdgeSplit(low=40,high=120)                    | ✗ 10 fail
[4912/6590] AspectDet(h=1.60,v=0.65)+EdgeSplit(low=50,high=150)                    | ✗ 10 fail
[4913/6590] AspectDet(h=1.60,v=0.70)+GradSplit(th=7.0,vf=0.04)                     | ✗ 8 fail
[4914/6590] AspectDet(h=1.60,v=0.70)+GradSplit(th=7.0,vf=0.05)                     | ✗ 8 fail
[4915/6590] AspectDet(h=1.60,v=0.70)+GradSplit(th=7.0,vf=0.06)                     | ✗ 8 fail
[4916/6590] AspectDet(h=1.60,v=0.70)+GradSplit(th=7.0,vf=0.07)                     | ✗ 8 fail
[4917/6590] AspectDet(h=1.60,v=0.70)+GradSplit(th=8.0,vf=0.04)                     | ✗ 8 fail
[4918/6590] AspectDet(h=1.60,v=0.70)+GradSplit(th=8.0,vf=0.05)                     | ✗ 8 fail
[4919/6590] AspectDet(h=1.60,v=0.70)+GradSplit(th=8.0,vf=0.06)                     | ✗ 8 fail
[4920/6590] AspectDet(h=1.60,v=0.70)+GradSplit(th=8.0,vf=0.07)                     | ✗ 8 fail
[4921/6590] AspectDet(h=1.60,v=0.70)+GradSplit(th=8.5,vf=0.04)                     | ✗ 8 fail
[4922/6590] AspectDet(h=1.60,v=0.70)+GradSplit(th=8.5,vf=0.05)                     | ✗ 8 fail
[4923/6590] AspectDet(h=1.60,v=0.70)+GradSplit(th=8.5,vf=0.06)                     | ✗ 8 fail
[4924/6590] AspectDet(h=1.60,v=0.70)+GradSplit(th=8.5,vf=0.07)                     | ✗ 8 fail
[4925/6590] AspectDet(h=1.60,v=0.70)+GradSplit(th=9.0,vf=0.04)                     | ✗ 8 fail
[4926/6590] AspectDet(h=1.60,v=0.70)+GradSplit(th=9.0,vf=0.05)                     | ✗ 8 fail
[4927/6590] AspectDet(h=1.60,v=0.70)+GradSplit(th=9.0,vf=0.06)                     | ✗ 8 fail
[4928/6590] AspectDet(h=1.60,v=0.70)+GradSplit(th=9.0,vf=0.07)                     | ✗ 8 fail
[4929/6590] AspectDet(h=1.60,v=0.70)+GradSplit(th=10.0,vf=0.04)                    | ✗ 8 fail
[4930/6590] AspectDet(h=1.60,v=0.70)+GradSplit(th=10.0,vf=0.05)                    | ✗ 8 fail
[4931/6590] AspectDet(h=1.60,v=0.70)+GradSplit(th=10.0,vf=0.06)                    | ✗ 8 fail
[4932/6590] AspectDet(h=1.60,v=0.70)+GradSplit(th=10.0,vf=0.07)                    | ✗ 8 fail
[4933/6590] AspectDet(h=1.60,v=0.70)+GradSplit(th=11.0,vf=0.04)                    | ✗ 8 fail
[4934/6590] AspectDet(h=1.60,v=0.70)+GradSplit(th=11.0,vf=0.05)                    | ✗ 8 fail
[4935/6590] AspectDet(h=1.60,v=0.70)+GradSplit(th=11.0,vf=0.06)                    | ✗ 8 fail
[4936/6590] AspectDet(h=1.60,v=0.70)+GradSplit(th=11.0,vf=0.07)                    | ✗ 8 fail
[4937/6590] AspectDet(h=1.60,v=0.70)+HistoSplit(bins=8)                            | ✗ 8 fail
[4938/6590] AspectDet(h=1.60,v=0.70)+HistoSplit(bins=12)                           | ✗ 8 fail
[4939/6590] AspectDet(h=1.60,v=0.70)+HistoSplit(bins=16)                           | ✗ 8 fail
[4940/6590] AspectDet(h=1.60,v=0.70)+HistoSplit(bins=20)                           | ✗ 8 fail
[4941/6590] AspectDet(h=1.60,v=0.70)+EdgeSplit(low=20,high=80)                     | ✗ 8 fail
[4942/6590] AspectDet(h=1.60,v=0.70)+EdgeSplit(low=30,high=100)                    | ✗ 8 fail
[4943/6590] AspectDet(h=1.60,v=0.70)+EdgeSplit(low=40,high=120)                    | ✗ 8 fail
[4944/6590] AspectDet(h=1.60,v=0.70)+EdgeSplit(low=50,high=150)                    | ✗ 8 fail
[4945/6590] AspectDet(h=1.60,v=0.75)+GradSplit(th=7.0,vf=0.04)                     | ✗ 10 fail
[4946/6590] AspectDet(h=1.60,v=0.75)+GradSplit(th=7.0,vf=0.05)                     | ✗ 10 fail
[4947/6590] AspectDet(h=1.60,v=0.75)+GradSplit(th=7.0,vf=0.06)                     | ✗ 10 fail
[4948/6590] AspectDet(h=1.60,v=0.75)+GradSplit(th=7.0,vf=0.07)                     | ✗ 10 fail
[4949/6590] AspectDet(h=1.60,v=0.75)+GradSplit(th=8.0,vf=0.04)                     | ✗ 10 fail
[4950/6590] AspectDet(h=1.60,v=0.75)+GradSplit(th=8.0,vf=0.05)                     | ✗ 10 fail
[4951/6590] AspectDet(h=1.60,v=0.75)+GradSplit(th=8.0,vf=0.06)                     | ✗ 10 fail
[4952/6590] AspectDet(h=1.60,v=0.75)+GradSplit(th=8.0,vf=0.07)                     | ✗ 10 fail
[4953/6590] AspectDet(h=1.60,v=0.75)+GradSplit(th=8.5,vf=0.04)                     | ✗ 10 fail
[4954/6590] AspectDet(h=1.60,v=0.75)+GradSplit(th=8.5,vf=0.05)                     | ✗ 10 fail
[4955/6590] AspectDet(h=1.60,v=0.75)+GradSplit(th=8.5,vf=0.06)                     | ✗ 10 fail
[4956/6590] AspectDet(h=1.60,v=0.75)+GradSplit(th=8.5,vf=0.07)                     | ✗ 10 fail
[4957/6590] AspectDet(h=1.60,v=0.75)+GradSplit(th=9.0,vf=0.04)                     | ✗ 10 fail
[4958/6590] AspectDet(h=1.60,v=0.75)+GradSplit(th=9.0,vf=0.05)                     | ✗ 10 fail
[4959/6590] AspectDet(h=1.60,v=0.75)+GradSplit(th=9.0,vf=0.06)                     | ✗ 10 fail
[4960/6590] AspectDet(h=1.60,v=0.75)+GradSplit(th=9.0,vf=0.07)                     | ✗ 10 fail
[4961/6590] AspectDet(h=1.60,v=0.75)+GradSplit(th=10.0,vf=0.04)                    | ✗ 10 fail
[4962/6590] AspectDet(h=1.60,v=0.75)+GradSplit(th=10.0,vf=0.05)                    | ✗ 10 fail
[4963/6590] AspectDet(h=1.60,v=0.75)+GradSplit(th=10.0,vf=0.06)                    | ✗ 10 fail
[4964/6590] AspectDet(h=1.60,v=0.75)+GradSplit(th=10.0,vf=0.07)                    | ✗ 10 fail
[4965/6590] AspectDet(h=1.60,v=0.75)+GradSplit(th=11.0,vf=0.04)                    | ✗ 10 fail
[4966/6590] AspectDet(h=1.60,v=0.75)+GradSplit(th=11.0,vf=0.05)                    | ✗ 10 fail
[4967/6590] AspectDet(h=1.60,v=0.75)+GradSplit(th=11.0,vf=0.06)                    | ✗ 10 fail
[4968/6590] AspectDet(h=1.60,v=0.75)+GradSplit(th=11.0,vf=0.07)                    | ✗ 10 fail
[4969/6590] AspectDet(h=1.60,v=0.75)+HistoSplit(bins=8)                            | ✗ 10 fail
[4970/6590] AspectDet(h=1.60,v=0.75)+HistoSplit(bins=12)                           | ✗ 10 fail
[4971/6590] AspectDet(h=1.60,v=0.75)+HistoSplit(bins=16)                           | ✗ 10 fail
[4972/6590] AspectDet(h=1.60,v=0.75)+HistoSplit(bins=20)                           | ✗ 10 fail
[4973/6590] AspectDet(h=1.60,v=0.75)+EdgeSplit(low=20,high=80)                     | ✗ 10 fail
[4974/6590] AspectDet(h=1.60,v=0.75)+EdgeSplit(low=30,high=100)                    | ✗ 10 fail
[4975/6590] AspectDet(h=1.60,v=0.75)+EdgeSplit(low=40,high=120)                    | ✗ 10 fail
[4976/6590] AspectDet(h=1.60,v=0.75)+EdgeSplit(low=50,high=150)                    | ✗ 10 fail
[4977/6590] AspectDet(h=1.60,v=0.80)+GradSplit(th=7.0,vf=0.04)                     | ✗ 12 fail
[4978/6590] AspectDet(h=1.60,v=0.80)+GradSplit(th=7.0,vf=0.05)                     | ✗ 12 fail
[4979/6590] AspectDet(h=1.60,v=0.80)+GradSplit(th=7.0,vf=0.06)                     | ✗ 12 fail
[4980/6590] AspectDet(h=1.60,v=0.80)+GradSplit(th=7.0,vf=0.07)                     | ✗ 12 fail
[4981/6590] AspectDet(h=1.60,v=0.80)+GradSplit(th=8.0,vf=0.04)                     | ✗ 12 fail
[4982/6590] AspectDet(h=1.60,v=0.80)+GradSplit(th=8.0,vf=0.05)                     | ✗ 12 fail
[4983/6590] AspectDet(h=1.60,v=0.80)+GradSplit(th=8.0,vf=0.06)                     | ✗ 12 fail
[4984/6590] AspectDet(h=1.60,v=0.80)+GradSplit(th=8.0,vf=0.07)                     | ✗ 12 fail
[4985/6590] AspectDet(h=1.60,v=0.80)+GradSplit(th=8.5,vf=0.04)                     | ✗ 12 fail
[4986/6590] AspectDet(h=1.60,v=0.80)+GradSplit(th=8.5,vf=0.05)                     | ✗ 12 fail
[4987/6590] AspectDet(h=1.60,v=0.80)+GradSplit(th=8.5,vf=0.06)                     | ✗ 12 fail
[4988/6590] AspectDet(h=1.60,v=0.80)+GradSplit(th=8.5,vf=0.07)                     | ✗ 12 fail
[4989/6590] AspectDet(h=1.60,v=0.80)+GradSplit(th=9.0,vf=0.04)                     | ✗ 12 fail
[4990/6590] AspectDet(h=1.60,v=0.80)+GradSplit(th=9.0,vf=0.05)                     | ✗ 12 fail
[4991/6590] AspectDet(h=1.60,v=0.80)+GradSplit(th=9.0,vf=0.06)                     | ✗ 12 fail
[4992/6590] AspectDet(h=1.60,v=0.80)+GradSplit(th=9.0,vf=0.07)                     | ✗ 12 fail
[4993/6590] AspectDet(h=1.60,v=0.80)+GradSplit(th=10.0,vf=0.04)                    | ✗ 12 fail
[4994/6590] AspectDet(h=1.60,v=0.80)+GradSplit(th=10.0,vf=0.05)                    | ✗ 12 fail
[4995/6590] AspectDet(h=1.60,v=0.80)+GradSplit(th=10.0,vf=0.06)                    | ✗ 12 fail
[4996/6590] AspectDet(h=1.60,v=0.80)+GradSplit(th=10.0,vf=0.07)                    | ✗ 12 fail
[4997/6590] AspectDet(h=1.60,v=0.80)+GradSplit(th=11.0,vf=0.04)                    | ✗ 12 fail
[4998/6590] AspectDet(h=1.60,v=0.80)+GradSplit(th=11.0,vf=0.05)                    | ✗ 12 fail
[4999/6590] AspectDet(h=1.60,v=0.80)+GradSplit(th=11.0,vf=0.06)                    | ✗ 12 fail
[5000/6590] AspectDet(h=1.60,v=0.80)+GradSplit(th=11.0,vf=0.07)                    | ✗ 12 fail
[5001/6590] AspectDet(h=1.60,v=0.80)+HistoSplit(bins=8)                            | ✗ 12 fail
[5002/6590] AspectDet(h=1.60,v=0.80)+HistoSplit(bins=12)                           | ✗ 12 fail
[5003/6590] AspectDet(h=1.60,v=0.80)+HistoSplit(bins=16)                           | ✗ 12 fail
[5004/6590] AspectDet(h=1.60,v=0.80)+HistoSplit(bins=20)                           | ✗ 12 fail
[5005/6590] AspectDet(h=1.60,v=0.80)+EdgeSplit(low=20,high=80)                     | ✗ 12 fail
[5006/6590] AspectDet(h=1.60,v=0.80)+EdgeSplit(low=30,high=100)                    | ✗ 12 fail
[5007/6590] AspectDet(h=1.60,v=0.80)+EdgeSplit(low=40,high=120)                    | ✗ 12 fail
[5008/6590] AspectDet(h=1.60,v=0.80)+EdgeSplit(low=50,high=150)                    | ✗ 12 fail
[5009/6590] AspectDet(h=1.70,v=0.50)+GradSplit(th=7.0,vf=0.04)                     | ✗ 7 fail
[5010/6590] AspectDet(h=1.70,v=0.50)+GradSplit(th=7.0,vf=0.05)                     | ✗ 7 fail
[5011/6590] AspectDet(h=1.70,v=0.50)+GradSplit(th=7.0,vf=0.06)                     | ✗ 7 fail
[5012/6590] AspectDet(h=1.70,v=0.50)+GradSplit(th=7.0,vf=0.07)                     | ✗ 7 fail
[5013/6590] AspectDet(h=1.70,v=0.50)+GradSplit(th=8.0,vf=0.04)                     | ✗ 7 fail
[5014/6590] AspectDet(h=1.70,v=0.50)+GradSplit(th=8.0,vf=0.05)                     | ✗ 7 fail
[5015/6590] AspectDet(h=1.70,v=0.50)+GradSplit(th=8.0,vf=0.06)                     | ✗ 7 fail
[5016/6590] AspectDet(h=1.70,v=0.50)+GradSplit(th=8.0,vf=0.07)                     | ✗ 7 fail
[5017/6590] AspectDet(h=1.70,v=0.50)+GradSplit(th=8.5,vf=0.04)                     | ✗ 7 fail
[5018/6590] AspectDet(h=1.70,v=0.50)+GradSplit(th=8.5,vf=0.05)                     | ✗ 7 fail
[5019/6590] AspectDet(h=1.70,v=0.50)+GradSplit(th=8.5,vf=0.06)                     | ✗ 7 fail
[5020/6590] AspectDet(h=1.70,v=0.50)+GradSplit(th=8.5,vf=0.07)                     | ✗ 7 fail
[5021/6590] AspectDet(h=1.70,v=0.50)+GradSplit(th=9.0,vf=0.04)                     | ✗ 7 fail
[5022/6590] AspectDet(h=1.70,v=0.50)+GradSplit(th=9.0,vf=0.05)                     | ✗ 7 fail
[5023/6590] AspectDet(h=1.70,v=0.50)+GradSplit(th=9.0,vf=0.06)                     | ✗ 7 fail
[5024/6590] AspectDet(h=1.70,v=0.50)+GradSplit(th=9.0,vf=0.07)                     | ✗ 7 fail
[5025/6590] AspectDet(h=1.70,v=0.50)+GradSplit(th=10.0,vf=0.04)                    | ✗ 7 fail
[5026/6590] AspectDet(h=1.70,v=0.50)+GradSplit(th=10.0,vf=0.05)                    | ✗ 7 fail
[5027/6590] AspectDet(h=1.70,v=0.50)+GradSplit(th=10.0,vf=0.06)                    | ✗ 7 fail
[5028/6590] AspectDet(h=1.70,v=0.50)+GradSplit(th=10.0,vf=0.07)                    | ✗ 7 fail
[5029/6590] AspectDet(h=1.70,v=0.50)+GradSplit(th=11.0,vf=0.04)                    | ✗ 7 fail
[5030/6590] AspectDet(h=1.70,v=0.50)+GradSplit(th=11.0,vf=0.05)                    | ✗ 7 fail
[5031/6590] AspectDet(h=1.70,v=0.50)+GradSplit(th=11.0,vf=0.06)                    | ✗ 7 fail
[5032/6590] AspectDet(h=1.70,v=0.50)+GradSplit(th=11.0,vf=0.07)                    | ✗ 7 fail
[5033/6590] AspectDet(h=1.70,v=0.50)+HistoSplit(bins=8)                            | ✗ 7 fail
[5034/6590] AspectDet(h=1.70,v=0.50)+HistoSplit(bins=12)                           | ✗ 7 fail
[5035/6590] AspectDet(h=1.70,v=0.50)+HistoSplit(bins=16)                           | ✗ 7 fail
[5036/6590] AspectDet(h=1.70,v=0.50)+HistoSplit(bins=20)                           | ✗ 7 fail
[5037/6590] AspectDet(h=1.70,v=0.50)+EdgeSplit(low=20,high=80)                     | ✗ 7 fail
[5038/6590] AspectDet(h=1.70,v=0.50)+EdgeSplit(low=30,high=100)                    | ✗ 7 fail
[5039/6590] AspectDet(h=1.70,v=0.50)+EdgeSplit(low=40,high=120)                    | ✗ 7 fail
[5040/6590] AspectDet(h=1.70,v=0.50)+EdgeSplit(low=50,high=150)                    | ✗ 7 fail
[5041/6590] AspectDet(h=1.70,v=0.55)+GradSplit(th=7.0,vf=0.04)                     | ✗ 7 fail
[5042/6590] AspectDet(h=1.70,v=0.55)+GradSplit(th=7.0,vf=0.05)                     | ✗ 7 fail
[5043/6590] AspectDet(h=1.70,v=0.55)+GradSplit(th=7.0,vf=0.06)                     | ✗ 7 fail
[5044/6590] AspectDet(h=1.70,v=0.55)+GradSplit(th=7.0,vf=0.07)                     | ✗ 7 fail
[5045/6590] AspectDet(h=1.70,v=0.55)+GradSplit(th=8.0,vf=0.04)                     | ✗ 7 fail
[5046/6590] AspectDet(h=1.70,v=0.55)+GradSplit(th=8.0,vf=0.05)                     | ✗ 7 fail
[5047/6590] AspectDet(h=1.70,v=0.55)+GradSplit(th=8.0,vf=0.06)                     | ✗ 7 fail
[5048/6590] AspectDet(h=1.70,v=0.55)+GradSplit(th=8.0,vf=0.07)                     | ✗ 7 fail
[5049/6590] AspectDet(h=1.70,v=0.55)+GradSplit(th=8.5,vf=0.04)                     | ✗ 7 fail
[5050/6590] AspectDet(h=1.70,v=0.55)+GradSplit(th=8.5,vf=0.05)                     | ✗ 7 fail
[5051/6590] AspectDet(h=1.70,v=0.55)+GradSplit(th=8.5,vf=0.06)                     | ✗ 7 fail
[5052/6590] AspectDet(h=1.70,v=0.55)+GradSplit(th=8.5,vf=0.07)                     | ✗ 7 fail
[5053/6590] AspectDet(h=1.70,v=0.55)+GradSplit(th=9.0,vf=0.04)                     | ✗ 7 fail
[5054/6590] AspectDet(h=1.70,v=0.55)+GradSplit(th=9.0,vf=0.05)                     | ✗ 7 fail
[5055/6590] AspectDet(h=1.70,v=0.55)+GradSplit(th=9.0,vf=0.06)                     | ✗ 7 fail
[5056/6590] AspectDet(h=1.70,v=0.55)+GradSplit(th=9.0,vf=0.07)                     | ✗ 7 fail
[5057/6590] AspectDet(h=1.70,v=0.55)+GradSplit(th=10.0,vf=0.04)                    | ✗ 7 fail
[5058/6590] AspectDet(h=1.70,v=0.55)+GradSplit(th=10.0,vf=0.05)                    | ✗ 7 fail
[5059/6590] AspectDet(h=1.70,v=0.55)+GradSplit(th=10.0,vf=0.06)                    | ✗ 7 fail
[5060/6590] AspectDet(h=1.70,v=0.55)+GradSplit(th=10.0,vf=0.07)                    | ✗ 7 fail
[5061/6590] AspectDet(h=1.70,v=0.55)+GradSplit(th=11.0,vf=0.04)                    | ✗ 7 fail
[5062/6590] AspectDet(h=1.70,v=0.55)+GradSplit(th=11.0,vf=0.05)                    | ✗ 7 fail
[5063/6590] AspectDet(h=1.70,v=0.55)+GradSplit(th=11.0,vf=0.06)                    | ✗ 7 fail
[5064/6590] AspectDet(h=1.70,v=0.55)+GradSplit(th=11.0,vf=0.07)                    | ✗ 7 fail
[5065/6590] AspectDet(h=1.70,v=0.55)+HistoSplit(bins=8)                            | ✗ 7 fail
[5066/6590] AspectDet(h=1.70,v=0.55)+HistoSplit(bins=12)                           | ✗ 7 fail
[5067/6590] AspectDet(h=1.70,v=0.55)+HistoSplit(bins=16)                           | ✗ 7 fail
[5068/6590] AspectDet(h=1.70,v=0.55)+HistoSplit(bins=20)                           | ✗ 7 fail
[5069/6590] AspectDet(h=1.70,v=0.55)+EdgeSplit(low=20,high=80)                     | ✗ 7 fail
[5070/6590] AspectDet(h=1.70,v=0.55)+EdgeSplit(low=30,high=100)                    | ✗ 7 fail
[5071/6590] AspectDet(h=1.70,v=0.55)+EdgeSplit(low=40,high=120)                    | ✗ 7 fail
[5072/6590] AspectDet(h=1.70,v=0.55)+EdgeSplit(low=50,high=150)                    | ✗ 7 fail
[5073/6590] AspectDet(h=1.70,v=0.60)+GradSplit(th=7.0,vf=0.04)                     | ✗ 9 fail
[5074/6590] AspectDet(h=1.70,v=0.60)+GradSplit(th=7.0,vf=0.05)                     | ✗ 9 fail
[5075/6590] AspectDet(h=1.70,v=0.60)+GradSplit(th=7.0,vf=0.06)                     | ✗ 9 fail
[5076/6590] AspectDet(h=1.70,v=0.60)+GradSplit(th=7.0,vf=0.07)                     | ✗ 9 fail
[5077/6590] AspectDet(h=1.70,v=0.60)+GradSplit(th=8.0,vf=0.04)                     | ✗ 9 fail
[5078/6590] AspectDet(h=1.70,v=0.60)+GradSplit(th=8.0,vf=0.05)                     | ✗ 9 fail
[5079/6590] AspectDet(h=1.70,v=0.60)+GradSplit(th=8.0,vf=0.06)                     | ✗ 9 fail
[5080/6590] AspectDet(h=1.70,v=0.60)+GradSplit(th=8.0,vf=0.07)                     | ✗ 9 fail
[5081/6590] AspectDet(h=1.70,v=0.60)+GradSplit(th=8.5,vf=0.04)                     | ✗ 9 fail
[5082/6590] AspectDet(h=1.70,v=0.60)+GradSplit(th=8.5,vf=0.05)                     | ✗ 9 fail
[5083/6590] AspectDet(h=1.70,v=0.60)+GradSplit(th=8.5,vf=0.06)                     | ✗ 9 fail
[5084/6590] AspectDet(h=1.70,v=0.60)+GradSplit(th=8.5,vf=0.07)                     | ✗ 9 fail
[5085/6590] AspectDet(h=1.70,v=0.60)+GradSplit(th=9.0,vf=0.04)                     | ✗ 9 fail
[5086/6590] AspectDet(h=1.70,v=0.60)+GradSplit(th=9.0,vf=0.05)                     | ✗ 9 fail
[5087/6590] AspectDet(h=1.70,v=0.60)+GradSplit(th=9.0,vf=0.06)                     | ✗ 9 fail
[5088/6590] AspectDet(h=1.70,v=0.60)+GradSplit(th=9.0,vf=0.07)                     | ✗ 9 fail
[5089/6590] AspectDet(h=1.70,v=0.60)+GradSplit(th=10.0,vf=0.04)                    | ✗ 9 fail
[5090/6590] AspectDet(h=1.70,v=0.60)+GradSplit(th=10.0,vf=0.05)                    | ✗ 9 fail
[5091/6590] AspectDet(h=1.70,v=0.60)+GradSplit(th=10.0,vf=0.06)                    | ✗ 9 fail
[5092/6590] AspectDet(h=1.70,v=0.60)+GradSplit(th=10.0,vf=0.07)                    | ✗ 9 fail
[5093/6590] AspectDet(h=1.70,v=0.60)+GradSplit(th=11.0,vf=0.04)                    | ✗ 9 fail
[5094/6590] AspectDet(h=1.70,v=0.60)+GradSplit(th=11.0,vf=0.05)                    | ✗ 9 fail
[5095/6590] AspectDet(h=1.70,v=0.60)+GradSplit(th=11.0,vf=0.06)                    | ✗ 9 fail
[5096/6590] AspectDet(h=1.70,v=0.60)+GradSplit(th=11.0,vf=0.07)                    | ✗ 9 fail
[5097/6590] AspectDet(h=1.70,v=0.60)+HistoSplit(bins=8)                            | ✗ 9 fail
[5098/6590] AspectDet(h=1.70,v=0.60)+HistoSplit(bins=12)                           | ✗ 9 fail
[5099/6590] AspectDet(h=1.70,v=0.60)+HistoSplit(bins=16)                           | ✗ 9 fail
[5100/6590] AspectDet(h=1.70,v=0.60)+HistoSplit(bins=20)                           | ✗ 9 fail
[5101/6590] AspectDet(h=1.70,v=0.60)+EdgeSplit(low=20,high=80)                     | ✗ 9 fail
[5102/6590] AspectDet(h=1.70,v=0.60)+EdgeSplit(low=30,high=100)                    | ✗ 9 fail
[5103/6590] AspectDet(h=1.70,v=0.60)+EdgeSplit(low=40,high=120)                    | ✗ 9 fail
[5104/6590] AspectDet(h=1.70,v=0.60)+EdgeSplit(low=50,high=150)                    | ✗ 9 fail
[5105/6590] AspectDet(h=1.70,v=0.65)+GradSplit(th=7.0,vf=0.04)                     | ✗ 10 fail
[5106/6590] AspectDet(h=1.70,v=0.65)+GradSplit(th=7.0,vf=0.05)                     | ✗ 10 fail
[5107/6590] AspectDet(h=1.70,v=0.65)+GradSplit(th=7.0,vf=0.06)                     | ✗ 10 fail
[5108/6590] AspectDet(h=1.70,v=0.65)+GradSplit(th=7.0,vf=0.07)                     | ✗ 10 fail
[5109/6590] AspectDet(h=1.70,v=0.65)+GradSplit(th=8.0,vf=0.04)                     | ✗ 10 fail
[5110/6590] AspectDet(h=1.70,v=0.65)+GradSplit(th=8.0,vf=0.05)                     | ✗ 10 fail
[5111/6590] AspectDet(h=1.70,v=0.65)+GradSplit(th=8.0,vf=0.06)                     | ✗ 10 fail
[5112/6590] AspectDet(h=1.70,v=0.65)+GradSplit(th=8.0,vf=0.07)                     | ✗ 10 fail
[5113/6590] AspectDet(h=1.70,v=0.65)+GradSplit(th=8.5,vf=0.04)                     | ✗ 10 fail
[5114/6590] AspectDet(h=1.70,v=0.65)+GradSplit(th=8.5,vf=0.05)                     | ✗ 10 fail
[5115/6590] AspectDet(h=1.70,v=0.65)+GradSplit(th=8.5,vf=0.06)                     | ✗ 10 fail
[5116/6590] AspectDet(h=1.70,v=0.65)+GradSplit(th=8.5,vf=0.07)                     | ✗ 10 fail
[5117/6590] AspectDet(h=1.70,v=0.65)+GradSplit(th=9.0,vf=0.04)                     | ✗ 10 fail
[5118/6590] AspectDet(h=1.70,v=0.65)+GradSplit(th=9.0,vf=0.05)                     | ✗ 10 fail
[5119/6590] AspectDet(h=1.70,v=0.65)+GradSplit(th=9.0,vf=0.06)                     | ✗ 10 fail
[5120/6590] AspectDet(h=1.70,v=0.65)+GradSplit(th=9.0,vf=0.07)                     | ✗ 10 fail
[5121/6590] AspectDet(h=1.70,v=0.65)+GradSplit(th=10.0,vf=0.04)                    | ✗ 10 fail
[5122/6590] AspectDet(h=1.70,v=0.65)+GradSplit(th=10.0,vf=0.05)                    | ✗ 10 fail
[5123/6590] AspectDet(h=1.70,v=0.65)+GradSplit(th=10.0,vf=0.06)                    | ✗ 10 fail
[5124/6590] AspectDet(h=1.70,v=0.65)+GradSplit(th=10.0,vf=0.07)                    | ✗ 10 fail
[5125/6590] AspectDet(h=1.70,v=0.65)+GradSplit(th=11.0,vf=0.04)                    | ✗ 10 fail
[5126/6590] AspectDet(h=1.70,v=0.65)+GradSplit(th=11.0,vf=0.05)                    | ✗ 10 fail
[5127/6590] AspectDet(h=1.70,v=0.65)+GradSplit(th=11.0,vf=0.06)                    | ✗ 10 fail
[5128/6590] AspectDet(h=1.70,v=0.65)+GradSplit(th=11.0,vf=0.07)                    | ✗ 10 fail
[5129/6590] AspectDet(h=1.70,v=0.65)+HistoSplit(bins=8)                            | ✗ 10 fail
[5130/6590] AspectDet(h=1.70,v=0.65)+HistoSplit(bins=12)                           | ✗ 10 fail
[5131/6590] AspectDet(h=1.70,v=0.65)+HistoSplit(bins=16)                           | ✗ 10 fail
[5132/6590] AspectDet(h=1.70,v=0.65)+HistoSplit(bins=20)                           | ✗ 10 fail
[5133/6590] AspectDet(h=1.70,v=0.65)+EdgeSplit(low=20,high=80)                     | ✗ 10 fail
[5134/6590] AspectDet(h=1.70,v=0.65)+EdgeSplit(low=30,high=100)                    | ✗ 10 fail
[5135/6590] AspectDet(h=1.70,v=0.65)+EdgeSplit(low=40,high=120)                    | ✗ 10 fail
[5136/6590] AspectDet(h=1.70,v=0.65)+EdgeSplit(low=50,high=150)                    | ✗ 10 fail
[5137/6590] AspectDet(h=1.70,v=0.70)+GradSplit(th=7.0,vf=0.04)                     | ✗ 8 fail
[5138/6590] AspectDet(h=1.70,v=0.70)+GradSplit(th=7.0,vf=0.05)                     | ✗ 8 fail
[5139/6590] AspectDet(h=1.70,v=0.70)+GradSplit(th=7.0,vf=0.06)                     | ✗ 8 fail
[5140/6590] AspectDet(h=1.70,v=0.70)+GradSplit(th=7.0,vf=0.07)                     | ✗ 8 fail
[5141/6590] AspectDet(h=1.70,v=0.70)+GradSplit(th=8.0,vf=0.04)                     | ✗ 8 fail
[5142/6590] AspectDet(h=1.70,v=0.70)+GradSplit(th=8.0,vf=0.05)                     | ✗ 8 fail
[5143/6590] AspectDet(h=1.70,v=0.70)+GradSplit(th=8.0,vf=0.06)                     | ✗ 8 fail
[5144/6590] AspectDet(h=1.70,v=0.70)+GradSplit(th=8.0,vf=0.07)                     | ✗ 8 fail
[5145/6590] AspectDet(h=1.70,v=0.70)+GradSplit(th=8.5,vf=0.04)                     | ✗ 8 fail
[5146/6590] AspectDet(h=1.70,v=0.70)+GradSplit(th=8.5,vf=0.05)                     | ✗ 8 fail
[5147/6590] AspectDet(h=1.70,v=0.70)+GradSplit(th=8.5,vf=0.06)                     | ✗ 8 fail
[5148/6590] AspectDet(h=1.70,v=0.70)+GradSplit(th=8.5,vf=0.07)                     | ✗ 8 fail
[5149/6590] AspectDet(h=1.70,v=0.70)+GradSplit(th=9.0,vf=0.04)                     | ✗ 8 fail
[5150/6590] AspectDet(h=1.70,v=0.70)+GradSplit(th=9.0,vf=0.05)                     | ✗ 8 fail
[5151/6590] AspectDet(h=1.70,v=0.70)+GradSplit(th=9.0,vf=0.06)                     | ✗ 8 fail
[5152/6590] AspectDet(h=1.70,v=0.70)+GradSplit(th=9.0,vf=0.07)                     | ✗ 8 fail
[5153/6590] AspectDet(h=1.70,v=0.70)+GradSplit(th=10.0,vf=0.04)                    | ✗ 8 fail
[5154/6590] AspectDet(h=1.70,v=0.70)+GradSplit(th=10.0,vf=0.05)                    | ✗ 8 fail
[5155/6590] AspectDet(h=1.70,v=0.70)+GradSplit(th=10.0,vf=0.06)                    | ✗ 8 fail
[5156/6590] AspectDet(h=1.70,v=0.70)+GradSplit(th=10.0,vf=0.07)                    | ✗ 8 fail
[5157/6590] AspectDet(h=1.70,v=0.70)+GradSplit(th=11.0,vf=0.04)                    | ✗ 8 fail
[5158/6590] AspectDet(h=1.70,v=0.70)+GradSplit(th=11.0,vf=0.05)                    | ✗ 8 fail
[5159/6590] AspectDet(h=1.70,v=0.70)+GradSplit(th=11.0,vf=0.06)                    | ✗ 8 fail
[5160/6590] AspectDet(h=1.70,v=0.70)+GradSplit(th=11.0,vf=0.07)                    | ✗ 8 fail
[5161/6590] AspectDet(h=1.70,v=0.70)+HistoSplit(bins=8)                            | ✗ 8 fail
[5162/6590] AspectDet(h=1.70,v=0.70)+HistoSplit(bins=12)                           | ✗ 8 fail
[5163/6590] AspectDet(h=1.70,v=0.70)+HistoSplit(bins=16)                           | ✗ 8 fail
[5164/6590] AspectDet(h=1.70,v=0.70)+HistoSplit(bins=20)                           | ✗ 8 fail
[5165/6590] AspectDet(h=1.70,v=0.70)+EdgeSplit(low=20,high=80)                     | ✗ 8 fail
[5166/6590] AspectDet(h=1.70,v=0.70)+EdgeSplit(low=30,high=100)                    | ✗ 8 fail
[5167/6590] AspectDet(h=1.70,v=0.70)+EdgeSplit(low=40,high=120)                    | ✗ 8 fail
[5168/6590] AspectDet(h=1.70,v=0.70)+EdgeSplit(low=50,high=150)                    | ✗ 8 fail
[5169/6590] AspectDet(h=1.70,v=0.75)+GradSplit(th=7.0,vf=0.04)                     | ✗ 10 fail
[5170/6590] AspectDet(h=1.70,v=0.75)+GradSplit(th=7.0,vf=0.05)                     | ✗ 10 fail
[5171/6590] AspectDet(h=1.70,v=0.75)+GradSplit(th=7.0,vf=0.06)                     | ✗ 10 fail
[5172/6590] AspectDet(h=1.70,v=0.75)+GradSplit(th=7.0,vf=0.07)                     | ✗ 10 fail
[5173/6590] AspectDet(h=1.70,v=0.75)+GradSplit(th=8.0,vf=0.04)                     | ✗ 10 fail
[5174/6590] AspectDet(h=1.70,v=0.75)+GradSplit(th=8.0,vf=0.05)                     | ✗ 10 fail
[5175/6590] AspectDet(h=1.70,v=0.75)+GradSplit(th=8.0,vf=0.06)                     | ✗ 10 fail
[5176/6590] AspectDet(h=1.70,v=0.75)+GradSplit(th=8.0,vf=0.07)                     | ✗ 10 fail
[5177/6590] AspectDet(h=1.70,v=0.75)+GradSplit(th=8.5,vf=0.04)                     | ✗ 10 fail
[5178/6590] AspectDet(h=1.70,v=0.75)+GradSplit(th=8.5,vf=0.05)                     | ✗ 10 fail
[5179/6590] AspectDet(h=1.70,v=0.75)+GradSplit(th=8.5,vf=0.06)                     | ✗ 10 fail
[5180/6590] AspectDet(h=1.70,v=0.75)+GradSplit(th=8.5,vf=0.07)                     | ✗ 10 fail
[5181/6590] AspectDet(h=1.70,v=0.75)+GradSplit(th=9.0,vf=0.04)                     | ✗ 10 fail
[5182/6590] AspectDet(h=1.70,v=0.75)+GradSplit(th=9.0,vf=0.05)                     | ✗ 10 fail
[5183/6590] AspectDet(h=1.70,v=0.75)+GradSplit(th=9.0,vf=0.06)                     | ✗ 10 fail
[5184/6590] AspectDet(h=1.70,v=0.75)+GradSplit(th=9.0,vf=0.07)                     | ✗ 10 fail
[5185/6590] AspectDet(h=1.70,v=0.75)+GradSplit(th=10.0,vf=0.04)                    | ✗ 10 fail
[5186/6590] AspectDet(h=1.70,v=0.75)+GradSplit(th=10.0,vf=0.05)                    | ✗ 10 fail
[5187/6590] AspectDet(h=1.70,v=0.75)+GradSplit(th=10.0,vf=0.06)                    | ✗ 10 fail
[5188/6590] AspectDet(h=1.70,v=0.75)+GradSplit(th=10.0,vf=0.07)                    | ✗ 10 fail
[5189/6590] AspectDet(h=1.70,v=0.75)+GradSplit(th=11.0,vf=0.04)                    | ✗ 10 fail
[5190/6590] AspectDet(h=1.70,v=0.75)+GradSplit(th=11.0,vf=0.05)                    | ✗ 10 fail
[5191/6590] AspectDet(h=1.70,v=0.75)+GradSplit(th=11.0,vf=0.06)                    | ✗ 10 fail
[5192/6590] AspectDet(h=1.70,v=0.75)+GradSplit(th=11.0,vf=0.07)                    | ✗ 10 fail
[5193/6590] AspectDet(h=1.70,v=0.75)+HistoSplit(bins=8)                            | ✗ 10 fail
[5194/6590] AspectDet(h=1.70,v=0.75)+HistoSplit(bins=12)                           | ✗ 10 fail
[5195/6590] AspectDet(h=1.70,v=0.75)+HistoSplit(bins=16)                           | ✗ 10 fail
[5196/6590] AspectDet(h=1.70,v=0.75)+HistoSplit(bins=20)                           | ✗ 10 fail
[5197/6590] AspectDet(h=1.70,v=0.75)+EdgeSplit(low=20,high=80)                     | ✗ 10 fail
[5198/6590] AspectDet(h=1.70,v=0.75)+EdgeSplit(low=30,high=100)                    | ✗ 10 fail
[5199/6590] AspectDet(h=1.70,v=0.75)+EdgeSplit(low=40,high=120)                    | ✗ 10 fail
[5200/6590] AspectDet(h=1.70,v=0.75)+EdgeSplit(low=50,high=150)                    | ✗ 10 fail
[5201/6590] AspectDet(h=1.70,v=0.80)+GradSplit(th=7.0,vf=0.04)                     | ✗ 12 fail
[5202/6590] AspectDet(h=1.70,v=0.80)+GradSplit(th=7.0,vf=0.05)                     | ✗ 12 fail
[5203/6590] AspectDet(h=1.70,v=0.80)+GradSplit(th=7.0,vf=0.06)                     | ✗ 12 fail
[5204/6590] AspectDet(h=1.70,v=0.80)+GradSplit(th=7.0,vf=0.07)                     | ✗ 12 fail
[5205/6590] AspectDet(h=1.70,v=0.80)+GradSplit(th=8.0,vf=0.04)                     | ✗ 12 fail
[5206/6590] AspectDet(h=1.70,v=0.80)+GradSplit(th=8.0,vf=0.05)                     | ✗ 12 fail
[5207/6590] AspectDet(h=1.70,v=0.80)+GradSplit(th=8.0,vf=0.06)                     | ✗ 12 fail
[5208/6590] AspectDet(h=1.70,v=0.80)+GradSplit(th=8.0,vf=0.07)                     | ✗ 12 fail
[5209/6590] AspectDet(h=1.70,v=0.80)+GradSplit(th=8.5,vf=0.04)                     | ✗ 12 fail
[5210/6590] AspectDet(h=1.70,v=0.80)+GradSplit(th=8.5,vf=0.05)                     | ✗ 12 fail
[5211/6590] AspectDet(h=1.70,v=0.80)+GradSplit(th=8.5,vf=0.06)                     | ✗ 12 fail
[5212/6590] AspectDet(h=1.70,v=0.80)+GradSplit(th=8.5,vf=0.07)                     | ✗ 12 fail
[5213/6590] AspectDet(h=1.70,v=0.80)+GradSplit(th=9.0,vf=0.04)                     | ✗ 12 fail
[5214/6590] AspectDet(h=1.70,v=0.80)+GradSplit(th=9.0,vf=0.05)                     | ✗ 12 fail
[5215/6590] AspectDet(h=1.70,v=0.80)+GradSplit(th=9.0,vf=0.06)                     | ✗ 12 fail
[5216/6590] AspectDet(h=1.70,v=0.80)+GradSplit(th=9.0,vf=0.07)                     | ✗ 12 fail
[5217/6590] AspectDet(h=1.70,v=0.80)+GradSplit(th=10.0,vf=0.04)                    | ✗ 12 fail
[5218/6590] AspectDet(h=1.70,v=0.80)+GradSplit(th=10.0,vf=0.05)                    | ✗ 12 fail
[5219/6590] AspectDet(h=1.70,v=0.80)+GradSplit(th=10.0,vf=0.06)                    | ✗ 12 fail
[5220/6590] AspectDet(h=1.70,v=0.80)+GradSplit(th=10.0,vf=0.07)                    | ✗ 12 fail
[5221/6590] AspectDet(h=1.70,v=0.80)+GradSplit(th=11.0,vf=0.04)                    | ✗ 12 fail
[5222/6590] AspectDet(h=1.70,v=0.80)+GradSplit(th=11.0,vf=0.05)                    | ✗ 12 fail
[5223/6590] AspectDet(h=1.70,v=0.80)+GradSplit(th=11.0,vf=0.06)                    | ✗ 12 fail
[5224/6590] AspectDet(h=1.70,v=0.80)+GradSplit(th=11.0,vf=0.07)                    | ✗ 12 fail
[5225/6590] AspectDet(h=1.70,v=0.80)+HistoSplit(bins=8)                            | ✗ 12 fail
[5226/6590] AspectDet(h=1.70,v=0.80)+HistoSplit(bins=12)                           | ✗ 12 fail
[5227/6590] AspectDet(h=1.70,v=0.80)+HistoSplit(bins=16)                           | ✗ 12 fail
[5228/6590] AspectDet(h=1.70,v=0.80)+HistoSplit(bins=20)                           | ✗ 12 fail
[5229/6590] AspectDet(h=1.70,v=0.80)+EdgeSplit(low=20,high=80)                     | ✗ 12 fail
[5230/6590] AspectDet(h=1.70,v=0.80)+EdgeSplit(low=30,high=100)                    | ✗ 12 fail
[5231/6590] AspectDet(h=1.70,v=0.80)+EdgeSplit(low=40,high=120)                    | ✗ 12 fail
[5232/6590] AspectDet(h=1.70,v=0.80)+EdgeSplit(low=50,high=150)                    | ✗ 12 fail
[5233/6590] AspectDet(h=1.80,v=0.50)+GradSplit(th=7.0,vf=0.04)                     | ✗ 8 fail
[5234/6590] AspectDet(h=1.80,v=0.50)+GradSplit(th=7.0,vf=0.05)                     | ✗ 8 fail
[5235/6590] AspectDet(h=1.80,v=0.50)+GradSplit(th=7.0,vf=0.06)                     | ✗ 8 fail
[5236/6590] AspectDet(h=1.80,v=0.50)+GradSplit(th=7.0,vf=0.07)                     | ✗ 8 fail
[5237/6590] AspectDet(h=1.80,v=0.50)+GradSplit(th=8.0,vf=0.04)                     | ✗ 8 fail
[5238/6590] AspectDet(h=1.80,v=0.50)+GradSplit(th=8.0,vf=0.05)                     | ✗ 8 fail
[5239/6590] AspectDet(h=1.80,v=0.50)+GradSplit(th=8.0,vf=0.06)                     | ✗ 8 fail
[5240/6590] AspectDet(h=1.80,v=0.50)+GradSplit(th=8.0,vf=0.07)                     | ✗ 8 fail
[5241/6590] AspectDet(h=1.80,v=0.50)+GradSplit(th=8.5,vf=0.04)                     | ✗ 8 fail
[5242/6590] AspectDet(h=1.80,v=0.50)+GradSplit(th=8.5,vf=0.05)                     | ✗ 8 fail
[5243/6590] AspectDet(h=1.80,v=0.50)+GradSplit(th=8.5,vf=0.06)                     | ✗ 8 fail
[5244/6590] AspectDet(h=1.80,v=0.50)+GradSplit(th=8.5,vf=0.07)                     | ✗ 8 fail
[5245/6590] AspectDet(h=1.80,v=0.50)+GradSplit(th=9.0,vf=0.04)                     | ✗ 8 fail
[5246/6590] AspectDet(h=1.80,v=0.50)+GradSplit(th=9.0,vf=0.05)                     | ✗ 8 fail
[5247/6590] AspectDet(h=1.80,v=0.50)+GradSplit(th=9.0,vf=0.06)                     | ✗ 8 fail
[5248/6590] AspectDet(h=1.80,v=0.50)+GradSplit(th=9.0,vf=0.07)                     | ✗ 8 fail
[5249/6590] AspectDet(h=1.80,v=0.50)+GradSplit(th=10.0,vf=0.04)                    | ✗ 8 fail
[5250/6590] AspectDet(h=1.80,v=0.50)+GradSplit(th=10.0,vf=0.05)                    | ✗ 8 fail
[5251/6590] AspectDet(h=1.80,v=0.50)+GradSplit(th=10.0,vf=0.06)                    | ✗ 8 fail
[5252/6590] AspectDet(h=1.80,v=0.50)+GradSplit(th=10.0,vf=0.07)                    | ✗ 8 fail
[5253/6590] AspectDet(h=1.80,v=0.50)+GradSplit(th=11.0,vf=0.04)                    | ✗ 8 fail
[5254/6590] AspectDet(h=1.80,v=0.50)+GradSplit(th=11.0,vf=0.05)                    | ✗ 8 fail
[5255/6590] AspectDet(h=1.80,v=0.50)+GradSplit(th=11.0,vf=0.06)                    | ✗ 8 fail
[5256/6590] AspectDet(h=1.80,v=0.50)+GradSplit(th=11.0,vf=0.07)                    | ✗ 8 fail
[5257/6590] AspectDet(h=1.80,v=0.50)+HistoSplit(bins=8)                            | ✗ 8 fail
[5258/6590] AspectDet(h=1.80,v=0.50)+HistoSplit(bins=12)                           | ✗ 8 fail
[5259/6590] AspectDet(h=1.80,v=0.50)+HistoSplit(bins=16)                           | ✗ 8 fail
[5260/6590] AspectDet(h=1.80,v=0.50)+HistoSplit(bins=20)                           | ✗ 8 fail
[5261/6590] AspectDet(h=1.80,v=0.50)+EdgeSplit(low=20,high=80)                     | ✗ 8 fail
[5262/6590] AspectDet(h=1.80,v=0.50)+EdgeSplit(low=30,high=100)                    | ✗ 8 fail
[5263/6590] AspectDet(h=1.80,v=0.50)+EdgeSplit(low=40,high=120)                    | ✗ 8 fail
[5264/6590] AspectDet(h=1.80,v=0.50)+EdgeSplit(low=50,high=150)                    | ✗ 8 fail
[5265/6590] AspectDet(h=1.80,v=0.55)+GradSplit(th=7.0,vf=0.04)                     | ✗ 8 fail
[5266/6590] AspectDet(h=1.80,v=0.55)+GradSplit(th=7.0,vf=0.05)                     | ✗ 8 fail
[5267/6590] AspectDet(h=1.80,v=0.55)+GradSplit(th=7.0,vf=0.06)                     | ✗ 8 fail
[5268/6590] AspectDet(h=1.80,v=0.55)+GradSplit(th=7.0,vf=0.07)                     | ✗ 8 fail
[5269/6590] AspectDet(h=1.80,v=0.55)+GradSplit(th=8.0,vf=0.04)                     | ✗ 8 fail
[5270/6590] AspectDet(h=1.80,v=0.55)+GradSplit(th=8.0,vf=0.05)                     | ✗ 8 fail
[5271/6590] AspectDet(h=1.80,v=0.55)+GradSplit(th=8.0,vf=0.06)                     | ✗ 8 fail
[5272/6590] AspectDet(h=1.80,v=0.55)+GradSplit(th=8.0,vf=0.07)                     | ✗ 8 fail
[5273/6590] AspectDet(h=1.80,v=0.55)+GradSplit(th=8.5,vf=0.04)                     | ✗ 8 fail
[5274/6590] AspectDet(h=1.80,v=0.55)+GradSplit(th=8.5,vf=0.05)                     | ✗ 8 fail
[5275/6590] AspectDet(h=1.80,v=0.55)+GradSplit(th=8.5,vf=0.06)                     | ✗ 8 fail
[5276/6590] AspectDet(h=1.80,v=0.55)+GradSplit(th=8.5,vf=0.07)                     | ✗ 8 fail
[5277/6590] AspectDet(h=1.80,v=0.55)+GradSplit(th=9.0,vf=0.04)                     | ✗ 8 fail
[5278/6590] AspectDet(h=1.80,v=0.55)+GradSplit(th=9.0,vf=0.05)                     | ✗ 8 fail
[5279/6590] AspectDet(h=1.80,v=0.55)+GradSplit(th=9.0,vf=0.06)                     | ✗ 8 fail
[5280/6590] AspectDet(h=1.80,v=0.55)+GradSplit(th=9.0,vf=0.07)                     | ✗ 8 fail
[5281/6590] AspectDet(h=1.80,v=0.55)+GradSplit(th=10.0,vf=0.04)                    | ✗ 8 fail
[5282/6590] AspectDet(h=1.80,v=0.55)+GradSplit(th=10.0,vf=0.05)                    | ✗ 8 fail
[5283/6590] AspectDet(h=1.80,v=0.55)+GradSplit(th=10.0,vf=0.06)                    | ✗ 8 fail
[5284/6590] AspectDet(h=1.80,v=0.55)+GradSplit(th=10.0,vf=0.07)                    | ✗ 8 fail
[5285/6590] AspectDet(h=1.80,v=0.55)+GradSplit(th=11.0,vf=0.04)                    | ✗ 8 fail
[5286/6590] AspectDet(h=1.80,v=0.55)+GradSplit(th=11.0,vf=0.05)                    | ✗ 8 fail
[5287/6590] AspectDet(h=1.80,v=0.55)+GradSplit(th=11.0,vf=0.06)                    | ✗ 8 fail
[5288/6590] AspectDet(h=1.80,v=0.55)+GradSplit(th=11.0,vf=0.07)                    | ✗ 8 fail
[5289/6590] AspectDet(h=1.80,v=0.55)+HistoSplit(bins=8)                            | ✗ 8 fail
[5290/6590] AspectDet(h=1.80,v=0.55)+HistoSplit(bins=12)                           | ✗ 8 fail
[5291/6590] AspectDet(h=1.80,v=0.55)+HistoSplit(bins=16)                           | ✗ 8 fail
[5292/6590] AspectDet(h=1.80,v=0.55)+HistoSplit(bins=20)                           | ✗ 8 fail
[5293/6590] AspectDet(h=1.80,v=0.55)+EdgeSplit(low=20,high=80)                     | ✗ 8 fail
[5294/6590] AspectDet(h=1.80,v=0.55)+EdgeSplit(low=30,high=100)                    | ✗ 8 fail
[5295/6590] AspectDet(h=1.80,v=0.55)+EdgeSplit(low=40,high=120)                    | ✗ 8 fail
[5296/6590] AspectDet(h=1.80,v=0.55)+EdgeSplit(low=50,high=150)                    | ✗ 8 fail
[5297/6590] AspectDet(h=1.80,v=0.60)+GradSplit(th=7.0,vf=0.04)                     | ✗ 10 fail
[5298/6590] AspectDet(h=1.80,v=0.60)+GradSplit(th=7.0,vf=0.05)                     | ✗ 10 fail
[5299/6590] AspectDet(h=1.80,v=0.60)+GradSplit(th=7.0,vf=0.06)                     | ✗ 10 fail
[5300/6590] AspectDet(h=1.80,v=0.60)+GradSplit(th=7.0,vf=0.07)                     | ✗ 10 fail
[5301/6590] AspectDet(h=1.80,v=0.60)+GradSplit(th=8.0,vf=0.04)                     | ✗ 10 fail
[5302/6590] AspectDet(h=1.80,v=0.60)+GradSplit(th=8.0,vf=0.05)                     | ✗ 10 fail
[5303/6590] AspectDet(h=1.80,v=0.60)+GradSplit(th=8.0,vf=0.06)                     | ✗ 10 fail
[5304/6590] AspectDet(h=1.80,v=0.60)+GradSplit(th=8.0,vf=0.07)                     | ✗ 10 fail
[5305/6590] AspectDet(h=1.80,v=0.60)+GradSplit(th=8.5,vf=0.04)                     | ✗ 10 fail
[5306/6590] AspectDet(h=1.80,v=0.60)+GradSplit(th=8.5,vf=0.05)                     | ✗ 10 fail
[5307/6590] AspectDet(h=1.80,v=0.60)+GradSplit(th=8.5,vf=0.06)                     | ✗ 10 fail
[5308/6590] AspectDet(h=1.80,v=0.60)+GradSplit(th=8.5,vf=0.07)                     | ✗ 10 fail
[5309/6590] AspectDet(h=1.80,v=0.60)+GradSplit(th=9.0,vf=0.04)                     | ✗ 10 fail
[5310/6590] AspectDet(h=1.80,v=0.60)+GradSplit(th=9.0,vf=0.05)                     | ✗ 10 fail
[5311/6590] AspectDet(h=1.80,v=0.60)+GradSplit(th=9.0,vf=0.06)                     | ✗ 10 fail
[5312/6590] AspectDet(h=1.80,v=0.60)+GradSplit(th=9.0,vf=0.07)                     | ✗ 10 fail
[5313/6590] AspectDet(h=1.80,v=0.60)+GradSplit(th=10.0,vf=0.04)                    | ✗ 10 fail
[5314/6590] AspectDet(h=1.80,v=0.60)+GradSplit(th=10.0,vf=0.05)                    | ✗ 10 fail
[5315/6590] AspectDet(h=1.80,v=0.60)+GradSplit(th=10.0,vf=0.06)                    | ✗ 10 fail
[5316/6590] AspectDet(h=1.80,v=0.60)+GradSplit(th=10.0,vf=0.07)                    | ✗ 10 fail
[5317/6590] AspectDet(h=1.80,v=0.60)+GradSplit(th=11.0,vf=0.04)                    | ✗ 10 fail
[5318/6590] AspectDet(h=1.80,v=0.60)+GradSplit(th=11.0,vf=0.05)                    | ✗ 10 fail
[5319/6590] AspectDet(h=1.80,v=0.60)+GradSplit(th=11.0,vf=0.06)                    | ✗ 10 fail
[5320/6590] AspectDet(h=1.80,v=0.60)+GradSplit(th=11.0,vf=0.07)                    | ✗ 10 fail
[5321/6590] AspectDet(h=1.80,v=0.60)+HistoSplit(bins=8)                            | ✗ 10 fail
[5322/6590] AspectDet(h=1.80,v=0.60)+HistoSplit(bins=12)                           | ✗ 10 fail
[5323/6590] AspectDet(h=1.80,v=0.60)+HistoSplit(bins=16)                           | ✗ 10 fail
[5324/6590] AspectDet(h=1.80,v=0.60)+HistoSplit(bins=20)                           | ✗ 10 fail
[5325/6590] AspectDet(h=1.80,v=0.60)+EdgeSplit(low=20,high=80)                     | ✗ 10 fail
[5326/6590] AspectDet(h=1.80,v=0.60)+EdgeSplit(low=30,high=100)                    | ✗ 10 fail
[5327/6590] AspectDet(h=1.80,v=0.60)+EdgeSplit(low=40,high=120)                    | ✗ 10 fail
[5328/6590] AspectDet(h=1.80,v=0.60)+EdgeSplit(low=50,high=150)                    | ✗ 10 fail
[5329/6590] AspectDet(h=1.80,v=0.65)+GradSplit(th=7.0,vf=0.04)                     | ✗ 11 fail
[5330/6590] AspectDet(h=1.80,v=0.65)+GradSplit(th=7.0,vf=0.05)                     | ✗ 11 fail
[5331/6590] AspectDet(h=1.80,v=0.65)+GradSplit(th=7.0,vf=0.06)                     | ✗ 11 fail
[5332/6590] AspectDet(h=1.80,v=0.65)+GradSplit(th=7.0,vf=0.07)                     | ✗ 11 fail
[5333/6590] AspectDet(h=1.80,v=0.65)+GradSplit(th=8.0,vf=0.04)                     | ✗ 11 fail
[5334/6590] AspectDet(h=1.80,v=0.65)+GradSplit(th=8.0,vf=0.05)                     | ✗ 11 fail
[5335/6590] AspectDet(h=1.80,v=0.65)+GradSplit(th=8.0,vf=0.06)                     | ✗ 11 fail
[5336/6590] AspectDet(h=1.80,v=0.65)+GradSplit(th=8.0,vf=0.07)                     | ✗ 11 fail
[5337/6590] AspectDet(h=1.80,v=0.65)+GradSplit(th=8.5,vf=0.04)                     | ✗ 11 fail
[5338/6590] AspectDet(h=1.80,v=0.65)+GradSplit(th=8.5,vf=0.05)                     | ✗ 11 fail
[5339/6590] AspectDet(h=1.80,v=0.65)+GradSplit(th=8.5,vf=0.06)                     | ✗ 11 fail
[5340/6590] AspectDet(h=1.80,v=0.65)+GradSplit(th=8.5,vf=0.07)                     | ✗ 11 fail
[5341/6590] AspectDet(h=1.80,v=0.65)+GradSplit(th=9.0,vf=0.04)                     | ✗ 11 fail
[5342/6590] AspectDet(h=1.80,v=0.65)+GradSplit(th=9.0,vf=0.05)                     | ✗ 11 fail
[5343/6590] AspectDet(h=1.80,v=0.65)+GradSplit(th=9.0,vf=0.06)                     | ✗ 11 fail
[5344/6590] AspectDet(h=1.80,v=0.65)+GradSplit(th=9.0,vf=0.07)                     | ✗ 11 fail
[5345/6590] AspectDet(h=1.80,v=0.65)+GradSplit(th=10.0,vf=0.04)                    | ✗ 11 fail
[5346/6590] AspectDet(h=1.80,v=0.65)+GradSplit(th=10.0,vf=0.05)                    | ✗ 11 fail
[5347/6590] AspectDet(h=1.80,v=0.65)+GradSplit(th=10.0,vf=0.06)                    | ✗ 11 fail
[5348/6590] AspectDet(h=1.80,v=0.65)+GradSplit(th=10.0,vf=0.07)                    | ✗ 11 fail
[5349/6590] AspectDet(h=1.80,v=0.65)+GradSplit(th=11.0,vf=0.04)                    | ✗ 11 fail
[5350/6590] AspectDet(h=1.80,v=0.65)+GradSplit(th=11.0,vf=0.05)                    | ✗ 11 fail
[5351/6590] AspectDet(h=1.80,v=0.65)+GradSplit(th=11.0,vf=0.06)                    | ✗ 11 fail
[5352/6590] AspectDet(h=1.80,v=0.65)+GradSplit(th=11.0,vf=0.07)                    | ✗ 11 fail
[5353/6590] AspectDet(h=1.80,v=0.65)+HistoSplit(bins=8)                            | ✗ 11 fail
[5354/6590] AspectDet(h=1.80,v=0.65)+HistoSplit(bins=12)                           | ✗ 11 fail
[5355/6590] AspectDet(h=1.80,v=0.65)+HistoSplit(bins=16)                           | ✗ 11 fail
[5356/6590] AspectDet(h=1.80,v=0.65)+HistoSplit(bins=20)                           | ✗ 11 fail
[5357/6590] AspectDet(h=1.80,v=0.65)+EdgeSplit(low=20,high=80)                     | ✗ 11 fail
[5358/6590] AspectDet(h=1.80,v=0.65)+EdgeSplit(low=30,high=100)                    | ✗ 11 fail
[5359/6590] AspectDet(h=1.80,v=0.65)+EdgeSplit(low=40,high=120)                    | ✗ 11 fail
[5360/6590] AspectDet(h=1.80,v=0.65)+EdgeSplit(low=50,high=150)                    | ✗ 11 fail
[5361/6590] AspectDet(h=1.80,v=0.70)+GradSplit(th=7.0,vf=0.04)                     | ✗ 9 fail
[5362/6590] AspectDet(h=1.80,v=0.70)+GradSplit(th=7.0,vf=0.05)                     | ✗ 9 fail
[5363/6590] AspectDet(h=1.80,v=0.70)+GradSplit(th=7.0,vf=0.06)                     | ✗ 9 fail
[5364/6590] AspectDet(h=1.80,v=0.70)+GradSplit(th=7.0,vf=0.07)                     | ✗ 9 fail
[5365/6590] AspectDet(h=1.80,v=0.70)+GradSplit(th=8.0,vf=0.04)                     | ✗ 9 fail
[5366/6590] AspectDet(h=1.80,v=0.70)+GradSplit(th=8.0,vf=0.05)                     | ✗ 9 fail
[5367/6590] AspectDet(h=1.80,v=0.70)+GradSplit(th=8.0,vf=0.06)                     | ✗ 9 fail
[5368/6590] AspectDet(h=1.80,v=0.70)+GradSplit(th=8.0,vf=0.07)                     | ✗ 9 fail
[5369/6590] AspectDet(h=1.80,v=0.70)+GradSplit(th=8.5,vf=0.04)                     | ✗ 9 fail
[5370/6590] AspectDet(h=1.80,v=0.70)+GradSplit(th=8.5,vf=0.05)                     | ✗ 9 fail
[5371/6590] AspectDet(h=1.80,v=0.70)+GradSplit(th=8.5,vf=0.06)                     | ✗ 9 fail
[5372/6590] AspectDet(h=1.80,v=0.70)+GradSplit(th=8.5,vf=0.07)                     | ✗ 9 fail
[5373/6590] AspectDet(h=1.80,v=0.70)+GradSplit(th=9.0,vf=0.04)                     | ✗ 9 fail
[5374/6590] AspectDet(h=1.80,v=0.70)+GradSplit(th=9.0,vf=0.05)                     | ✗ 9 fail
[5375/6590] AspectDet(h=1.80,v=0.70)+GradSplit(th=9.0,vf=0.06)                     | ✗ 9 fail
[5376/6590] AspectDet(h=1.80,v=0.70)+GradSplit(th=9.0,vf=0.07)                     | ✗ 9 fail
[5377/6590] AspectDet(h=1.80,v=0.70)+GradSplit(th=10.0,vf=0.04)                    | ✗ 9 fail
[5378/6590] AspectDet(h=1.80,v=0.70)+GradSplit(th=10.0,vf=0.05)                    | ✗ 9 fail
[5379/6590] AspectDet(h=1.80,v=0.70)+GradSplit(th=10.0,vf=0.06)                    | ✗ 9 fail
[5380/6590] AspectDet(h=1.80,v=0.70)+GradSplit(th=10.0,vf=0.07)                    | ✗ 9 fail
[5381/6590] AspectDet(h=1.80,v=0.70)+GradSplit(th=11.0,vf=0.04)                    | ✗ 9 fail
[5382/6590] AspectDet(h=1.80,v=0.70)+GradSplit(th=11.0,vf=0.05)                    | ✗ 9 fail
[5383/6590] AspectDet(h=1.80,v=0.70)+GradSplit(th=11.0,vf=0.06)                    | ✗ 9 fail
[5384/6590] AspectDet(h=1.80,v=0.70)+GradSplit(th=11.0,vf=0.07)                    | ✗ 9 fail
[5385/6590] AspectDet(h=1.80,v=0.70)+HistoSplit(bins=8)                            | ✗ 9 fail
[5386/6590] AspectDet(h=1.80,v=0.70)+HistoSplit(bins=12)                           | ✗ 9 fail
[5387/6590] AspectDet(h=1.80,v=0.70)+HistoSplit(bins=16)                           | ✗ 9 fail
[5388/6590] AspectDet(h=1.80,v=0.70)+HistoSplit(bins=20)                           | ✗ 9 fail
[5389/6590] AspectDet(h=1.80,v=0.70)+EdgeSplit(low=20,high=80)                     | ✗ 9 fail
[5390/6590] AspectDet(h=1.80,v=0.70)+EdgeSplit(low=30,high=100)                    | ✗ 9 fail
[5391/6590] AspectDet(h=1.80,v=0.70)+EdgeSplit(low=40,high=120)                    | ✗ 9 fail
[5392/6590] AspectDet(h=1.80,v=0.70)+EdgeSplit(low=50,high=150)                    | ✗ 9 fail
[5393/6590] AspectDet(h=1.80,v=0.75)+GradSplit(th=7.0,vf=0.04)                     | ✗ 11 fail
[5394/6590] AspectDet(h=1.80,v=0.75)+GradSplit(th=7.0,vf=0.05)                     | ✗ 11 fail
[5395/6590] AspectDet(h=1.80,v=0.75)+GradSplit(th=7.0,vf=0.06)                     | ✗ 11 fail
[5396/6590] AspectDet(h=1.80,v=0.75)+GradSplit(th=7.0,vf=0.07)                     | ✗ 11 fail
[5397/6590] AspectDet(h=1.80,v=0.75)+GradSplit(th=8.0,vf=0.04)                     | ✗ 11 fail
[5398/6590] AspectDet(h=1.80,v=0.75)+GradSplit(th=8.0,vf=0.05)                     | ✗ 11 fail
[5399/6590] AspectDet(h=1.80,v=0.75)+GradSplit(th=8.0,vf=0.06)                     | ✗ 11 fail
[5400/6590] AspectDet(h=1.80,v=0.75)+GradSplit(th=8.0,vf=0.07)                     | ✗ 11 fail
[5401/6590] AspectDet(h=1.80,v=0.75)+GradSplit(th=8.5,vf=0.04)                     | ✗ 11 fail
[5402/6590] AspectDet(h=1.80,v=0.75)+GradSplit(th=8.5,vf=0.05)                     | ✗ 11 fail
[5403/6590] AspectDet(h=1.80,v=0.75)+GradSplit(th=8.5,vf=0.06)                     | ✗ 11 fail
[5404/6590] AspectDet(h=1.80,v=0.75)+GradSplit(th=8.5,vf=0.07)                     | ✗ 11 fail
[5405/6590] AspectDet(h=1.80,v=0.75)+GradSplit(th=9.0,vf=0.04)                     | ✗ 11 fail
[5406/6590] AspectDet(h=1.80,v=0.75)+GradSplit(th=9.0,vf=0.05)                     | ✗ 11 fail
[5407/6590] AspectDet(h=1.80,v=0.75)+GradSplit(th=9.0,vf=0.06)                     | ✗ 11 fail
[5408/6590] AspectDet(h=1.80,v=0.75)+GradSplit(th=9.0,vf=0.07)                     | ✗ 11 fail
[5409/6590] AspectDet(h=1.80,v=0.75)+GradSplit(th=10.0,vf=0.04)                    | ✗ 11 fail
[5410/6590] AspectDet(h=1.80,v=0.75)+GradSplit(th=10.0,vf=0.05)                    | ✗ 11 fail
[5411/6590] AspectDet(h=1.80,v=0.75)+GradSplit(th=10.0,vf=0.06)                    | ✗ 11 fail
[5412/6590] AspectDet(h=1.80,v=0.75)+GradSplit(th=10.0,vf=0.07)                    | ✗ 11 fail
[5413/6590] AspectDet(h=1.80,v=0.75)+GradSplit(th=11.0,vf=0.04)                    | ✗ 11 fail
[5414/6590] AspectDet(h=1.80,v=0.75)+GradSplit(th=11.0,vf=0.05)                    | ✗ 11 fail
[5415/6590] AspectDet(h=1.80,v=0.75)+GradSplit(th=11.0,vf=0.06)                    | ✗ 11 fail
[5416/6590] AspectDet(h=1.80,v=0.75)+GradSplit(th=11.0,vf=0.07)                    | ✗ 11 fail
[5417/6590] AspectDet(h=1.80,v=0.75)+HistoSplit(bins=8)                            | ✗ 11 fail
[5418/6590] AspectDet(h=1.80,v=0.75)+HistoSplit(bins=12)                           | ✗ 11 fail
[5419/6590] AspectDet(h=1.80,v=0.75)+HistoSplit(bins=16)                           | ✗ 11 fail
[5420/6590] AspectDet(h=1.80,v=0.75)+HistoSplit(bins=20)                           | ✗ 11 fail
[5421/6590] AspectDet(h=1.80,v=0.75)+EdgeSplit(low=20,high=80)                     | ✗ 11 fail
[5422/6590] AspectDet(h=1.80,v=0.75)+EdgeSplit(low=30,high=100)                    | ✗ 11 fail
[5423/6590] AspectDet(h=1.80,v=0.75)+EdgeSplit(low=40,high=120)                    | ✗ 11 fail
[5424/6590] AspectDet(h=1.80,v=0.75)+EdgeSplit(low=50,high=150)                    | ✗ 11 fail
[5425/6590] AspectDet(h=1.80,v=0.80)+GradSplit(th=7.0,vf=0.04)                     | ✗ 13 fail
[5426/6590] AspectDet(h=1.80,v=0.80)+GradSplit(th=7.0,vf=0.05)                     | ✗ 13 fail
[5427/6590] AspectDet(h=1.80,v=0.80)+GradSplit(th=7.0,vf=0.06)                     | ✗ 13 fail
[5428/6590] AspectDet(h=1.80,v=0.80)+GradSplit(th=7.0,vf=0.07)                     | ✗ 13 fail
[5429/6590] AspectDet(h=1.80,v=0.80)+GradSplit(th=8.0,vf=0.04)                     | ✗ 13 fail
[5430/6590] AspectDet(h=1.80,v=0.80)+GradSplit(th=8.0,vf=0.05)                     | ✗ 13 fail
[5431/6590] AspectDet(h=1.80,v=0.80)+GradSplit(th=8.0,vf=0.06)                     | ✗ 13 fail
[5432/6590] AspectDet(h=1.80,v=0.80)+GradSplit(th=8.0,vf=0.07)                     | ✗ 13 fail
[5433/6590] AspectDet(h=1.80,v=0.80)+GradSplit(th=8.5,vf=0.04)                     | ✗ 13 fail
[5434/6590] AspectDet(h=1.80,v=0.80)+GradSplit(th=8.5,vf=0.05)                     | ✗ 13 fail
[5435/6590] AspectDet(h=1.80,v=0.80)+GradSplit(th=8.5,vf=0.06)                     | ✗ 13 fail
[5436/6590] AspectDet(h=1.80,v=0.80)+GradSplit(th=8.5,vf=0.07)                     | ✗ 13 fail
[5437/6590] AspectDet(h=1.80,v=0.80)+GradSplit(th=9.0,vf=0.04)                     | ✗ 13 fail
[5438/6590] AspectDet(h=1.80,v=0.80)+GradSplit(th=9.0,vf=0.05)                     | ✗ 13 fail
[5439/6590] AspectDet(h=1.80,v=0.80)+GradSplit(th=9.0,vf=0.06)                     | ✗ 13 fail
[5440/6590] AspectDet(h=1.80,v=0.80)+GradSplit(th=9.0,vf=0.07)                     | ✗ 13 fail
[5441/6590] AspectDet(h=1.80,v=0.80)+GradSplit(th=10.0,vf=0.04)                    | ✗ 13 fail
[5442/6590] AspectDet(h=1.80,v=0.80)+GradSplit(th=10.0,vf=0.05)                    | ✗ 13 fail
[5443/6590] AspectDet(h=1.80,v=0.80)+GradSplit(th=10.0,vf=0.06)                    | ✗ 13 fail
[5444/6590] AspectDet(h=1.80,v=0.80)+GradSplit(th=10.0,vf=0.07)                    | ✗ 13 fail
[5445/6590] AspectDet(h=1.80,v=0.80)+GradSplit(th=11.0,vf=0.04)                    | ✗ 13 fail
[5446/6590] AspectDet(h=1.80,v=0.80)+GradSplit(th=11.0,vf=0.05)                    | ✗ 13 fail
[5447/6590] AspectDet(h=1.80,v=0.80)+GradSplit(th=11.0,vf=0.06)                    | ✗ 13 fail
[5448/6590] AspectDet(h=1.80,v=0.80)+GradSplit(th=11.0,vf=0.07)                    | ✗ 13 fail
[5449/6590] AspectDet(h=1.80,v=0.80)+HistoSplit(bins=8)                            | ✗ 13 fail
[5450/6590] AspectDet(h=1.80,v=0.80)+HistoSplit(bins=12)                           | ✗ 13 fail
[5451/6590] AspectDet(h=1.80,v=0.80)+HistoSplit(bins=16)                           | ✗ 13 fail
[5452/6590] AspectDet(h=1.80,v=0.80)+HistoSplit(bins=20)                           | ✗ 13 fail
[5453/6590] AspectDet(h=1.80,v=0.80)+EdgeSplit(low=20,high=80)                     | ✗ 13 fail
[5454/6590] AspectDet(h=1.80,v=0.80)+EdgeSplit(low=30,high=100)                    | ✗ 13 fail
[5455/6590] AspectDet(h=1.80,v=0.80)+EdgeSplit(low=40,high=120)                    | ✗ 13 fail
[5456/6590] AspectDet(h=1.80,v=0.80)+EdgeSplit(low=50,high=150)                    | ✗ 13 fail
[5457/6590] AspectDet(h=1.90,v=0.50)+GradSplit(th=7.0,vf=0.04)                     | ✗ 8 fail
[5458/6590] AspectDet(h=1.90,v=0.50)+GradSplit(th=7.0,vf=0.05)                     | ✗ 8 fail
[5459/6590] AspectDet(h=1.90,v=0.50)+GradSplit(th=7.0,vf=0.06)                     | ✗ 8 fail
[5460/6590] AspectDet(h=1.90,v=0.50)+GradSplit(th=7.0,vf=0.07)                     | ✗ 8 fail
[5461/6590] AspectDet(h=1.90,v=0.50)+GradSplit(th=8.0,vf=0.04)                     | ✗ 8 fail
[5462/6590] AspectDet(h=1.90,v=0.50)+GradSplit(th=8.0,vf=0.05)                     | ✗ 8 fail
[5463/6590] AspectDet(h=1.90,v=0.50)+GradSplit(th=8.0,vf=0.06)                     | ✗ 8 fail
[5464/6590] AspectDet(h=1.90,v=0.50)+GradSplit(th=8.0,vf=0.07)                     | ✗ 8 fail
[5465/6590] AspectDet(h=1.90,v=0.50)+GradSplit(th=8.5,vf=0.04)                     | ✗ 8 fail
[5466/6590] AspectDet(h=1.90,v=0.50)+GradSplit(th=8.5,vf=0.05)                     | ✗ 8 fail
[5467/6590] AspectDet(h=1.90,v=0.50)+GradSplit(th=8.5,vf=0.06)                     | ✗ 8 fail
[5468/6590] AspectDet(h=1.90,v=0.50)+GradSplit(th=8.5,vf=0.07)                     | ✗ 8 fail
[5469/6590] AspectDet(h=1.90,v=0.50)+GradSplit(th=9.0,vf=0.04)                     | ✗ 8 fail
[5470/6590] AspectDet(h=1.90,v=0.50)+GradSplit(th=9.0,vf=0.05)                     | ✗ 8 fail
[5471/6590] AspectDet(h=1.90,v=0.50)+GradSplit(th=9.0,vf=0.06)                     | ✗ 8 fail
[5472/6590] AspectDet(h=1.90,v=0.50)+GradSplit(th=9.0,vf=0.07)                     | ✗ 8 fail
[5473/6590] AspectDet(h=1.90,v=0.50)+GradSplit(th=10.0,vf=0.04)                    | ✗ 8 fail
[5474/6590] AspectDet(h=1.90,v=0.50)+GradSplit(th=10.0,vf=0.05)                    | ✗ 8 fail
[5475/6590] AspectDet(h=1.90,v=0.50)+GradSplit(th=10.0,vf=0.06)                    | ✗ 8 fail
[5476/6590] AspectDet(h=1.90,v=0.50)+GradSplit(th=10.0,vf=0.07)                    | ✗ 8 fail
[5477/6590] AspectDet(h=1.90,v=0.50)+GradSplit(th=11.0,vf=0.04)                    | ✗ 8 fail
[5478/6590] AspectDet(h=1.90,v=0.50)+GradSplit(th=11.0,vf=0.05)                    | ✗ 8 fail
[5479/6590] AspectDet(h=1.90,v=0.50)+GradSplit(th=11.0,vf=0.06)                    | ✗ 8 fail
[5480/6590] AspectDet(h=1.90,v=0.50)+GradSplit(th=11.0,vf=0.07)                    | ✗ 8 fail
[5481/6590] AspectDet(h=1.90,v=0.50)+HistoSplit(bins=8)                            | ✗ 8 fail
[5482/6590] AspectDet(h=1.90,v=0.50)+HistoSplit(bins=12)                           | ✗ 8 fail
[5483/6590] AspectDet(h=1.90,v=0.50)+HistoSplit(bins=16)                           | ✗ 8 fail
[5484/6590] AspectDet(h=1.90,v=0.50)+HistoSplit(bins=20)                           | ✗ 8 fail
[5485/6590] AspectDet(h=1.90,v=0.50)+EdgeSplit(low=20,high=80)                     | ✗ 8 fail
[5486/6590] AspectDet(h=1.90,v=0.50)+EdgeSplit(low=30,high=100)                    | ✗ 8 fail
[5487/6590] AspectDet(h=1.90,v=0.50)+EdgeSplit(low=40,high=120)                    | ✗ 8 fail
[5488/6590] AspectDet(h=1.90,v=0.50)+EdgeSplit(low=50,high=150)                    | ✗ 8 fail
[5489/6590] AspectDet(h=1.90,v=0.55)+GradSplit(th=7.0,vf=0.04)                     | ✗ 8 fail
[5490/6590] AspectDet(h=1.90,v=0.55)+GradSplit(th=7.0,vf=0.05)                     | ✗ 8 fail
[5491/6590] AspectDet(h=1.90,v=0.55)+GradSplit(th=7.0,vf=0.06)                     | ✗ 8 fail
[5492/6590] AspectDet(h=1.90,v=0.55)+GradSplit(th=7.0,vf=0.07)                     | ✗ 8 fail
[5493/6590] AspectDet(h=1.90,v=0.55)+GradSplit(th=8.0,vf=0.04)                     | ✗ 8 fail
[5494/6590] AspectDet(h=1.90,v=0.55)+GradSplit(th=8.0,vf=0.05)                     | ✗ 8 fail
[5495/6590] AspectDet(h=1.90,v=0.55)+GradSplit(th=8.0,vf=0.06)                     | ✗ 8 fail
[5496/6590] AspectDet(h=1.90,v=0.55)+GradSplit(th=8.0,vf=0.07)                     | ✗ 8 fail
[5497/6590] AspectDet(h=1.90,v=0.55)+GradSplit(th=8.5,vf=0.04)                     | ✗ 8 fail
[5498/6590] AspectDet(h=1.90,v=0.55)+GradSplit(th=8.5,vf=0.05)                     | ✗ 8 fail
[5499/6590] AspectDet(h=1.90,v=0.55)+GradSplit(th=8.5,vf=0.06)                     | ✗ 8 fail
[5500/6590] AspectDet(h=1.90,v=0.55)+GradSplit(th=8.5,vf=0.07)                     | ✗ 8 fail
[5501/6590] AspectDet(h=1.90,v=0.55)+GradSplit(th=9.0,vf=0.04)                     | ✗ 8 fail
[5502/6590] AspectDet(h=1.90,v=0.55)+GradSplit(th=9.0,vf=0.05)                     | ✗ 8 fail
[5503/6590] AspectDet(h=1.90,v=0.55)+GradSplit(th=9.0,vf=0.06)                     | ✗ 8 fail
[5504/6590] AspectDet(h=1.90,v=0.55)+GradSplit(th=9.0,vf=0.07)                     | ✗ 8 fail
[5505/6590] AspectDet(h=1.90,v=0.55)+GradSplit(th=10.0,vf=0.04)                    | ✗ 8 fail
[5506/6590] AspectDet(h=1.90,v=0.55)+GradSplit(th=10.0,vf=0.05)                    | ✗ 8 fail
[5507/6590] AspectDet(h=1.90,v=0.55)+GradSplit(th=10.0,vf=0.06)                    | ✗ 8 fail
[5508/6590] AspectDet(h=1.90,v=0.55)+GradSplit(th=10.0,vf=0.07)                    | ✗ 8 fail
[5509/6590] AspectDet(h=1.90,v=0.55)+GradSplit(th=11.0,vf=0.04)                    | ✗ 8 fail
[5510/6590] AspectDet(h=1.90,v=0.55)+GradSplit(th=11.0,vf=0.05)                    | ✗ 8 fail
[5511/6590] AspectDet(h=1.90,v=0.55)+GradSplit(th=11.0,vf=0.06)                    | ✗ 8 fail
[5512/6590] AspectDet(h=1.90,v=0.55)+GradSplit(th=11.0,vf=0.07)                    | ✗ 8 fail
[5513/6590] AspectDet(h=1.90,v=0.55)+HistoSplit(bins=8)                            | ✗ 8 fail
[5514/6590] AspectDet(h=1.90,v=0.55)+HistoSplit(bins=12)                           | ✗ 8 fail
[5515/6590] AspectDet(h=1.90,v=0.55)+HistoSplit(bins=16)                           | ✗ 8 fail
[5516/6590] AspectDet(h=1.90,v=0.55)+HistoSplit(bins=20)                           | ✗ 8 fail
[5517/6590] AspectDet(h=1.90,v=0.55)+EdgeSplit(low=20,high=80)                     | ✗ 8 fail
[5518/6590] AspectDet(h=1.90,v=0.55)+EdgeSplit(low=30,high=100)                    | ✗ 8 fail
[5519/6590] AspectDet(h=1.90,v=0.55)+EdgeSplit(low=40,high=120)                    | ✗ 8 fail
[5520/6590] AspectDet(h=1.90,v=0.55)+EdgeSplit(low=50,high=150)                    | ✗ 8 fail
[5521/6590] AspectDet(h=1.90,v=0.60)+GradSplit(th=7.0,vf=0.04)                     | ✗ 10 fail
[5522/6590] AspectDet(h=1.90,v=0.60)+GradSplit(th=7.0,vf=0.05)                     | ✗ 10 fail
[5523/6590] AspectDet(h=1.90,v=0.60)+GradSplit(th=7.0,vf=0.06)                     | ✗ 10 fail
[5524/6590] AspectDet(h=1.90,v=0.60)+GradSplit(th=7.0,vf=0.07)                     | ✗ 10 fail
[5525/6590] AspectDet(h=1.90,v=0.60)+GradSplit(th=8.0,vf=0.04)                     | ✗ 10 fail
[5526/6590] AspectDet(h=1.90,v=0.60)+GradSplit(th=8.0,vf=0.05)                     | ✗ 10 fail
[5527/6590] AspectDet(h=1.90,v=0.60)+GradSplit(th=8.0,vf=0.06)                     | ✗ 10 fail
[5528/6590] AspectDet(h=1.90,v=0.60)+GradSplit(th=8.0,vf=0.07)                     | ✗ 10 fail
[5529/6590] AspectDet(h=1.90,v=0.60)+GradSplit(th=8.5,vf=0.04)                     | ✗ 10 fail
[5530/6590] AspectDet(h=1.90,v=0.60)+GradSplit(th=8.5,vf=0.05)                     | ✗ 10 fail
[5531/6590] AspectDet(h=1.90,v=0.60)+GradSplit(th=8.5,vf=0.06)                     | ✗ 10 fail
[5532/6590] AspectDet(h=1.90,v=0.60)+GradSplit(th=8.5,vf=0.07)                     | ✗ 10 fail
[5533/6590] AspectDet(h=1.90,v=0.60)+GradSplit(th=9.0,vf=0.04)                     | ✗ 10 fail
[5534/6590] AspectDet(h=1.90,v=0.60)+GradSplit(th=9.0,vf=0.05)                     | ✗ 10 fail
[5535/6590] AspectDet(h=1.90,v=0.60)+GradSplit(th=9.0,vf=0.06)                     | ✗ 10 fail
[5536/6590] AspectDet(h=1.90,v=0.60)+GradSplit(th=9.0,vf=0.07)                     | ✗ 10 fail
[5537/6590] AspectDet(h=1.90,v=0.60)+GradSplit(th=10.0,vf=0.04)                    | ✗ 10 fail
[5538/6590] AspectDet(h=1.90,v=0.60)+GradSplit(th=10.0,vf=0.05)                    | ✗ 10 fail
[5539/6590] AspectDet(h=1.90,v=0.60)+GradSplit(th=10.0,vf=0.06)                    | ✗ 10 fail
[5540/6590] AspectDet(h=1.90,v=0.60)+GradSplit(th=10.0,vf=0.07)                    | ✗ 10 fail
[5541/6590] AspectDet(h=1.90,v=0.60)+GradSplit(th=11.0,vf=0.04)                    | ✗ 10 fail
[5542/6590] AspectDet(h=1.90,v=0.60)+GradSplit(th=11.0,vf=0.05)                    | ✗ 10 fail
[5543/6590] AspectDet(h=1.90,v=0.60)+GradSplit(th=11.0,vf=0.06)                    | ✗ 10 fail
[5544/6590] AspectDet(h=1.90,v=0.60)+GradSplit(th=11.0,vf=0.07)                    | ✗ 10 fail
[5545/6590] AspectDet(h=1.90,v=0.60)+HistoSplit(bins=8)                            | ✗ 10 fail
[5546/6590] AspectDet(h=1.90,v=0.60)+HistoSplit(bins=12)                           | ✗ 10 fail
[5547/6590] AspectDet(h=1.90,v=0.60)+HistoSplit(bins=16)                           | ✗ 10 fail
[5548/6590] AspectDet(h=1.90,v=0.60)+HistoSplit(bins=20)                           | ✗ 10 fail
[5549/6590] AspectDet(h=1.90,v=0.60)+EdgeSplit(low=20,high=80)                     | ✗ 10 fail
[5550/6590] AspectDet(h=1.90,v=0.60)+EdgeSplit(low=30,high=100)                    | ✗ 10 fail
[5551/6590] AspectDet(h=1.90,v=0.60)+EdgeSplit(low=40,high=120)                    | ✗ 10 fail
[5552/6590] AspectDet(h=1.90,v=0.60)+EdgeSplit(low=50,high=150)                    | ✗ 10 fail
[5553/6590] AspectDet(h=1.90,v=0.65)+GradSplit(th=7.0,vf=0.04)                     | ✗ 11 fail
[5554/6590] AspectDet(h=1.90,v=0.65)+GradSplit(th=7.0,vf=0.05)                     | ✗ 11 fail
[5555/6590] AspectDet(h=1.90,v=0.65)+GradSplit(th=7.0,vf=0.06)                     | ✗ 11 fail
[5556/6590] AspectDet(h=1.90,v=0.65)+GradSplit(th=7.0,vf=0.07)                     | ✗ 11 fail
[5557/6590] AspectDet(h=1.90,v=0.65)+GradSplit(th=8.0,vf=0.04)                     | ✗ 11 fail
[5558/6590] AspectDet(h=1.90,v=0.65)+GradSplit(th=8.0,vf=0.05)                     | ✗ 11 fail
[5559/6590] AspectDet(h=1.90,v=0.65)+GradSplit(th=8.0,vf=0.06)                     | ✗ 11 fail
[5560/6590] AspectDet(h=1.90,v=0.65)+GradSplit(th=8.0,vf=0.07)                     | ✗ 11 fail
[5561/6590] AspectDet(h=1.90,v=0.65)+GradSplit(th=8.5,vf=0.04)                     | ✗ 11 fail
[5562/6590] AspectDet(h=1.90,v=0.65)+GradSplit(th=8.5,vf=0.05)                     | ✗ 11 fail
[5563/6590] AspectDet(h=1.90,v=0.65)+GradSplit(th=8.5,vf=0.06)                     | ✗ 11 fail
[5564/6590] AspectDet(h=1.90,v=0.65)+GradSplit(th=8.5,vf=0.07)                     | ✗ 11 fail
[5565/6590] AspectDet(h=1.90,v=0.65)+GradSplit(th=9.0,vf=0.04)                     | ✗ 11 fail
[5566/6590] AspectDet(h=1.90,v=0.65)+GradSplit(th=9.0,vf=0.05)                     | ✗ 11 fail
[5567/6590] AspectDet(h=1.90,v=0.65)+GradSplit(th=9.0,vf=0.06)                     | ✗ 11 fail
[5568/6590] AspectDet(h=1.90,v=0.65)+GradSplit(th=9.0,vf=0.07)                     | ✗ 11 fail
[5569/6590] AspectDet(h=1.90,v=0.65)+GradSplit(th=10.0,vf=0.04)                    | ✗ 11 fail
[5570/6590] AspectDet(h=1.90,v=0.65)+GradSplit(th=10.0,vf=0.05)                    | ✗ 11 fail
[5571/6590] AspectDet(h=1.90,v=0.65)+GradSplit(th=10.0,vf=0.06)                    | ✗ 11 fail
[5572/6590] AspectDet(h=1.90,v=0.65)+GradSplit(th=10.0,vf=0.07)                    | ✗ 11 fail
[5573/6590] AspectDet(h=1.90,v=0.65)+GradSplit(th=11.0,vf=0.04)                    | ✗ 11 fail
[5574/6590] AspectDet(h=1.90,v=0.65)+GradSplit(th=11.0,vf=0.05)                    | ✗ 11 fail
[5575/6590] AspectDet(h=1.90,v=0.65)+GradSplit(th=11.0,vf=0.06)                    | ✗ 11 fail
[5576/6590] AspectDet(h=1.90,v=0.65)+GradSplit(th=11.0,vf=0.07)                    | ✗ 11 fail
[5577/6590] AspectDet(h=1.90,v=0.65)+HistoSplit(bins=8)                            | ✗ 11 fail
[5578/6590] AspectDet(h=1.90,v=0.65)+HistoSplit(bins=12)                           | ✗ 11 fail
[5579/6590] AspectDet(h=1.90,v=0.65)+HistoSplit(bins=16)                           | ✗ 11 fail
[5580/6590] AspectDet(h=1.90,v=0.65)+HistoSplit(bins=20)                           | ✗ 11 fail
[5581/6590] AspectDet(h=1.90,v=0.65)+EdgeSplit(low=20,high=80)                     | ✗ 11 fail
[5582/6590] AspectDet(h=1.90,v=0.65)+EdgeSplit(low=30,high=100)                    | ✗ 11 fail
[5583/6590] AspectDet(h=1.90,v=0.65)+EdgeSplit(low=40,high=120)                    | ✗ 11 fail
[5584/6590] AspectDet(h=1.90,v=0.65)+EdgeSplit(low=50,high=150)                    | ✗ 11 fail
[5585/6590] AspectDet(h=1.90,v=0.70)+GradSplit(th=7.0,vf=0.04)                     | ✗ 9 fail
[5586/6590] AspectDet(h=1.90,v=0.70)+GradSplit(th=7.0,vf=0.05)                     | ✗ 9 fail
[5587/6590] AspectDet(h=1.90,v=0.70)+GradSplit(th=7.0,vf=0.06)                     | ✗ 9 fail
[5588/6590] AspectDet(h=1.90,v=0.70)+GradSplit(th=7.0,vf=0.07)                     | ✗ 9 fail
[5589/6590] AspectDet(h=1.90,v=0.70)+GradSplit(th=8.0,vf=0.04)                     | ✗ 9 fail
[5590/6590] AspectDet(h=1.90,v=0.70)+GradSplit(th=8.0,vf=0.05)                     | ✗ 9 fail
[5591/6590] AspectDet(h=1.90,v=0.70)+GradSplit(th=8.0,vf=0.06)                     | ✗ 9 fail
[5592/6590] AspectDet(h=1.90,v=0.70)+GradSplit(th=8.0,vf=0.07)                     | ✗ 9 fail
[5593/6590] AspectDet(h=1.90,v=0.70)+GradSplit(th=8.5,vf=0.04)                     | ✗ 9 fail
[5594/6590] AspectDet(h=1.90,v=0.70)+GradSplit(th=8.5,vf=0.05)                     | ✗ 9 fail
[5595/6590] AspectDet(h=1.90,v=0.70)+GradSplit(th=8.5,vf=0.06)                     | ✗ 9 fail
[5596/6590] AspectDet(h=1.90,v=0.70)+GradSplit(th=8.5,vf=0.07)                     | ✗ 9 fail
[5597/6590] AspectDet(h=1.90,v=0.70)+GradSplit(th=9.0,vf=0.04)                     | ✗ 9 fail
[5598/6590] AspectDet(h=1.90,v=0.70)+GradSplit(th=9.0,vf=0.05)                     | ✗ 9 fail
[5599/6590] AspectDet(h=1.90,v=0.70)+GradSplit(th=9.0,vf=0.06)                     | ✗ 9 fail
[5600/6590] AspectDet(h=1.90,v=0.70)+GradSplit(th=9.0,vf=0.07)                     | ✗ 9 fail
[5601/6590] AspectDet(h=1.90,v=0.70)+GradSplit(th=10.0,vf=0.04)                    | ✗ 9 fail
[5602/6590] AspectDet(h=1.90,v=0.70)+GradSplit(th=10.0,vf=0.05)                    | ✗ 9 fail
[5603/6590] AspectDet(h=1.90,v=0.70)+GradSplit(th=10.0,vf=0.06)                    | ✗ 9 fail
[5604/6590] AspectDet(h=1.90,v=0.70)+GradSplit(th=10.0,vf=0.07)                    | ✗ 9 fail
[5605/6590] AspectDet(h=1.90,v=0.70)+GradSplit(th=11.0,vf=0.04)                    | ✗ 9 fail
[5606/6590] AspectDet(h=1.90,v=0.70)+GradSplit(th=11.0,vf=0.05)                    | ✗ 9 fail
[5607/6590] AspectDet(h=1.90,v=0.70)+GradSplit(th=11.0,vf=0.06)                    | ✗ 9 fail
[5608/6590] AspectDet(h=1.90,v=0.70)+GradSplit(th=11.0,vf=0.07)                    | ✗ 9 fail
[5609/6590] AspectDet(h=1.90,v=0.70)+HistoSplit(bins=8)                            | ✗ 9 fail
[5610/6590] AspectDet(h=1.90,v=0.70)+HistoSplit(bins=12)                           | ✗ 9 fail
[5611/6590] AspectDet(h=1.90,v=0.70)+HistoSplit(bins=16)                           | ✗ 9 fail
[5612/6590] AspectDet(h=1.90,v=0.70)+HistoSplit(bins=20)                           | ✗ 9 fail
[5613/6590] AspectDet(h=1.90,v=0.70)+EdgeSplit(low=20,high=80)                     | ✗ 9 fail
[5614/6590] AspectDet(h=1.90,v=0.70)+EdgeSplit(low=30,high=100)                    | ✗ 9 fail
[5615/6590] AspectDet(h=1.90,v=0.70)+EdgeSplit(low=40,high=120)                    | ✗ 9 fail
[5616/6590] AspectDet(h=1.90,v=0.70)+EdgeSplit(low=50,high=150)                    | ✗ 9 fail
[5617/6590] AspectDet(h=1.90,v=0.75)+GradSplit(th=7.0,vf=0.04)                     | ✗ 11 fail
[5618/6590] AspectDet(h=1.90,v=0.75)+GradSplit(th=7.0,vf=0.05)                     | ✗ 11 fail
[5619/6590] AspectDet(h=1.90,v=0.75)+GradSplit(th=7.0,vf=0.06)                     | ✗ 11 fail
[5620/6590] AspectDet(h=1.90,v=0.75)+GradSplit(th=7.0,vf=0.07)                     | ✗ 11 fail
[5621/6590] AspectDet(h=1.90,v=0.75)+GradSplit(th=8.0,vf=0.04)                     | ✗ 11 fail
[5622/6590] AspectDet(h=1.90,v=0.75)+GradSplit(th=8.0,vf=0.05)                     | ✗ 11 fail
[5623/6590] AspectDet(h=1.90,v=0.75)+GradSplit(th=8.0,vf=0.06)                     | ✗ 11 fail
[5624/6590] AspectDet(h=1.90,v=0.75)+GradSplit(th=8.0,vf=0.07)                     | ✗ 11 fail
[5625/6590] AspectDet(h=1.90,v=0.75)+GradSplit(th=8.5,vf=0.04)                     | ✗ 11 fail
[5626/6590] AspectDet(h=1.90,v=0.75)+GradSplit(th=8.5,vf=0.05)                     | ✗ 11 fail
[5627/6590] AspectDet(h=1.90,v=0.75)+GradSplit(th=8.5,vf=0.06)                     | ✗ 11 fail
[5628/6590] AspectDet(h=1.90,v=0.75)+GradSplit(th=8.5,vf=0.07)                     | ✗ 11 fail
[5629/6590] AspectDet(h=1.90,v=0.75)+GradSplit(th=9.0,vf=0.04)                     | ✗ 11 fail
[5630/6590] AspectDet(h=1.90,v=0.75)+GradSplit(th=9.0,vf=0.05)                     | ✗ 11 fail
[5631/6590] AspectDet(h=1.90,v=0.75)+GradSplit(th=9.0,vf=0.06)                     | ✗ 11 fail
[5632/6590] AspectDet(h=1.90,v=0.75)+GradSplit(th=9.0,vf=0.07)                     | ✗ 11 fail
[5633/6590] AspectDet(h=1.90,v=0.75)+GradSplit(th=10.0,vf=0.04)                    | ✗ 11 fail
[5634/6590] AspectDet(h=1.90,v=0.75)+GradSplit(th=10.0,vf=0.05)                    | ✗ 11 fail
[5635/6590] AspectDet(h=1.90,v=0.75)+GradSplit(th=10.0,vf=0.06)                    | ✗ 11 fail
[5636/6590] AspectDet(h=1.90,v=0.75)+GradSplit(th=10.0,vf=0.07)                    | ✗ 11 fail
[5637/6590] AspectDet(h=1.90,v=0.75)+GradSplit(th=11.0,vf=0.04)                    | ✗ 11 fail
[5638/6590] AspectDet(h=1.90,v=0.75)+GradSplit(th=11.0,vf=0.05)                    | ✗ 11 fail
[5639/6590] AspectDet(h=1.90,v=0.75)+GradSplit(th=11.0,vf=0.06)                    | ✗ 11 fail
[5640/6590] AspectDet(h=1.90,v=0.75)+GradSplit(th=11.0,vf=0.07)                    | ✗ 11 fail
[5641/6590] AspectDet(h=1.90,v=0.75)+HistoSplit(bins=8)                            | ✗ 11 fail
[5642/6590] AspectDet(h=1.90,v=0.75)+HistoSplit(bins=12)                           | ✗ 11 fail
[5643/6590] AspectDet(h=1.90,v=0.75)+HistoSplit(bins=16)                           | ✗ 11 fail
[5644/6590] AspectDet(h=1.90,v=0.75)+HistoSplit(bins=20)                           | ✗ 11 fail
[5645/6590] AspectDet(h=1.90,v=0.75)+EdgeSplit(low=20,high=80)                     | ✗ 11 fail
[5646/6590] AspectDet(h=1.90,v=0.75)+EdgeSplit(low=30,high=100)                    | ✗ 11 fail
[5647/6590] AspectDet(h=1.90,v=0.75)+EdgeSplit(low=40,high=120)                    | ✗ 11 fail
[5648/6590] AspectDet(h=1.90,v=0.75)+EdgeSplit(low=50,high=150)                    | ✗ 11 fail
[5649/6590] AspectDet(h=1.90,v=0.80)+GradSplit(th=7.0,vf=0.04)                     | ✗ 13 fail
[5650/6590] AspectDet(h=1.90,v=0.80)+GradSplit(th=7.0,vf=0.05)                     | ✗ 13 fail
[5651/6590] AspectDet(h=1.90,v=0.80)+GradSplit(th=7.0,vf=0.06)                     | ✗ 13 fail
[5652/6590] AspectDet(h=1.90,v=0.80)+GradSplit(th=7.0,vf=0.07)                     | ✗ 13 fail
[5653/6590] AspectDet(h=1.90,v=0.80)+GradSplit(th=8.0,vf=0.04)                     | ✗ 13 fail
[5654/6590] AspectDet(h=1.90,v=0.80)+GradSplit(th=8.0,vf=0.05)                     | ✗ 13 fail
[5655/6590] AspectDet(h=1.90,v=0.80)+GradSplit(th=8.0,vf=0.06)                     | ✗ 13 fail
[5656/6590] AspectDet(h=1.90,v=0.80)+GradSplit(th=8.0,vf=0.07)                     | ✗ 13 fail
[5657/6590] AspectDet(h=1.90,v=0.80)+GradSplit(th=8.5,vf=0.04)                     | ✗ 13 fail
[5658/6590] AspectDet(h=1.90,v=0.80)+GradSplit(th=8.5,vf=0.05)                     | ✗ 13 fail
[5659/6590] AspectDet(h=1.90,v=0.80)+GradSplit(th=8.5,vf=0.06)                     | ✗ 13 fail
[5660/6590] AspectDet(h=1.90,v=0.80)+GradSplit(th=8.5,vf=0.07)                     | ✗ 13 fail
[5661/6590] AspectDet(h=1.90,v=0.80)+GradSplit(th=9.0,vf=0.04)                     | ✗ 13 fail
[5662/6590] AspectDet(h=1.90,v=0.80)+GradSplit(th=9.0,vf=0.05)                     | ✗ 13 fail
[5663/6590] AspectDet(h=1.90,v=0.80)+GradSplit(th=9.0,vf=0.06)                     | ✗ 13 fail
[5664/6590] AspectDet(h=1.90,v=0.80)+GradSplit(th=9.0,vf=0.07)                     | ✗ 13 fail
[5665/6590] AspectDet(h=1.90,v=0.80)+GradSplit(th=10.0,vf=0.04)                    | ✗ 13 fail
[5666/6590] AspectDet(h=1.90,v=0.80)+GradSplit(th=10.0,vf=0.05)                    | ✗ 13 fail
[5667/6590] AspectDet(h=1.90,v=0.80)+GradSplit(th=10.0,vf=0.06)                    | ✗ 13 fail
[5668/6590] AspectDet(h=1.90,v=0.80)+GradSplit(th=10.0,vf=0.07)                    | ✗ 13 fail
[5669/6590] AspectDet(h=1.90,v=0.80)+GradSplit(th=11.0,vf=0.04)                    | ✗ 13 fail
[5670/6590] AspectDet(h=1.90,v=0.80)+GradSplit(th=11.0,vf=0.05)                    | ✗ 13 fail
[5671/6590] AspectDet(h=1.90,v=0.80)+GradSplit(th=11.0,vf=0.06)                    | ✗ 13 fail
[5672/6590] AspectDet(h=1.90,v=0.80)+GradSplit(th=11.0,vf=0.07)                    | ✗ 13 fail
[5673/6590] AspectDet(h=1.90,v=0.80)+HistoSplit(bins=8)                            | ✗ 13 fail
[5674/6590] AspectDet(h=1.90,v=0.80)+HistoSplit(bins=12)                           | ✗ 13 fail
[5675/6590] AspectDet(h=1.90,v=0.80)+HistoSplit(bins=16)                           | ✗ 13 fail
[5676/6590] AspectDet(h=1.90,v=0.80)+HistoSplit(bins=20)                           | ✗ 13 fail
[5677/6590] AspectDet(h=1.90,v=0.80)+EdgeSplit(low=20,high=80)                     | ✗ 13 fail
[5678/6590] AspectDet(h=1.90,v=0.80)+EdgeSplit(low=30,high=100)                    | ✗ 13 fail
[5679/6590] AspectDet(h=1.90,v=0.80)+EdgeSplit(low=40,high=120)                    | ✗ 13 fail
[5680/6590] AspectDet(h=1.90,v=0.80)+EdgeSplit(low=50,high=150)                    | ✗ 13 fail
[5681/6590] AspectDet(h=2.00,v=0.50)+GradSplit(th=7.0,vf=0.04)                     | ✗ 8 fail
[5682/6590] AspectDet(h=2.00,v=0.50)+GradSplit(th=7.0,vf=0.05)                     | ✗ 8 fail
[5683/6590] AspectDet(h=2.00,v=0.50)+GradSplit(th=7.0,vf=0.06)                     | ✗ 8 fail
[5684/6590] AspectDet(h=2.00,v=0.50)+GradSplit(th=7.0,vf=0.07)                     | ✗ 8 fail
[5685/6590] AspectDet(h=2.00,v=0.50)+GradSplit(th=8.0,vf=0.04)                     | ✗ 8 fail
[5686/6590] AspectDet(h=2.00,v=0.50)+GradSplit(th=8.0,vf=0.05)                     | ✗ 8 fail
[5687/6590] AspectDet(h=2.00,v=0.50)+GradSplit(th=8.0,vf=0.06)                     | ✗ 8 fail
[5688/6590] AspectDet(h=2.00,v=0.50)+GradSplit(th=8.0,vf=0.07)                     | ✗ 8 fail
[5689/6590] AspectDet(h=2.00,v=0.50)+GradSplit(th=8.5,vf=0.04)                     | ✗ 8 fail
[5690/6590] AspectDet(h=2.00,v=0.50)+GradSplit(th=8.5,vf=0.05)                     | ✗ 8 fail
[5691/6590] AspectDet(h=2.00,v=0.50)+GradSplit(th=8.5,vf=0.06)                     | ✗ 8 fail
[5692/6590] AspectDet(h=2.00,v=0.50)+GradSplit(th=8.5,vf=0.07)                     | ✗ 8 fail
[5693/6590] AspectDet(h=2.00,v=0.50)+GradSplit(th=9.0,vf=0.04)                     | ✗ 8 fail
[5694/6590] AspectDet(h=2.00,v=0.50)+GradSplit(th=9.0,vf=0.05)                     | ✗ 8 fail
[5695/6590] AspectDet(h=2.00,v=0.50)+GradSplit(th=9.0,vf=0.06)                     | ✗ 8 fail
[5696/6590] AspectDet(h=2.00,v=0.50)+GradSplit(th=9.0,vf=0.07)                     | ✗ 8 fail
[5697/6590] AspectDet(h=2.00,v=0.50)+GradSplit(th=10.0,vf=0.04)                    | ✗ 8 fail
[5698/6590] AspectDet(h=2.00,v=0.50)+GradSplit(th=10.0,vf=0.05)                    | ✗ 8 fail
[5699/6590] AspectDet(h=2.00,v=0.50)+GradSplit(th=10.0,vf=0.06)                    | ✗ 8 fail
[5700/6590] AspectDet(h=2.00,v=0.50)+GradSplit(th=10.0,vf=0.07)                    | ✗ 8 fail
[5701/6590] AspectDet(h=2.00,v=0.50)+GradSplit(th=11.0,vf=0.04)                    | ✗ 8 fail
[5702/6590] AspectDet(h=2.00,v=0.50)+GradSplit(th=11.0,vf=0.05)                    | ✗ 8 fail
[5703/6590] AspectDet(h=2.00,v=0.50)+GradSplit(th=11.0,vf=0.06)                    | ✗ 8 fail
[5704/6590] AspectDet(h=2.00,v=0.50)+GradSplit(th=11.0,vf=0.07)                    | ✗ 8 fail
[5705/6590] AspectDet(h=2.00,v=0.50)+HistoSplit(bins=8)                            | ✗ 8 fail
[5706/6590] AspectDet(h=2.00,v=0.50)+HistoSplit(bins=12)                           | ✗ 8 fail
[5707/6590] AspectDet(h=2.00,v=0.50)+HistoSplit(bins=16)                           | ✗ 8 fail
[5708/6590] AspectDet(h=2.00,v=0.50)+HistoSplit(bins=20)                           | ✗ 8 fail
[5709/6590] AspectDet(h=2.00,v=0.50)+EdgeSplit(low=20,high=80)                     | ✗ 8 fail
[5710/6590] AspectDet(h=2.00,v=0.50)+EdgeSplit(low=30,high=100)                    | ✗ 8 fail
[5711/6590] AspectDet(h=2.00,v=0.50)+EdgeSplit(low=40,high=120)                    | ✗ 8 fail
[5712/6590] AspectDet(h=2.00,v=0.50)+EdgeSplit(low=50,high=150)                    | ✗ 8 fail
[5713/6590] AspectDet(h=2.00,v=0.55)+GradSplit(th=7.0,vf=0.04)                     | ✗ 8 fail
[5714/6590] AspectDet(h=2.00,v=0.55)+GradSplit(th=7.0,vf=0.05)                     | ✗ 8 fail
[5715/6590] AspectDet(h=2.00,v=0.55)+GradSplit(th=7.0,vf=0.06)                     | ✗ 8 fail
[5716/6590] AspectDet(h=2.00,v=0.55)+GradSplit(th=7.0,vf=0.07)                     | ✗ 8 fail
[5717/6590] AspectDet(h=2.00,v=0.55)+GradSplit(th=8.0,vf=0.04)                     | ✗ 8 fail
[5718/6590] AspectDet(h=2.00,v=0.55)+GradSplit(th=8.0,vf=0.05)                     | ✗ 8 fail
[5719/6590] AspectDet(h=2.00,v=0.55)+GradSplit(th=8.0,vf=0.06)                     | ✗ 8 fail
[5720/6590] AspectDet(h=2.00,v=0.55)+GradSplit(th=8.0,vf=0.07)                     | ✗ 8 fail
[5721/6590] AspectDet(h=2.00,v=0.55)+GradSplit(th=8.5,vf=0.04)                     | ✗ 8 fail
[5722/6590] AspectDet(h=2.00,v=0.55)+GradSplit(th=8.5,vf=0.05)                     | ✗ 8 fail
[5723/6590] AspectDet(h=2.00,v=0.55)+GradSplit(th=8.5,vf=0.06)                     | ✗ 8 fail
[5724/6590] AspectDet(h=2.00,v=0.55)+GradSplit(th=8.5,vf=0.07)                     | ✗ 8 fail
[5725/6590] AspectDet(h=2.00,v=0.55)+GradSplit(th=9.0,vf=0.04)                     | ✗ 8 fail
[5726/6590] AspectDet(h=2.00,v=0.55)+GradSplit(th=9.0,vf=0.05)                     | ✗ 8 fail
[5727/6590] AspectDet(h=2.00,v=0.55)+GradSplit(th=9.0,vf=0.06)                     | ✗ 8 fail
[5728/6590] AspectDet(h=2.00,v=0.55)+GradSplit(th=9.0,vf=0.07)                     | ✗ 8 fail
[5729/6590] AspectDet(h=2.00,v=0.55)+GradSplit(th=10.0,vf=0.04)                    | ✗ 8 fail
[5730/6590] AspectDet(h=2.00,v=0.55)+GradSplit(th=10.0,vf=0.05)                    | ✗ 8 fail
[5731/6590] AspectDet(h=2.00,v=0.55)+GradSplit(th=10.0,vf=0.06)                    | ✗ 8 fail
[5732/6590] AspectDet(h=2.00,v=0.55)+GradSplit(th=10.0,vf=0.07)                    | ✗ 8 fail
[5733/6590] AspectDet(h=2.00,v=0.55)+GradSplit(th=11.0,vf=0.04)                    | ✗ 8 fail
[5734/6590] AspectDet(h=2.00,v=0.55)+GradSplit(th=11.0,vf=0.05)                    | ✗ 8 fail
[5735/6590] AspectDet(h=2.00,v=0.55)+GradSplit(th=11.0,vf=0.06)                    | ✗ 8 fail
[5736/6590] AspectDet(h=2.00,v=0.55)+GradSplit(th=11.0,vf=0.07)                    | ✗ 8 fail
[5737/6590] AspectDet(h=2.00,v=0.55)+HistoSplit(bins=8)                            | ✗ 8 fail
[5738/6590] AspectDet(h=2.00,v=0.55)+HistoSplit(bins=12)                           | ✗ 8 fail
[5739/6590] AspectDet(h=2.00,v=0.55)+HistoSplit(bins=16)                           | ✗ 8 fail
[5740/6590] AspectDet(h=2.00,v=0.55)+HistoSplit(bins=20)                           | ✗ 8 fail
[5741/6590] AspectDet(h=2.00,v=0.55)+EdgeSplit(low=20,high=80)                     | ✗ 8 fail
[5742/6590] AspectDet(h=2.00,v=0.55)+EdgeSplit(low=30,high=100)                    | ✗ 8 fail
[5743/6590] AspectDet(h=2.00,v=0.55)+EdgeSplit(low=40,high=120)                    | ✗ 8 fail
[5744/6590] AspectDet(h=2.00,v=0.55)+EdgeSplit(low=50,high=150)                    | ✗ 8 fail
[5745/6590] AspectDet(h=2.00,v=0.60)+GradSplit(th=7.0,vf=0.04)                     | ✗ 10 fail
[5746/6590] AspectDet(h=2.00,v=0.60)+GradSplit(th=7.0,vf=0.05)                     | ✗ 10 fail
[5747/6590] AspectDet(h=2.00,v=0.60)+GradSplit(th=7.0,vf=0.06)                     | ✗ 10 fail
[5748/6590] AspectDet(h=2.00,v=0.60)+GradSplit(th=7.0,vf=0.07)                     | ✗ 10 fail
[5749/6590] AspectDet(h=2.00,v=0.60)+GradSplit(th=8.0,vf=0.04)                     | ✗ 10 fail
[5750/6590] AspectDet(h=2.00,v=0.60)+GradSplit(th=8.0,vf=0.05)                     | ✗ 10 fail
[5751/6590] AspectDet(h=2.00,v=0.60)+GradSplit(th=8.0,vf=0.06)                     | ✗ 10 fail
[5752/6590] AspectDet(h=2.00,v=0.60)+GradSplit(th=8.0,vf=0.07)                     | ✗ 10 fail
[5753/6590] AspectDet(h=2.00,v=0.60)+GradSplit(th=8.5,vf=0.04)                     | ✗ 10 fail
[5754/6590] AspectDet(h=2.00,v=0.60)+GradSplit(th=8.5,vf=0.05)                     | ✗ 10 fail
[5755/6590] AspectDet(h=2.00,v=0.60)+GradSplit(th=8.5,vf=0.06)                     | ✗ 10 fail
[5756/6590] AspectDet(h=2.00,v=0.60)+GradSplit(th=8.5,vf=0.07)                     | ✗ 10 fail
[5757/6590] AspectDet(h=2.00,v=0.60)+GradSplit(th=9.0,vf=0.04)                     | ✗ 10 fail
[5758/6590] AspectDet(h=2.00,v=0.60)+GradSplit(th=9.0,vf=0.05)                     | ✗ 10 fail
[5759/6590] AspectDet(h=2.00,v=0.60)+GradSplit(th=9.0,vf=0.06)                     | ✗ 10 fail
[5760/6590] AspectDet(h=2.00,v=0.60)+GradSplit(th=9.0,vf=0.07)                     | ✗ 10 fail
[5761/6590] AspectDet(h=2.00,v=0.60)+GradSplit(th=10.0,vf=0.04)                    | ✗ 10 fail
[5762/6590] AspectDet(h=2.00,v=0.60)+GradSplit(th=10.0,vf=0.05)                    | ✗ 10 fail
[5763/6590] AspectDet(h=2.00,v=0.60)+GradSplit(th=10.0,vf=0.06)                    | ✗ 10 fail
[5764/6590] AspectDet(h=2.00,v=0.60)+GradSplit(th=10.0,vf=0.07)                    | ✗ 10 fail
[5765/6590] AspectDet(h=2.00,v=0.60)+GradSplit(th=11.0,vf=0.04)                    | ✗ 10 fail
[5766/6590] AspectDet(h=2.00,v=0.60)+GradSplit(th=11.0,vf=0.05)                    | ✗ 10 fail
[5767/6590] AspectDet(h=2.00,v=0.60)+GradSplit(th=11.0,vf=0.06)                    | ✗ 10 fail
[5768/6590] AspectDet(h=2.00,v=0.60)+GradSplit(th=11.0,vf=0.07)                    | ✗ 10 fail
[5769/6590] AspectDet(h=2.00,v=0.60)+HistoSplit(bins=8)                            | ✗ 10 fail
[5770/6590] AspectDet(h=2.00,v=0.60)+HistoSplit(bins=12)                           | ✗ 10 fail
[5771/6590] AspectDet(h=2.00,v=0.60)+HistoSplit(bins=16)                           | ✗ 10 fail
[5772/6590] AspectDet(h=2.00,v=0.60)+HistoSplit(bins=20)                           | ✗ 10 fail
[5773/6590] AspectDet(h=2.00,v=0.60)+EdgeSplit(low=20,high=80)                     | ✗ 10 fail
[5774/6590] AspectDet(h=2.00,v=0.60)+EdgeSplit(low=30,high=100)                    | ✗ 10 fail
[5775/6590] AspectDet(h=2.00,v=0.60)+EdgeSplit(low=40,high=120)                    | ✗ 10 fail
[5776/6590] AspectDet(h=2.00,v=0.60)+EdgeSplit(low=50,high=150)                    | ✗ 10 fail
[5777/6590] AspectDet(h=2.00,v=0.65)+GradSplit(th=7.0,vf=0.04)                     | ✗ 11 fail
[5778/6590] AspectDet(h=2.00,v=0.65)+GradSplit(th=7.0,vf=0.05)                     | ✗ 11 fail
[5779/6590] AspectDet(h=2.00,v=0.65)+GradSplit(th=7.0,vf=0.06)                     | ✗ 11 fail
[5780/6590] AspectDet(h=2.00,v=0.65)+GradSplit(th=7.0,vf=0.07)                     | ✗ 11 fail
[5781/6590] AspectDet(h=2.00,v=0.65)+GradSplit(th=8.0,vf=0.04)                     | ✗ 11 fail
[5782/6590] AspectDet(h=2.00,v=0.65)+GradSplit(th=8.0,vf=0.05)                     | ✗ 11 fail
[5783/6590] AspectDet(h=2.00,v=0.65)+GradSplit(th=8.0,vf=0.06)                     | ✗ 11 fail
[5784/6590] AspectDet(h=2.00,v=0.65)+GradSplit(th=8.0,vf=0.07)                     | ✗ 11 fail
[5785/6590] AspectDet(h=2.00,v=0.65)+GradSplit(th=8.5,vf=0.04)                     | ✗ 11 fail
[5786/6590] AspectDet(h=2.00,v=0.65)+GradSplit(th=8.5,vf=0.05)                     | ✗ 11 fail
[5787/6590] AspectDet(h=2.00,v=0.65)+GradSplit(th=8.5,vf=0.06)                     | ✗ 11 fail
[5788/6590] AspectDet(h=2.00,v=0.65)+GradSplit(th=8.5,vf=0.07)                     | ✗ 11 fail
[5789/6590] AspectDet(h=2.00,v=0.65)+GradSplit(th=9.0,vf=0.04)                     | ✗ 11 fail
[5790/6590] AspectDet(h=2.00,v=0.65)+GradSplit(th=9.0,vf=0.05)                     | ✗ 11 fail
[5791/6590] AspectDet(h=2.00,v=0.65)+GradSplit(th=9.0,vf=0.06)                     | ✗ 11 fail
[5792/6590] AspectDet(h=2.00,v=0.65)+GradSplit(th=9.0,vf=0.07)                     | ✗ 11 fail
[5793/6590] AspectDet(h=2.00,v=0.65)+GradSplit(th=10.0,vf=0.04)                    | ✗ 11 fail
[5794/6590] AspectDet(h=2.00,v=0.65)+GradSplit(th=10.0,vf=0.05)                    | ✗ 11 fail
[5795/6590] AspectDet(h=2.00,v=0.65)+GradSplit(th=10.0,vf=0.06)                    | ✗ 11 fail
[5796/6590] AspectDet(h=2.00,v=0.65)+GradSplit(th=10.0,vf=0.07)                    | ✗ 11 fail
[5797/6590] AspectDet(h=2.00,v=0.65)+GradSplit(th=11.0,vf=0.04)                    | ✗ 11 fail
[5798/6590] AspectDet(h=2.00,v=0.65)+GradSplit(th=11.0,vf=0.05)                    | ✗ 11 fail
[5799/6590] AspectDet(h=2.00,v=0.65)+GradSplit(th=11.0,vf=0.06)                    | ✗ 11 fail
[5800/6590] AspectDet(h=2.00,v=0.65)+GradSplit(th=11.0,vf=0.07)                    | ✗ 11 fail
[5801/6590] AspectDet(h=2.00,v=0.65)+HistoSplit(bins=8)                            | ✗ 11 fail
[5802/6590] AspectDet(h=2.00,v=0.65)+HistoSplit(bins=12)                           | ✗ 11 fail
[5803/6590] AspectDet(h=2.00,v=0.65)+HistoSplit(bins=16)                           | ✗ 11 fail
[5804/6590] AspectDet(h=2.00,v=0.65)+HistoSplit(bins=20)                           | ✗ 11 fail
[5805/6590] AspectDet(h=2.00,v=0.65)+EdgeSplit(low=20,high=80)                     | ✗ 11 fail
[5806/6590] AspectDet(h=2.00,v=0.65)+EdgeSplit(low=30,high=100)                    | ✗ 11 fail
[5807/6590] AspectDet(h=2.00,v=0.65)+EdgeSplit(low=40,high=120)                    | ✗ 11 fail
[5808/6590] AspectDet(h=2.00,v=0.65)+EdgeSplit(low=50,high=150)                    | ✗ 11 fail
[5809/6590] AspectDet(h=2.00,v=0.70)+GradSplit(th=7.0,vf=0.04)                     | ✗ 9 fail
[5810/6590] AspectDet(h=2.00,v=0.70)+GradSplit(th=7.0,vf=0.05)                     | ✗ 9 fail
[5811/6590] AspectDet(h=2.00,v=0.70)+GradSplit(th=7.0,vf=0.06)                     | ✗ 9 fail
[5812/6590] AspectDet(h=2.00,v=0.70)+GradSplit(th=7.0,vf=0.07)                     | ✗ 9 fail
[5813/6590] AspectDet(h=2.00,v=0.70)+GradSplit(th=8.0,vf=0.04)                     | ✗ 9 fail
[5814/6590] AspectDet(h=2.00,v=0.70)+GradSplit(th=8.0,vf=0.05)                     | ✗ 9 fail
[5815/6590] AspectDet(h=2.00,v=0.70)+GradSplit(th=8.0,vf=0.06)                     | ✗ 9 fail
[5816/6590] AspectDet(h=2.00,v=0.70)+GradSplit(th=8.0,vf=0.07)                     | ✗ 9 fail
[5817/6590] AspectDet(h=2.00,v=0.70)+GradSplit(th=8.5,vf=0.04)                     | ✗ 9 fail
[5818/6590] AspectDet(h=2.00,v=0.70)+GradSplit(th=8.5,vf=0.05)                     | ✗ 9 fail
[5819/6590] AspectDet(h=2.00,v=0.70)+GradSplit(th=8.5,vf=0.06)                     | ✗ 9 fail
[5820/6590] AspectDet(h=2.00,v=0.70)+GradSplit(th=8.5,vf=0.07)                     | ✗ 9 fail
[5821/6590] AspectDet(h=2.00,v=0.70)+GradSplit(th=9.0,vf=0.04)                     | ✗ 9 fail
[5822/6590] AspectDet(h=2.00,v=0.70)+GradSplit(th=9.0,vf=0.05)                     | ✗ 9 fail
[5823/6590] AspectDet(h=2.00,v=0.70)+GradSplit(th=9.0,vf=0.06)                     | ✗ 9 fail
[5824/6590] AspectDet(h=2.00,v=0.70)+GradSplit(th=9.0,vf=0.07)                     | ✗ 9 fail
[5825/6590] AspectDet(h=2.00,v=0.70)+GradSplit(th=10.0,vf=0.04)                    | ✗ 9 fail
[5826/6590] AspectDet(h=2.00,v=0.70)+GradSplit(th=10.0,vf=0.05)                    | ✗ 9 fail
[5827/6590] AspectDet(h=2.00,v=0.70)+GradSplit(th=10.0,vf=0.06)                    | ✗ 9 fail
[5828/6590] AspectDet(h=2.00,v=0.70)+GradSplit(th=10.0,vf=0.07)                    | ✗ 9 fail
[5829/6590] AspectDet(h=2.00,v=0.70)+GradSplit(th=11.0,vf=0.04)                    | ✗ 9 fail
[5830/6590] AspectDet(h=2.00,v=0.70)+GradSplit(th=11.0,vf=0.05)                    | ✗ 9 fail
[5831/6590] AspectDet(h=2.00,v=0.70)+GradSplit(th=11.0,vf=0.06)                    | ✗ 9 fail
[5832/6590] AspectDet(h=2.00,v=0.70)+GradSplit(th=11.0,vf=0.07)                    | ✗ 9 fail
[5833/6590] AspectDet(h=2.00,v=0.70)+HistoSplit(bins=8)                            | ✗ 9 fail
[5834/6590] AspectDet(h=2.00,v=0.70)+HistoSplit(bins=12)                           | ✗ 9 fail
[5835/6590] AspectDet(h=2.00,v=0.70)+HistoSplit(bins=16)                           | ✗ 9 fail
[5836/6590] AspectDet(h=2.00,v=0.70)+HistoSplit(bins=20)                           | ✗ 9 fail
[5837/6590] AspectDet(h=2.00,v=0.70)+EdgeSplit(low=20,high=80)                     | ✗ 9 fail
[5838/6590] AspectDet(h=2.00,v=0.70)+EdgeSplit(low=30,high=100)                    | ✗ 9 fail
[5839/6590] AspectDet(h=2.00,v=0.70)+EdgeSplit(low=40,high=120)                    | ✗ 9 fail
[5840/6590] AspectDet(h=2.00,v=0.70)+EdgeSplit(low=50,high=150)                    | ✗ 9 fail
[5841/6590] AspectDet(h=2.00,v=0.75)+GradSplit(th=7.0,vf=0.04)                     | ✗ 11 fail
[5842/6590] AspectDet(h=2.00,v=0.75)+GradSplit(th=7.0,vf=0.05)                     | ✗ 11 fail
[5843/6590] AspectDet(h=2.00,v=0.75)+GradSplit(th=7.0,vf=0.06)                     | ✗ 11 fail
[5844/6590] AspectDet(h=2.00,v=0.75)+GradSplit(th=7.0,vf=0.07)                     | ✗ 11 fail
[5845/6590] AspectDet(h=2.00,v=0.75)+GradSplit(th=8.0,vf=0.04)                     | ✗ 11 fail
[5846/6590] AspectDet(h=2.00,v=0.75)+GradSplit(th=8.0,vf=0.05)                     | ✗ 11 fail
[5847/6590] AspectDet(h=2.00,v=0.75)+GradSplit(th=8.0,vf=0.06)                     | ✗ 11 fail
[5848/6590] AspectDet(h=2.00,v=0.75)+GradSplit(th=8.0,vf=0.07)                     | ✗ 11 fail
[5849/6590] AspectDet(h=2.00,v=0.75)+GradSplit(th=8.5,vf=0.04)                     | ✗ 11 fail
[5850/6590] AspectDet(h=2.00,v=0.75)+GradSplit(th=8.5,vf=0.05)                     | ✗ 11 fail
[5851/6590] AspectDet(h=2.00,v=0.75)+GradSplit(th=8.5,vf=0.06)                     | ✗ 11 fail
[5852/6590] AspectDet(h=2.00,v=0.75)+GradSplit(th=8.5,vf=0.07)                     | ✗ 11 fail
[5853/6590] AspectDet(h=2.00,v=0.75)+GradSplit(th=9.0,vf=0.04)                     | ✗ 11 fail
[5854/6590] AspectDet(h=2.00,v=0.75)+GradSplit(th=9.0,vf=0.05)                     | ✗ 11 fail
[5855/6590] AspectDet(h=2.00,v=0.75)+GradSplit(th=9.0,vf=0.06)                     | ✗ 11 fail
[5856/6590] AspectDet(h=2.00,v=0.75)+GradSplit(th=9.0,vf=0.07)                     | ✗ 11 fail
[5857/6590] AspectDet(h=2.00,v=0.75)+GradSplit(th=10.0,vf=0.04)                    | ✗ 11 fail
[5858/6590] AspectDet(h=2.00,v=0.75)+GradSplit(th=10.0,vf=0.05)                    | ✗ 11 fail
[5859/6590] AspectDet(h=2.00,v=0.75)+GradSplit(th=10.0,vf=0.06)                    | ✗ 11 fail
[5860/6590] AspectDet(h=2.00,v=0.75)+GradSplit(th=10.0,vf=0.07)                    | ✗ 11 fail
[5861/6590] AspectDet(h=2.00,v=0.75)+GradSplit(th=11.0,vf=0.04)                    | ✗ 11 fail
[5862/6590] AspectDet(h=2.00,v=0.75)+GradSplit(th=11.0,vf=0.05)                    | ✗ 11 fail
[5863/6590] AspectDet(h=2.00,v=0.75)+GradSplit(th=11.0,vf=0.06)                    | ✗ 11 fail
[5864/6590] AspectDet(h=2.00,v=0.75)+GradSplit(th=11.0,vf=0.07)                    | ✗ 11 fail
[5865/6590] AspectDet(h=2.00,v=0.75)+HistoSplit(bins=8)                            | ✗ 11 fail
[5866/6590] AspectDet(h=2.00,v=0.75)+HistoSplit(bins=12)                           | ✗ 11 fail
[5867/6590] AspectDet(h=2.00,v=0.75)+HistoSplit(bins=16)                           | ✗ 11 fail
[5868/6590] AspectDet(h=2.00,v=0.75)+HistoSplit(bins=20)                           | ✗ 11 fail
[5869/6590] AspectDet(h=2.00,v=0.75)+EdgeSplit(low=20,high=80)                     | ✗ 11 fail
[5870/6590] AspectDet(h=2.00,v=0.75)+EdgeSplit(low=30,high=100)                    | ✗ 11 fail
[5871/6590] AspectDet(h=2.00,v=0.75)+EdgeSplit(low=40,high=120)                    | ✗ 11 fail
[5872/6590] AspectDet(h=2.00,v=0.75)+EdgeSplit(low=50,high=150)                    | ✗ 11 fail
[5873/6590] AspectDet(h=2.00,v=0.80)+GradSplit(th=7.0,vf=0.04)                     | ✗ 13 fail
[5874/6590] AspectDet(h=2.00,v=0.80)+GradSplit(th=7.0,vf=0.05)                     | ✗ 13 fail
[5875/6590] AspectDet(h=2.00,v=0.80)+GradSplit(th=7.0,vf=0.06)                     | ✗ 13 fail
[5876/6590] AspectDet(h=2.00,v=0.80)+GradSplit(th=7.0,vf=0.07)                     | ✗ 13 fail
[5877/6590] AspectDet(h=2.00,v=0.80)+GradSplit(th=8.0,vf=0.04)                     | ✗ 13 fail
[5878/6590] AspectDet(h=2.00,v=0.80)+GradSplit(th=8.0,vf=0.05)                     | ✗ 13 fail
[5879/6590] AspectDet(h=2.00,v=0.80)+GradSplit(th=8.0,vf=0.06)                     | ✗ 13 fail
[5880/6590] AspectDet(h=2.00,v=0.80)+GradSplit(th=8.0,vf=0.07)                     | ✗ 13 fail
[5881/6590] AspectDet(h=2.00,v=0.80)+GradSplit(th=8.5,vf=0.04)                     | ✗ 13 fail
[5882/6590] AspectDet(h=2.00,v=0.80)+GradSplit(th=8.5,vf=0.05)                     | ✗ 13 fail
[5883/6590] AspectDet(h=2.00,v=0.80)+GradSplit(th=8.5,vf=0.06)                     | ✗ 13 fail
[5884/6590] AspectDet(h=2.00,v=0.80)+GradSplit(th=8.5,vf=0.07)                     | ✗ 13 fail
[5885/6590] AspectDet(h=2.00,v=0.80)+GradSplit(th=9.0,vf=0.04)                     | ✗ 13 fail
[5886/6590] AspectDet(h=2.00,v=0.80)+GradSplit(th=9.0,vf=0.05)                     | ✗ 13 fail
[5887/6590] AspectDet(h=2.00,v=0.80)+GradSplit(th=9.0,vf=0.06)                     | ✗ 13 fail
[5888/6590] AspectDet(h=2.00,v=0.80)+GradSplit(th=9.0,vf=0.07)                     | ✗ 13 fail
[5889/6590] AspectDet(h=2.00,v=0.80)+GradSplit(th=10.0,vf=0.04)                    | ✗ 13 fail
[5890/6590] AspectDet(h=2.00,v=0.80)+GradSplit(th=10.0,vf=0.05)                    | ✗ 13 fail
[5891/6590] AspectDet(h=2.00,v=0.80)+GradSplit(th=10.0,vf=0.06)                    | ✗ 13 fail
[5892/6590] AspectDet(h=2.00,v=0.80)+GradSplit(th=10.0,vf=0.07)                    | ✗ 13 fail
[5893/6590] AspectDet(h=2.00,v=0.80)+GradSplit(th=11.0,vf=0.04)                    | ✗ 13 fail
[5894/6590] AspectDet(h=2.00,v=0.80)+GradSplit(th=11.0,vf=0.05)                    | ✗ 13 fail
[5895/6590] AspectDet(h=2.00,v=0.80)+GradSplit(th=11.0,vf=0.06)                    | ✗ 13 fail
[5896/6590] AspectDet(h=2.00,v=0.80)+GradSplit(th=11.0,vf=0.07)                    | ✗ 13 fail
[5897/6590] AspectDet(h=2.00,v=0.80)+HistoSplit(bins=8)                            | ✗ 13 fail
[5898/6590] AspectDet(h=2.00,v=0.80)+HistoSplit(bins=12)                           | ✗ 13 fail
[5899/6590] AspectDet(h=2.00,v=0.80)+HistoSplit(bins=16)                           | ✗ 13 fail
[5900/6590] AspectDet(h=2.00,v=0.80)+HistoSplit(bins=20)                           | ✗ 13 fail
[5901/6590] AspectDet(h=2.00,v=0.80)+EdgeSplit(low=20,high=80)                     | ✗ 13 fail
[5902/6590] AspectDet(h=2.00,v=0.80)+EdgeSplit(low=30,high=100)                    | ✗ 13 fail
[5903/6590] AspectDet(h=2.00,v=0.80)+EdgeSplit(low=40,high=120)                    | ✗ 13 fail
[5904/6590] AspectDet(h=2.00,v=0.80)+EdgeSplit(low=50,high=150)                    | ✗ 13 fail
[5905/6590] HybridDet(gth=6.0,gw=0.5,ah=1.40,av=0.60)+GradSplit(th=6.0)            | ✗ 2 fail
           └─ Failures: 00017(pred:horizontal,gt:single), 00024(pred:single,gt:horizontal)
[5906/6590] HybridDet(gth=6.0,gw=0.5,ah=1.40,av=0.60)+HistoSplit(bins=16)          | ✗ 2 fail
           └─ Failures: 00017(pred:horizontal,gt:single), 00024(pred:single,gt:horizontal)
[5907/6590] HybridDet(gth=6.0,gw=0.5,ah=1.40,av=0.67)+GradSplit(th=6.0)            | ✗ 2 fail
           └─ Failures: 00017(pred:horizontal,gt:single), 00024(pred:single,gt:horizontal)
[5908/6590] HybridDet(gth=6.0,gw=0.5,ah=1.40,av=0.67)+HistoSplit(bins=16)          | ✗ 2 fail
           └─ Failures: 00017(pred:horizontal,gt:single), 00024(pred:single,gt:horizontal)
[5909/6590] HybridDet(gth=6.0,gw=0.5,ah=1.40,av=0.75)+GradSplit(th=6.0)            | ✗ 2 fail
           └─ Failures: 00017(pred:horizontal,gt:single), 00024(pred:single,gt:horizontal)
[5910/6590] HybridDet(gth=6.0,gw=0.5,ah=1.40,av=0.75)+HistoSplit(bins=16)          | ✗ 2 fail
           └─ Failures: 00017(pred:horizontal,gt:single), 00024(pred:single,gt:horizontal)
[5911/6590] HybridDet(gth=6.0,gw=0.5,ah=1.50,av=0.60)+GradSplit(th=6.0)            | ✗ 2 fail
           └─ Failures: 00017(pred:horizontal,gt:single), 00024(pred:single,gt:horizontal)
[5912/6590] HybridDet(gth=6.0,gw=0.5,ah=1.50,av=0.60)+HistoSplit(bins=16)          | ✗ 2 fail
           └─ Failures: 00017(pred:horizontal,gt:single), 00024(pred:single,gt:horizontal)
[5913/6590] HybridDet(gth=6.0,gw=0.5,ah=1.50,av=0.67)+GradSplit(th=6.0)            | ✗ 2 fail
           └─ Failures: 00017(pred:horizontal,gt:single), 00024(pred:single,gt:horizontal)
[5914/6590] HybridDet(gth=6.0,gw=0.5,ah=1.50,av=0.67)+HistoSplit(bins=16)          | ✗ 2 fail
           └─ Failures: 00017(pred:horizontal,gt:single), 00024(pred:single,gt:horizontal)
[5915/6590] HybridDet(gth=6.0,gw=0.5,ah=1.50,av=0.75)+GradSplit(th=6.0)            | ✗ 2 fail
           └─ Failures: 00017(pred:horizontal,gt:single), 00024(pred:single,gt:horizontal)
[5916/6590] HybridDet(gth=6.0,gw=0.5,ah=1.50,av=0.75)+HistoSplit(bins=16)          | ✗ 2 fail
           └─ Failures: 00017(pred:horizontal,gt:single), 00024(pred:single,gt:horizontal)
[5917/6590] HybridDet(gth=6.0,gw=0.5,ah=1.60,av=0.60)+GradSplit(th=6.0)            | ✗ 2 fail
           └─ Failures: 00017(pred:horizontal,gt:single), 00024(pred:single,gt:horizontal)
[5918/6590] HybridDet(gth=6.0,gw=0.5,ah=1.60,av=0.60)+HistoSplit(bins=16)          | ✗ 2 fail
           └─ Failures: 00017(pred:horizontal,gt:single), 00024(pred:single,gt:horizontal)
[5919/6590] HybridDet(gth=6.0,gw=0.5,ah=1.60,av=0.67)+GradSplit(th=6.0)            | ✗ 2 fail
           └─ Failures: 00017(pred:horizontal,gt:single), 00024(pred:single,gt:horizontal)
[5920/6590] HybridDet(gth=6.0,gw=0.5,ah=1.60,av=0.67)+HistoSplit(bins=16)          | ✗ 2 fail
           └─ Failures: 00017(pred:horizontal,gt:single), 00024(pred:single,gt:horizontal)
[5921/6590] HybridDet(gth=6.0,gw=0.5,ah=1.60,av=0.75)+GradSplit(th=6.0)            | ✗ 2 fail
           └─ Failures: 00017(pred:horizontal,gt:single), 00024(pred:single,gt:horizontal)
[5922/6590] HybridDet(gth=6.0,gw=0.5,ah=1.60,av=0.75)+HistoSplit(bins=16)          | ✗ 2 fail
           └─ Failures: 00017(pred:horizontal,gt:single), 00024(pred:single,gt:horizontal)
[5923/6590] HybridDet(gth=6.0,gw=0.6,ah=1.40,av=0.60)+GradSplit(th=6.0)            | ✗ 2 fail
           └─ Failures: 00017(pred:horizontal,gt:single), 00024(pred:single,gt:horizontal)
[5924/6590] HybridDet(gth=6.0,gw=0.6,ah=1.40,av=0.60)+HistoSplit(bins=16)          | ✗ 2 fail
           └─ Failures: 00017(pred:horizontal,gt:single), 00024(pred:single,gt:horizontal)
[5925/6590] HybridDet(gth=6.0,gw=0.6,ah=1.40,av=0.67)+GradSplit(th=6.0)            | ✗ 2 fail
           └─ Failures: 00017(pred:horizontal,gt:single), 00024(pred:single,gt:horizontal)
[5926/6590] HybridDet(gth=6.0,gw=0.6,ah=1.40,av=0.67)+HistoSplit(bins=16)          | ✗ 2 fail
           └─ Failures: 00017(pred:horizontal,gt:single), 00024(pred:single,gt:horizontal)
[5927/6590] HybridDet(gth=6.0,gw=0.6,ah=1.40,av=0.75)+GradSplit(th=6.0)            | ✗ 2 fail
           └─ Failures: 00017(pred:horizontal,gt:single), 00024(pred:single,gt:horizontal)
[5928/6590] HybridDet(gth=6.0,gw=0.6,ah=1.40,av=0.75)+HistoSplit(bins=16)          | ✗ 2 fail
           └─ Failures: 00017(pred:horizontal,gt:single), 00024(pred:single,gt:horizontal)
[5929/6590] HybridDet(gth=6.0,gw=0.6,ah=1.50,av=0.60)+GradSplit(th=6.0)            | ✗ 2 fail
           └─ Failures: 00017(pred:horizontal,gt:single), 00024(pred:single,gt:horizontal)
[5930/6590] HybridDet(gth=6.0,gw=0.6,ah=1.50,av=0.60)+HistoSplit(bins=16)          | ✗ 2 fail
           └─ Failures: 00017(pred:horizontal,gt:single), 00024(pred:single,gt:horizontal)
[5931/6590] HybridDet(gth=6.0,gw=0.6,ah=1.50,av=0.67)+GradSplit(th=6.0)            | ✗ 2 fail
           └─ Failures: 00017(pred:horizontal,gt:single), 00024(pred:single,gt:horizontal)
[5932/6590] HybridDet(gth=6.0,gw=0.6,ah=1.50,av=0.67)+HistoSplit(bins=16)          | ✗ 2 fail
           └─ Failures: 00017(pred:horizontal,gt:single), 00024(pred:single,gt:horizontal)
[5933/6590] HybridDet(gth=6.0,gw=0.6,ah=1.50,av=0.75)+GradSplit(th=6.0)            | ✗ 2 fail
           └─ Failures: 00017(pred:horizontal,gt:single), 00024(pred:single,gt:horizontal)
[5934/6590] HybridDet(gth=6.0,gw=0.6,ah=1.50,av=0.75)+HistoSplit(bins=16)          | ✗ 2 fail
           └─ Failures: 00017(pred:horizontal,gt:single), 00024(pred:single,gt:horizontal)
[5935/6590] HybridDet(gth=6.0,gw=0.6,ah=1.60,av=0.60)+GradSplit(th=6.0)            | ✗ 2 fail
           └─ Failures: 00017(pred:horizontal,gt:single), 00024(pred:single,gt:horizontal)
[5936/6590] HybridDet(gth=6.0,gw=0.6,ah=1.60,av=0.60)+HistoSplit(bins=16)          | ✗ 2 fail
           └─ Failures: 00017(pred:horizontal,gt:single), 00024(pred:single,gt:horizontal)
[5937/6590] HybridDet(gth=6.0,gw=0.6,ah=1.60,av=0.67)+GradSplit(th=6.0)            | ✗ 2 fail
           └─ Failures: 00017(pred:horizontal,gt:single), 00024(pred:single,gt:horizontal)
[5938/6590] HybridDet(gth=6.0,gw=0.6,ah=1.60,av=0.67)+HistoSplit(bins=16)          | ✗ 2 fail
           └─ Failures: 00017(pred:horizontal,gt:single), 00024(pred:single,gt:horizontal)
[5939/6590] HybridDet(gth=6.0,gw=0.6,ah=1.60,av=0.75)+GradSplit(th=6.0)            | ✗ 2 fail
           └─ Failures: 00017(pred:horizontal,gt:single), 00024(pred:single,gt:horizontal)
[5940/6590] HybridDet(gth=6.0,gw=0.6,ah=1.60,av=0.75)+HistoSplit(bins=16)          | ✗ 2 fail
           └─ Failures: 00017(pred:horizontal,gt:single), 00024(pred:single,gt:horizontal)
[5941/6590] HybridDet(gth=6.0,gw=0.7,ah=1.40,av=0.60)+GradSplit(th=6.0)            | ✗ 2 fail
           └─ Failures: 00017(pred:horizontal,gt:single), 00024(pred:single,gt:horizontal)
[5942/6590] HybridDet(gth=6.0,gw=0.7,ah=1.40,av=0.60)+HistoSplit(bins=16)          | ✗ 2 fail
           └─ Failures: 00017(pred:horizontal,gt:single), 00024(pred:single,gt:horizontal)
[5943/6590] HybridDet(gth=6.0,gw=0.7,ah=1.40,av=0.67)+GradSplit(th=6.0)            | ✗ 2 fail
           └─ Failures: 00017(pred:horizontal,gt:single), 00024(pred:single,gt:horizontal)
[5944/6590] HybridDet(gth=6.0,gw=0.7,ah=1.40,av=0.67)+HistoSplit(bins=16)          | ✗ 2 fail
           └─ Failures: 00017(pred:horizontal,gt:single), 00024(pred:single,gt:horizontal)
[5945/6590] HybridDet(gth=6.0,gw=0.7,ah=1.40,av=0.75)+GradSplit(th=6.0)            | ✗ 2 fail
           └─ Failures: 00017(pred:horizontal,gt:single), 00024(pred:single,gt:horizontal)
[5946/6590] HybridDet(gth=6.0,gw=0.7,ah=1.40,av=0.75)+HistoSplit(bins=16)          | ✗ 2 fail
           └─ Failures: 00017(pred:horizontal,gt:single), 00024(pred:single,gt:horizontal)
[5947/6590] HybridDet(gth=6.0,gw=0.7,ah=1.50,av=0.60)+GradSplit(th=6.0)            | ✗ 2 fail
           └─ Failures: 00017(pred:horizontal,gt:single), 00024(pred:single,gt:horizontal)
[5948/6590] HybridDet(gth=6.0,gw=0.7,ah=1.50,av=0.60)+HistoSplit(bins=16)          | ✗ 2 fail
           └─ Failures: 00017(pred:horizontal,gt:single), 00024(pred:single,gt:horizontal)
[5949/6590] HybridDet(gth=6.0,gw=0.7,ah=1.50,av=0.67)+GradSplit(th=6.0)            | ✗ 2 fail
           └─ Failures: 00017(pred:horizontal,gt:single), 00024(pred:single,gt:horizontal)
[5950/6590] HybridDet(gth=6.0,gw=0.7,ah=1.50,av=0.67)+HistoSplit(bins=16)          | ✗ 2 fail
           └─ Failures: 00017(pred:horizontal,gt:single), 00024(pred:single,gt:horizontal)
[5951/6590] HybridDet(gth=6.0,gw=0.7,ah=1.50,av=0.75)+GradSplit(th=6.0)            | ✗ 2 fail
           └─ Failures: 00017(pred:horizontal,gt:single), 00024(pred:single,gt:horizontal)
[5952/6590] HybridDet(gth=6.0,gw=0.7,ah=1.50,av=0.75)+HistoSplit(bins=16)          | ✗ 2 fail
           └─ Failures: 00017(pred:horizontal,gt:single), 00024(pred:single,gt:horizontal)
[5953/6590] HybridDet(gth=6.0,gw=0.7,ah=1.60,av=0.60)+GradSplit(th=6.0)            | ✗ 2 fail
           └─ Failures: 00017(pred:horizontal,gt:single), 00024(pred:single,gt:horizontal)
[5954/6590] HybridDet(gth=6.0,gw=0.7,ah=1.60,av=0.60)+HistoSplit(bins=16)          | ✗ 2 fail
           └─ Failures: 00017(pred:horizontal,gt:single), 00024(pred:single,gt:horizontal)
[5955/6590] HybridDet(gth=6.0,gw=0.7,ah=1.60,av=0.67)+GradSplit(th=6.0)            | ✗ 2 fail
           └─ Failures: 00017(pred:horizontal,gt:single), 00024(pred:single,gt:horizontal)
[5956/6590] HybridDet(gth=6.0,gw=0.7,ah=1.60,av=0.67)+HistoSplit(bins=16)          | ✗ 2 fail
           └─ Failures: 00017(pred:horizontal,gt:single), 00024(pred:single,gt:horizontal)
[5957/6590] HybridDet(gth=6.0,gw=0.7,ah=1.60,av=0.75)+GradSplit(th=6.0)            | ✗ 2 fail
           └─ Failures: 00017(pred:horizontal,gt:single), 00024(pred:single,gt:horizontal)
[5958/6590] HybridDet(gth=6.0,gw=0.7,ah=1.60,av=0.75)+HistoSplit(bins=16)          | ✗ 2 fail
           └─ Failures: 00017(pred:horizontal,gt:single), 00024(pred:single,gt:horizontal)
[5959/6590] HybridDet(gth=6.0,gw=0.8,ah=1.40,av=0.60)+GradSplit(th=6.0)            | ✗ 2 fail
           └─ Failures: 00017(pred:horizontal,gt:single), 00024(pred:single,gt:horizontal)
[5960/6590] HybridDet(gth=6.0,gw=0.8,ah=1.40,av=0.60)+HistoSplit(bins=16)          | ✗ 2 fail
           └─ Failures: 00017(pred:horizontal,gt:single), 00024(pred:single,gt:horizontal)
[5961/6590] HybridDet(gth=6.0,gw=0.8,ah=1.40,av=0.67)+GradSplit(th=6.0)            | ✗ 2 fail
           └─ Failures: 00017(pred:horizontal,gt:single), 00024(pred:single,gt:horizontal)
[5962/6590] HybridDet(gth=6.0,gw=0.8,ah=1.40,av=0.67)+HistoSplit(bins=16)          | ✗ 2 fail
           └─ Failures: 00017(pred:horizontal,gt:single), 00024(pred:single,gt:horizontal)
[5963/6590] HybridDet(gth=6.0,gw=0.8,ah=1.40,av=0.75)+GradSplit(th=6.0)            | ✗ 2 fail
           └─ Failures: 00017(pred:horizontal,gt:single), 00024(pred:single,gt:horizontal)
[5964/6590] HybridDet(gth=6.0,gw=0.8,ah=1.40,av=0.75)+HistoSplit(bins=16)          | ✗ 2 fail
           └─ Failures: 00017(pred:horizontal,gt:single), 00024(pred:single,gt:horizontal)
[5965/6590] HybridDet(gth=6.0,gw=0.8,ah=1.50,av=0.60)+GradSplit(th=6.0)            | ✗ 2 fail
           └─ Failures: 00017(pred:horizontal,gt:single), 00024(pred:single,gt:horizontal)
[5966/6590] HybridDet(gth=6.0,gw=0.8,ah=1.50,av=0.60)+HistoSplit(bins=16)          | ✗ 2 fail
           └─ Failures: 00017(pred:horizontal,gt:single), 00024(pred:single,gt:horizontal)
[5967/6590] HybridDet(gth=6.0,gw=0.8,ah=1.50,av=0.67)+GradSplit(th=6.0)            | ✗ 2 fail
           └─ Failures: 00017(pred:horizontal,gt:single), 00024(pred:single,gt:horizontal)
[5968/6590] HybridDet(gth=6.0,gw=0.8,ah=1.50,av=0.67)+HistoSplit(bins=16)          | ✗ 2 fail
           └─ Failures: 00017(pred:horizontal,gt:single), 00024(pred:single,gt:horizontal)
[5969/6590] HybridDet(gth=6.0,gw=0.8,ah=1.50,av=0.75)+GradSplit(th=6.0)            | ✗ 2 fail
           └─ Failures: 00017(pred:horizontal,gt:single), 00024(pred:single,gt:horizontal)
[5970/6590] HybridDet(gth=6.0,gw=0.8,ah=1.50,av=0.75)+HistoSplit(bins=16)          | ✗ 2 fail
           └─ Failures: 00017(pred:horizontal,gt:single), 00024(pred:single,gt:horizontal)
[5971/6590] HybridDet(gth=6.0,gw=0.8,ah=1.60,av=0.60)+GradSplit(th=6.0)            | ✗ 2 fail
           └─ Failures: 00017(pred:horizontal,gt:single), 00024(pred:single,gt:horizontal)
[5972/6590] HybridDet(gth=6.0,gw=0.8,ah=1.60,av=0.60)+HistoSplit(bins=16)          | ✗ 2 fail
           └─ Failures: 00017(pred:horizontal,gt:single), 00024(pred:single,gt:horizontal)
[5973/6590] HybridDet(gth=6.0,gw=0.8,ah=1.60,av=0.67)+GradSplit(th=6.0)            | ✗ 2 fail
           └─ Failures: 00017(pred:horizontal,gt:single), 00024(pred:single,gt:horizontal)
[5974/6590] HybridDet(gth=6.0,gw=0.8,ah=1.60,av=0.67)+HistoSplit(bins=16)          | ✗ 2 fail
           └─ Failures: 00017(pred:horizontal,gt:single), 00024(pred:single,gt:horizontal)
[5975/6590] HybridDet(gth=6.0,gw=0.8,ah=1.60,av=0.75)+GradSplit(th=6.0)            | ✗ 2 fail
           └─ Failures: 00017(pred:horizontal,gt:single), 00024(pred:single,gt:horizontal)
[5976/6590] HybridDet(gth=6.0,gw=0.8,ah=1.60,av=0.75)+HistoSplit(bins=16)          | ✗ 2 fail
           └─ Failures: 00017(pred:horizontal,gt:single), 00024(pred:single,gt:horizontal)
[5977/6590] HybridDet(gth=6.0,gw=0.9,ah=1.40,av=0.60)+GradSplit(th=6.0)            | ✗ 2 fail
           └─ Failures: 00017(pred:horizontal,gt:single), 00024(pred:single,gt:horizontal)
[5978/6590] HybridDet(gth=6.0,gw=0.9,ah=1.40,av=0.60)+HistoSplit(bins=16)          | ✗ 2 fail
           └─ Failures: 00017(pred:horizontal,gt:single), 00024(pred:single,gt:horizontal)
[5979/6590] HybridDet(gth=6.0,gw=0.9,ah=1.40,av=0.67)+GradSplit(th=6.0)            | ✗ 2 fail
           └─ Failures: 00017(pred:horizontal,gt:single), 00024(pred:single,gt:horizontal)
[5980/6590] HybridDet(gth=6.0,gw=0.9,ah=1.40,av=0.67)+HistoSplit(bins=16)          | ✗ 2 fail
           └─ Failures: 00017(pred:horizontal,gt:single), 00024(pred:single,gt:horizontal)
[5981/6590] HybridDet(gth=6.0,gw=0.9,ah=1.40,av=0.75)+GradSplit(th=6.0)            | ✗ 2 fail
           └─ Failures: 00017(pred:horizontal,gt:single), 00024(pred:single,gt:horizontal)
[5982/6590] HybridDet(gth=6.0,gw=0.9,ah=1.40,av=0.75)+HistoSplit(bins=16)          | ✗ 2 fail
           └─ Failures: 00017(pred:horizontal,gt:single), 00024(pred:single,gt:horizontal)
[5983/6590] HybridDet(gth=6.0,gw=0.9,ah=1.50,av=0.60)+GradSplit(th=6.0)            | ✗ 2 fail
           └─ Failures: 00017(pred:horizontal,gt:single), 00024(pred:single,gt:horizontal)
[5984/6590] HybridDet(gth=6.0,gw=0.9,ah=1.50,av=0.60)+HistoSplit(bins=16)          | ✗ 2 fail
           └─ Failures: 00017(pred:horizontal,gt:single), 00024(pred:single,gt:horizontal)
[5985/6590] HybridDet(gth=6.0,gw=0.9,ah=1.50,av=0.67)+GradSplit(th=6.0)            | ✗ 2 fail
           └─ Failures: 00017(pred:horizontal,gt:single), 00024(pred:single,gt:horizontal)
[5986/6590] HybridDet(gth=6.0,gw=0.9,ah=1.50,av=0.67)+HistoSplit(bins=16)          | ✗ 2 fail
           └─ Failures: 00017(pred:horizontal,gt:single), 00024(pred:single,gt:horizontal)
[5987/6590] HybridDet(gth=6.0,gw=0.9,ah=1.50,av=0.75)+GradSplit(th=6.0)            | ✗ 2 fail
           └─ Failures: 00017(pred:horizontal,gt:single), 00024(pred:single,gt:horizontal)
[5988/6590] HybridDet(gth=6.0,gw=0.9,ah=1.50,av=0.75)+HistoSplit(bins=16)          | ✗ 2 fail
           └─ Failures: 00017(pred:horizontal,gt:single), 00024(pred:single,gt:horizontal)
[5989/6590] HybridDet(gth=6.0,gw=0.9,ah=1.60,av=0.60)+GradSplit(th=6.0)            | ✗ 2 fail
           └─ Failures: 00017(pred:horizontal,gt:single), 00024(pred:single,gt:horizontal)
[5990/6590] HybridDet(gth=6.0,gw=0.9,ah=1.60,av=0.60)+HistoSplit(bins=16)          | ✗ 2 fail
           └─ Failures: 00017(pred:horizontal,gt:single), 00024(pred:single,gt:horizontal)
[5991/6590] HybridDet(gth=6.0,gw=0.9,ah=1.60,av=0.67)+GradSplit(th=6.0)            | ✗ 2 fail
           └─ Failures: 00017(pred:horizontal,gt:single), 00024(pred:single,gt:horizontal)
[5992/6590] HybridDet(gth=6.0,gw=0.9,ah=1.60,av=0.67)+HistoSplit(bins=16)          | ✗ 2 fail
           └─ Failures: 00017(pred:horizontal,gt:single), 00024(pred:single,gt:horizontal)
[5993/6590] HybridDet(gth=6.0,gw=0.9,ah=1.60,av=0.75)+GradSplit(th=6.0)            | ✗ 2 fail
           └─ Failures: 00017(pred:horizontal,gt:single), 00024(pred:single,gt:horizontal)
[5994/6590] HybridDet(gth=6.0,gw=0.9,ah=1.60,av=0.75)+HistoSplit(bins=16)          | ✗ 2 fail
           └─ Failures: 00017(pred:horizontal,gt:single), 00024(pred:single,gt:horizontal)
[5995/6590] HybridDet(gth=7.0,gw=0.5,ah=1.40,av=0.60)+GradSplit(th=7.0)            | ✗ 1 fail
           └─ Failures: 00017(pred:horizontal,gt:single)
[5996/6590] HybridDet(gth=7.0,gw=0.5,ah=1.40,av=0.60)+HistoSplit(bins=16)          | ✗ 1 fail
           └─ Failures: 00017(pred:horizontal,gt:single)
[5997/6590] HybridDet(gth=7.0,gw=0.5,ah=1.40,av=0.67)+GradSplit(th=7.0)            | ✗ 1 fail
           └─ Failures: 00017(pred:horizontal,gt:single)
[5998/6590] HybridDet(gth=7.0,gw=0.5,ah=1.40,av=0.67)+HistoSplit(bins=16)          | ✗ 1 fail
           └─ Failures: 00017(pred:horizontal,gt:single)
[5999/6590] HybridDet(gth=7.0,gw=0.5,ah=1.40,av=0.75)+GradSplit(th=7.0)            | ✗ 1 fail
           └─ Failures: 00017(pred:horizontal,gt:single)
[6000/6590] HybridDet(gth=7.0,gw=0.5,ah=1.40,av=0.75)+HistoSplit(bins=16)          | ✗ 1 fail
           └─ Failures: 00017(pred:horizontal,gt:single)
[6001/6590] HybridDet(gth=7.0,gw=0.5,ah=1.50,av=0.60)+GradSplit(th=7.0)            | ✗ 1 fail
           └─ Failures: 00017(pred:horizontal,gt:single)
[6002/6590] HybridDet(gth=7.0,gw=0.5,ah=1.50,av=0.60)+HistoSplit(bins=16)          | ✗ 1 fail
           └─ Failures: 00017(pred:horizontal,gt:single)
[6003/6590] HybridDet(gth=7.0,gw=0.5,ah=1.50,av=0.67)+GradSplit(th=7.0)            | ✗ 1 fail
           └─ Failures: 00017(pred:horizontal,gt:single)
[6004/6590] HybridDet(gth=7.0,gw=0.5,ah=1.50,av=0.67)+HistoSplit(bins=16)          | ✗ 1 fail
           └─ Failures: 00017(pred:horizontal,gt:single)
[6005/6590] HybridDet(gth=7.0,gw=0.5,ah=1.50,av=0.75)+GradSplit(th=7.0)            | ✗ 1 fail
           └─ Failures: 00017(pred:horizontal,gt:single)
[6006/6590] HybridDet(gth=7.0,gw=0.5,ah=1.50,av=0.75)+HistoSplit(bins=16)          | ✗ 1 fail
           └─ Failures: 00017(pred:horizontal,gt:single)
[6007/6590] HybridDet(gth=7.0,gw=0.5,ah=1.60,av=0.60)+GradSplit(th=7.0)            | ✗ 1 fail
           └─ Failures: 00017(pred:horizontal,gt:single)
[6008/6590] HybridDet(gth=7.0,gw=0.5,ah=1.60,av=0.60)+HistoSplit(bins=16)          | ✗ 1 fail
           └─ Failures: 00017(pred:horizontal,gt:single)
[6009/6590] HybridDet(gth=7.0,gw=0.5,ah=1.60,av=0.67)+GradSplit(th=7.0)            | ✗ 1 fail
           └─ Failures: 00017(pred:horizontal,gt:single)
[6010/6590] HybridDet(gth=7.0,gw=0.5,ah=1.60,av=0.67)+HistoSplit(bins=16)          | ✗ 1 fail
           └─ Failures: 00017(pred:horizontal,gt:single)
[6011/6590] HybridDet(gth=7.0,gw=0.5,ah=1.60,av=0.75)+GradSplit(th=7.0)            | ✗ 1 fail
           └─ Failures: 00017(pred:horizontal,gt:single)
[6012/6590] HybridDet(gth=7.0,gw=0.5,ah=1.60,av=0.75)+HistoSplit(bins=16)          | ✗ 1 fail
           └─ Failures: 00017(pred:horizontal,gt:single)
[6013/6590] HybridDet(gth=7.0,gw=0.6,ah=1.40,av=0.60)+GradSplit(th=7.0)            | ✗ 1 fail
           └─ Failures: 00017(pred:horizontal,gt:single)
[6014/6590] HybridDet(gth=7.0,gw=0.6,ah=1.40,av=0.60)+HistoSplit(bins=16)          | ✗ 1 fail
           └─ Failures: 00017(pred:horizontal,gt:single)
[6015/6590] HybridDet(gth=7.0,gw=0.6,ah=1.40,av=0.67)+GradSplit(th=7.0)            | ✗ 1 fail
           └─ Failures: 00017(pred:horizontal,gt:single)
[6016/6590] HybridDet(gth=7.0,gw=0.6,ah=1.40,av=0.67)+HistoSplit(bins=16)          | ✗ 1 fail
           └─ Failures: 00017(pred:horizontal,gt:single)
[6017/6590] HybridDet(gth=7.0,gw=0.6,ah=1.40,av=0.75)+GradSplit(th=7.0)            | ✗ 1 fail
           └─ Failures: 00017(pred:horizontal,gt:single)
[6018/6590] HybridDet(gth=7.0,gw=0.6,ah=1.40,av=0.75)+HistoSplit(bins=16)          | ✗ 1 fail
           └─ Failures: 00017(pred:horizontal,gt:single)
[6019/6590] HybridDet(gth=7.0,gw=0.6,ah=1.50,av=0.60)+GradSplit(th=7.0)            | ✗ 1 fail
           └─ Failures: 00017(pred:horizontal,gt:single)
[6020/6590] HybridDet(gth=7.0,gw=0.6,ah=1.50,av=0.60)+HistoSplit(bins=16)          | ✗ 1 fail
           └─ Failures: 00017(pred:horizontal,gt:single)
[6021/6590] HybridDet(gth=7.0,gw=0.6,ah=1.50,av=0.67)+GradSplit(th=7.0)            | ✗ 1 fail
           └─ Failures: 00017(pred:horizontal,gt:single)
[6022/6590] HybridDet(gth=7.0,gw=0.6,ah=1.50,av=0.67)+HistoSplit(bins=16)          | ✗ 1 fail
           └─ Failures: 00017(pred:horizontal,gt:single)
[6023/6590] HybridDet(gth=7.0,gw=0.6,ah=1.50,av=0.75)+GradSplit(th=7.0)            | ✗ 1 fail
           └─ Failures: 00017(pred:horizontal,gt:single)
[6024/6590] HybridDet(gth=7.0,gw=0.6,ah=1.50,av=0.75)+HistoSplit(bins=16)          | ✗ 1 fail
           └─ Failures: 00017(pred:horizontal,gt:single)
[6025/6590] HybridDet(gth=7.0,gw=0.6,ah=1.60,av=0.60)+GradSplit(th=7.0)            | ✗ 1 fail
           └─ Failures: 00017(pred:horizontal,gt:single)
[6026/6590] HybridDet(gth=7.0,gw=0.6,ah=1.60,av=0.60)+HistoSplit(bins=16)          | ✗ 1 fail
           └─ Failures: 00017(pred:horizontal,gt:single)
[6027/6590] HybridDet(gth=7.0,gw=0.6,ah=1.60,av=0.67)+GradSplit(th=7.0)            | ✗ 1 fail
           └─ Failures: 00017(pred:horizontal,gt:single)
[6028/6590] HybridDet(gth=7.0,gw=0.6,ah=1.60,av=0.67)+HistoSplit(bins=16)          | ✗ 1 fail
           └─ Failures: 00017(pred:horizontal,gt:single)
[6029/6590] HybridDet(gth=7.0,gw=0.6,ah=1.60,av=0.75)+GradSplit(th=7.0)            | ✗ 1 fail
           └─ Failures: 00017(pred:horizontal,gt:single)
[6030/6590] HybridDet(gth=7.0,gw=0.6,ah=1.60,av=0.75)+HistoSplit(bins=16)          | ✗ 1 fail
           └─ Failures: 00017(pred:horizontal,gt:single)
[6031/6590] HybridDet(gth=7.0,gw=0.7,ah=1.40,av=0.60)+GradSplit(th=7.0)            | ✗ 1 fail
           └─ Failures: 00017(pred:horizontal,gt:single)
[6032/6590] HybridDet(gth=7.0,gw=0.7,ah=1.40,av=0.60)+HistoSplit(bins=16)          | ✗ 1 fail
           └─ Failures: 00017(pred:horizontal,gt:single)
[6033/6590] HybridDet(gth=7.0,gw=0.7,ah=1.40,av=0.67)+GradSplit(th=7.0)            | ✗ 1 fail
           └─ Failures: 00017(pred:horizontal,gt:single)
[6034/6590] HybridDet(gth=7.0,gw=0.7,ah=1.40,av=0.67)+HistoSplit(bins=16)          | ✗ 1 fail
           └─ Failures: 00017(pred:horizontal,gt:single)
[6035/6590] HybridDet(gth=7.0,gw=0.7,ah=1.40,av=0.75)+GradSplit(th=7.0)            | ✗ 1 fail
           └─ Failures: 00017(pred:horizontal,gt:single)
[6036/6590] HybridDet(gth=7.0,gw=0.7,ah=1.40,av=0.75)+HistoSplit(bins=16)          | ✗ 1 fail
           └─ Failures: 00017(pred:horizontal,gt:single)
[6037/6590] HybridDet(gth=7.0,gw=0.7,ah=1.50,av=0.60)+GradSplit(th=7.0)            | ✗ 1 fail
           └─ Failures: 00017(pred:horizontal,gt:single)
[6038/6590] HybridDet(gth=7.0,gw=0.7,ah=1.50,av=0.60)+HistoSplit(bins=16)          | ✗ 1 fail
           └─ Failures: 00017(pred:horizontal,gt:single)
[6039/6590] HybridDet(gth=7.0,gw=0.7,ah=1.50,av=0.67)+GradSplit(th=7.0)            | ✗ 1 fail
           └─ Failures: 00017(pred:horizontal,gt:single)
[6040/6590] HybridDet(gth=7.0,gw=0.7,ah=1.50,av=0.67)+HistoSplit(bins=16)          | ✗ 1 fail
           └─ Failures: 00017(pred:horizontal,gt:single)
[6041/6590] HybridDet(gth=7.0,gw=0.7,ah=1.50,av=0.75)+GradSplit(th=7.0)            | ✗ 1 fail
           └─ Failures: 00017(pred:horizontal,gt:single)
[6042/6590] HybridDet(gth=7.0,gw=0.7,ah=1.50,av=0.75)+HistoSplit(bins=16)          | ✗ 1 fail
           └─ Failures: 00017(pred:horizontal,gt:single)
[6043/6590] HybridDet(gth=7.0,gw=0.7,ah=1.60,av=0.60)+GradSplit(th=7.0)            | ✗ 1 fail
           └─ Failures: 00017(pred:horizontal,gt:single)
[6044/6590] HybridDet(gth=7.0,gw=0.7,ah=1.60,av=0.60)+HistoSplit(bins=16)          | ✗ 1 fail
           └─ Failures: 00017(pred:horizontal,gt:single)
[6045/6590] HybridDet(gth=7.0,gw=0.7,ah=1.60,av=0.67)+GradSplit(th=7.0)            | ✗ 1 fail
           └─ Failures: 00017(pred:horizontal,gt:single)
[6046/6590] HybridDet(gth=7.0,gw=0.7,ah=1.60,av=0.67)+HistoSplit(bins=16)          | ✗ 1 fail
           └─ Failures: 00017(pred:horizontal,gt:single)
[6047/6590] HybridDet(gth=7.0,gw=0.7,ah=1.60,av=0.75)+GradSplit(th=7.0)            | ✗ 1 fail
           └─ Failures: 00017(pred:horizontal,gt:single)
[6048/6590] HybridDet(gth=7.0,gw=0.7,ah=1.60,av=0.75)+HistoSplit(bins=16)          | ✗ 1 fail
           └─ Failures: 00017(pred:horizontal,gt:single)
[6049/6590] HybridDet(gth=7.0,gw=0.8,ah=1.40,av=0.60)+GradSplit(th=7.0)            | ✗ 1 fail
           └─ Failures: 00017(pred:horizontal,gt:single)
[6050/6590] HybridDet(gth=7.0,gw=0.8,ah=1.40,av=0.60)+HistoSplit(bins=16)          | ✗ 1 fail
           └─ Failures: 00017(pred:horizontal,gt:single)
[6051/6590] HybridDet(gth=7.0,gw=0.8,ah=1.40,av=0.67)+GradSplit(th=7.0)            | ✗ 1 fail
           └─ Failures: 00017(pred:horizontal,gt:single)
[6052/6590] HybridDet(gth=7.0,gw=0.8,ah=1.40,av=0.67)+HistoSplit(bins=16)          | ✗ 1 fail
           └─ Failures: 00017(pred:horizontal,gt:single)
[6053/6590] HybridDet(gth=7.0,gw=0.8,ah=1.40,av=0.75)+GradSplit(th=7.0)            | ✗ 1 fail
           └─ Failures: 00017(pred:horizontal,gt:single)
[6054/6590] HybridDet(gth=7.0,gw=0.8,ah=1.40,av=0.75)+HistoSplit(bins=16)          | ✗ 1 fail
           └─ Failures: 00017(pred:horizontal,gt:single)
[6055/6590] HybridDet(gth=7.0,gw=0.8,ah=1.50,av=0.60)+GradSplit(th=7.0)            | ✗ 1 fail
           └─ Failures: 00017(pred:horizontal,gt:single)
[6056/6590] HybridDet(gth=7.0,gw=0.8,ah=1.50,av=0.60)+HistoSplit(bins=16)          | ✗ 1 fail
           └─ Failures: 00017(pred:horizontal,gt:single)
[6057/6590] HybridDet(gth=7.0,gw=0.8,ah=1.50,av=0.67)+GradSplit(th=7.0)            | ✗ 1 fail
           └─ Failures: 00017(pred:horizontal,gt:single)
[6058/6590] HybridDet(gth=7.0,gw=0.8,ah=1.50,av=0.67)+HistoSplit(bins=16)          | ✗ 1 fail
           └─ Failures: 00017(pred:horizontal,gt:single)
[6059/6590] HybridDet(gth=7.0,gw=0.8,ah=1.50,av=0.75)+GradSplit(th=7.0)            | ✗ 1 fail
           └─ Failures: 00017(pred:horizontal,gt:single)
[6060/6590] HybridDet(gth=7.0,gw=0.8,ah=1.50,av=0.75)+HistoSplit(bins=16)          | ✗ 1 fail
           └─ Failures: 00017(pred:horizontal,gt:single)
[6061/6590] HybridDet(gth=7.0,gw=0.8,ah=1.60,av=0.60)+GradSplit(th=7.0)            | ✗ 1 fail
           └─ Failures: 00017(pred:horizontal,gt:single)
[6062/6590] HybridDet(gth=7.0,gw=0.8,ah=1.60,av=0.60)+HistoSplit(bins=16)          | ✗ 1 fail
           └─ Failures: 00017(pred:horizontal,gt:single)
[6063/6590] HybridDet(gth=7.0,gw=0.8,ah=1.60,av=0.67)+GradSplit(th=7.0)            | ✗ 1 fail
           └─ Failures: 00017(pred:horizontal,gt:single)
[6064/6590] HybridDet(gth=7.0,gw=0.8,ah=1.60,av=0.67)+HistoSplit(bins=16)          | ✗ 1 fail
           └─ Failures: 00017(pred:horizontal,gt:single)
[6065/6590] HybridDet(gth=7.0,gw=0.8,ah=1.60,av=0.75)+GradSplit(th=7.0)            | ✗ 1 fail
           └─ Failures: 00017(pred:horizontal,gt:single)
[6066/6590] HybridDet(gth=7.0,gw=0.8,ah=1.60,av=0.75)+HistoSplit(bins=16)          | ✗ 1 fail
           └─ Failures: 00017(pred:horizontal,gt:single)
[6067/6590] HybridDet(gth=7.0,gw=0.9,ah=1.40,av=0.60)+GradSplit(th=7.0)            | ✗ 1 fail
           └─ Failures: 00017(pred:horizontal,gt:single)
[6068/6590] HybridDet(gth=7.0,gw=0.9,ah=1.40,av=0.60)+HistoSplit(bins=16)          | ✗ 1 fail
           └─ Failures: 00017(pred:horizontal,gt:single)
[6069/6590] HybridDet(gth=7.0,gw=0.9,ah=1.40,av=0.67)+GradSplit(th=7.0)            | ✗ 1 fail
           └─ Failures: 00017(pred:horizontal,gt:single)
[6070/6590] HybridDet(gth=7.0,gw=0.9,ah=1.40,av=0.67)+HistoSplit(bins=16)          | ✗ 1 fail
           └─ Failures: 00017(pred:horizontal,gt:single)
[6071/6590] HybridDet(gth=7.0,gw=0.9,ah=1.40,av=0.75)+GradSplit(th=7.0)            | ✗ 1 fail
           └─ Failures: 00017(pred:horizontal,gt:single)
[6072/6590] HybridDet(gth=7.0,gw=0.9,ah=1.40,av=0.75)+HistoSplit(bins=16)          | ✗ 1 fail
           └─ Failures: 00017(pred:horizontal,gt:single)
[6073/6590] HybridDet(gth=7.0,gw=0.9,ah=1.50,av=0.60)+GradSplit(th=7.0)            | ✗ 1 fail
           └─ Failures: 00017(pred:horizontal,gt:single)
[6074/6590] HybridDet(gth=7.0,gw=0.9,ah=1.50,av=0.60)+HistoSplit(bins=16)          | ✗ 1 fail
           └─ Failures: 00017(pred:horizontal,gt:single)
[6075/6590] HybridDet(gth=7.0,gw=0.9,ah=1.50,av=0.67)+GradSplit(th=7.0)            | ✗ 1 fail
           └─ Failures: 00017(pred:horizontal,gt:single)
[6076/6590] HybridDet(gth=7.0,gw=0.9,ah=1.50,av=0.67)+HistoSplit(bins=16)          | ✗ 1 fail
           └─ Failures: 00017(pred:horizontal,gt:single)
[6077/6590] HybridDet(gth=7.0,gw=0.9,ah=1.50,av=0.75)+GradSplit(th=7.0)            | ✗ 1 fail
           └─ Failures: 00017(pred:horizontal,gt:single)
[6078/6590] HybridDet(gth=7.0,gw=0.9,ah=1.50,av=0.75)+HistoSplit(bins=16)          | ✗ 1 fail
           └─ Failures: 00017(pred:horizontal,gt:single)
[6079/6590] HybridDet(gth=7.0,gw=0.9,ah=1.60,av=0.60)+GradSplit(th=7.0)            | ✗ 1 fail
           └─ Failures: 00017(pred:horizontal,gt:single)
[6080/6590] HybridDet(gth=7.0,gw=0.9,ah=1.60,av=0.60)+HistoSplit(bins=16)          | ✗ 1 fail
           └─ Failures: 00017(pred:horizontal,gt:single)
[6081/6590] HybridDet(gth=7.0,gw=0.9,ah=1.60,av=0.67)+GradSplit(th=7.0)            | ✗ 1 fail
           └─ Failures: 00017(pred:horizontal,gt:single)
[6082/6590] HybridDet(gth=7.0,gw=0.9,ah=1.60,av=0.67)+HistoSplit(bins=16)          | ✗ 1 fail
           └─ Failures: 00017(pred:horizontal,gt:single)
[6083/6590] HybridDet(gth=7.0,gw=0.9,ah=1.60,av=0.75)+GradSplit(th=7.0)            | ✗ 1 fail
           └─ Failures: 00017(pred:horizontal,gt:single)
[6084/6590] HybridDet(gth=7.0,gw=0.9,ah=1.60,av=0.75)+HistoSplit(bins=16)          | ✗ 1 fail
           └─ Failures: 00017(pred:horizontal,gt:single)
[6085/6590] HybridDet(gth=8.0,gw=0.5,ah=1.40,av=0.60)+GradSplit(th=8.0)            | ✗ 1 fail
           └─ Failures: 00017(pred:horizontal,gt:single)
[6086/6590] HybridDet(gth=8.0,gw=0.5,ah=1.40,av=0.60)+HistoSplit(bins=16)          | ✗ 1 fail
           └─ Failures: 00017(pred:horizontal,gt:single)
[6087/6590] HybridDet(gth=8.0,gw=0.5,ah=1.40,av=0.67)+GradSplit(th=8.0)            | ✗ 1 fail
           └─ Failures: 00017(pred:horizontal,gt:single)
[6088/6590] HybridDet(gth=8.0,gw=0.5,ah=1.40,av=0.67)+HistoSplit(bins=16)          | ✗ 1 fail
           └─ Failures: 00017(pred:horizontal,gt:single)
[6089/6590] HybridDet(gth=8.0,gw=0.5,ah=1.40,av=0.75)+GradSplit(th=8.0)            | ✗ 1 fail
           └─ Failures: 00017(pred:horizontal,gt:single)
[6090/6590] HybridDet(gth=8.0,gw=0.5,ah=1.40,av=0.75)+HistoSplit(bins=16)          | ✗ 1 fail
           └─ Failures: 00017(pred:horizontal,gt:single)
[6091/6590] HybridDet(gth=8.0,gw=0.5,ah=1.50,av=0.60)+GradSplit(th=8.0)            | ✗ 1 fail
           └─ Failures: 00017(pred:horizontal,gt:single)
[6092/6590] HybridDet(gth=8.0,gw=0.5,ah=1.50,av=0.60)+HistoSplit(bins=16)          | ✗ 1 fail
           └─ Failures: 00017(pred:horizontal,gt:single)
[6093/6590] HybridDet(gth=8.0,gw=0.5,ah=1.50,av=0.67)+GradSplit(th=8.0)            | ✗ 1 fail
           └─ Failures: 00017(pred:horizontal,gt:single)
[6094/6590] HybridDet(gth=8.0,gw=0.5,ah=1.50,av=0.67)+HistoSplit(bins=16)          | ✗ 1 fail
           └─ Failures: 00017(pred:horizontal,gt:single)
[6095/6590] HybridDet(gth=8.0,gw=0.5,ah=1.50,av=0.75)+GradSplit(th=8.0)            | ✗ 1 fail
           └─ Failures: 00017(pred:horizontal,gt:single)
[6096/6590] HybridDet(gth=8.0,gw=0.5,ah=1.50,av=0.75)+HistoSplit(bins=16)          | ✗ 1 fail
           └─ Failures: 00017(pred:horizontal,gt:single)
[6097/6590] HybridDet(gth=8.0,gw=0.5,ah=1.60,av=0.60)+GradSplit(th=8.0)            | ✗ 1 fail
           └─ Failures: 00017(pred:horizontal,gt:single)
[6098/6590] HybridDet(gth=8.0,gw=0.5,ah=1.60,av=0.60)+HistoSplit(bins=16)          | ✗ 1 fail
           └─ Failures: 00017(pred:horizontal,gt:single)
[6099/6590] HybridDet(gth=8.0,gw=0.5,ah=1.60,av=0.67)+GradSplit(th=8.0)            | ✗ 1 fail
           └─ Failures: 00017(pred:horizontal,gt:single)
[6100/6590] HybridDet(gth=8.0,gw=0.5,ah=1.60,av=0.67)+HistoSplit(bins=16)          | ✗ 1 fail
           └─ Failures: 00017(pred:horizontal,gt:single)
[6101/6590] HybridDet(gth=8.0,gw=0.5,ah=1.60,av=0.75)+GradSplit(th=8.0)            | ✗ 1 fail
           └─ Failures: 00017(pred:horizontal,gt:single)
[6102/6590] HybridDet(gth=8.0,gw=0.5,ah=1.60,av=0.75)+HistoSplit(bins=16)          | ✗ 1 fail
           └─ Failures: 00017(pred:horizontal,gt:single)
[6103/6590] HybridDet(gth=8.0,gw=0.6,ah=1.40,av=0.60)+GradSplit(th=8.0)            | ✗ 1 fail
           └─ Failures: 00017(pred:horizontal,gt:single)
[6104/6590] HybridDet(gth=8.0,gw=0.6,ah=1.40,av=0.60)+HistoSplit(bins=16)          | ✗ 1 fail
           └─ Failures: 00017(pred:horizontal,gt:single)
[6105/6590] HybridDet(gth=8.0,gw=0.6,ah=1.40,av=0.67)+GradSplit(th=8.0)            | ✗ 1 fail
           └─ Failures: 00017(pred:horizontal,gt:single)
[6106/6590] HybridDet(gth=8.0,gw=0.6,ah=1.40,av=0.67)+HistoSplit(bins=16)          | ✗ 1 fail
           └─ Failures: 00017(pred:horizontal,gt:single)
[6107/6590] HybridDet(gth=8.0,gw=0.6,ah=1.40,av=0.75)+GradSplit(th=8.0)            | ✗ 1 fail
           └─ Failures: 00017(pred:horizontal,gt:single)
[6108/6590] HybridDet(gth=8.0,gw=0.6,ah=1.40,av=0.75)+HistoSplit(bins=16)          | ✗ 1 fail
           └─ Failures: 00017(pred:horizontal,gt:single)
[6109/6590] HybridDet(gth=8.0,gw=0.6,ah=1.50,av=0.60)+GradSplit(th=8.0)            | ✗ 1 fail
           └─ Failures: 00017(pred:horizontal,gt:single)
[6110/6590] HybridDet(gth=8.0,gw=0.6,ah=1.50,av=0.60)+HistoSplit(bins=16)          | ✗ 1 fail
           └─ Failures: 00017(pred:horizontal,gt:single)
[6111/6590] HybridDet(gth=8.0,gw=0.6,ah=1.50,av=0.67)+GradSplit(th=8.0)            | ✗ 1 fail
           └─ Failures: 00017(pred:horizontal,gt:single)
[6112/6590] HybridDet(gth=8.0,gw=0.6,ah=1.50,av=0.67)+HistoSplit(bins=16)          | ✗ 1 fail
           └─ Failures: 00017(pred:horizontal,gt:single)
[6113/6590] HybridDet(gth=8.0,gw=0.6,ah=1.50,av=0.75)+GradSplit(th=8.0)            | ✗ 1 fail
           └─ Failures: 00017(pred:horizontal,gt:single)
[6114/6590] HybridDet(gth=8.0,gw=0.6,ah=1.50,av=0.75)+HistoSplit(bins=16)          | ✗ 1 fail
           └─ Failures: 00017(pred:horizontal,gt:single)
[6115/6590] HybridDet(gth=8.0,gw=0.6,ah=1.60,av=0.60)+GradSplit(th=8.0)            | ✗ 1 fail
           └─ Failures: 00017(pred:horizontal,gt:single)
[6116/6590] HybridDet(gth=8.0,gw=0.6,ah=1.60,av=0.60)+HistoSplit(bins=16)          | ✗ 1 fail
           └─ Failures: 00017(pred:horizontal,gt:single)
[6117/6590] HybridDet(gth=8.0,gw=0.6,ah=1.60,av=0.67)+GradSplit(th=8.0)            | ✗ 1 fail
           └─ Failures: 00017(pred:horizontal,gt:single)
[6118/6590] HybridDet(gth=8.0,gw=0.6,ah=1.60,av=0.67)+HistoSplit(bins=16)          | ✗ 1 fail
           └─ Failures: 00017(pred:horizontal,gt:single)
[6119/6590] HybridDet(gth=8.0,gw=0.6,ah=1.60,av=0.75)+GradSplit(th=8.0)            | ✗ 1 fail
           └─ Failures: 00017(pred:horizontal,gt:single)
[6120/6590] HybridDet(gth=8.0,gw=0.6,ah=1.60,av=0.75)+HistoSplit(bins=16)          | ✗ 1 fail
           └─ Failures: 00017(pred:horizontal,gt:single)
[6121/6590] HybridDet(gth=8.0,gw=0.7,ah=1.40,av=0.60)+GradSplit(th=8.0)            | ✗ 1 fail
           └─ Failures: 00017(pred:horizontal,gt:single)
[6122/6590] HybridDet(gth=8.0,gw=0.7,ah=1.40,av=0.60)+HistoSplit(bins=16)          | ✗ 1 fail
           └─ Failures: 00017(pred:horizontal,gt:single)
[6123/6590] HybridDet(gth=8.0,gw=0.7,ah=1.40,av=0.67)+GradSplit(th=8.0)            | ✗ 1 fail
           └─ Failures: 00017(pred:horizontal,gt:single)
[6124/6590] HybridDet(gth=8.0,gw=0.7,ah=1.40,av=0.67)+HistoSplit(bins=16)          | ✗ 1 fail
           └─ Failures: 00017(pred:horizontal,gt:single)
[6125/6590] HybridDet(gth=8.0,gw=0.7,ah=1.40,av=0.75)+GradSplit(th=8.0)            | ✗ 1 fail
           └─ Failures: 00017(pred:horizontal,gt:single)
[6126/6590] HybridDet(gth=8.0,gw=0.7,ah=1.40,av=0.75)+HistoSplit(bins=16)          | ✗ 1 fail
           └─ Failures: 00017(pred:horizontal,gt:single)
[6127/6590] HybridDet(gth=8.0,gw=0.7,ah=1.50,av=0.60)+GradSplit(th=8.0)            | ✗ 1 fail
           └─ Failures: 00017(pred:horizontal,gt:single)
[6128/6590] HybridDet(gth=8.0,gw=0.7,ah=1.50,av=0.60)+HistoSplit(bins=16)          | ✗ 1 fail
           └─ Failures: 00017(pred:horizontal,gt:single)
[6129/6590] HybridDet(gth=8.0,gw=0.7,ah=1.50,av=0.67)+GradSplit(th=8.0)            | ✗ 1 fail
           └─ Failures: 00017(pred:horizontal,gt:single)
[6130/6590] HybridDet(gth=8.0,gw=0.7,ah=1.50,av=0.67)+HistoSplit(bins=16)          | ✗ 1 fail
           └─ Failures: 00017(pred:horizontal,gt:single)
[6131/6590] HybridDet(gth=8.0,gw=0.7,ah=1.50,av=0.75)+GradSplit(th=8.0)            | ✗ 1 fail
           └─ Failures: 00017(pred:horizontal,gt:single)
[6132/6590] HybridDet(gth=8.0,gw=0.7,ah=1.50,av=0.75)+HistoSplit(bins=16)          | ✗ 1 fail
           └─ Failures: 00017(pred:horizontal,gt:single)
[6133/6590] HybridDet(gth=8.0,gw=0.7,ah=1.60,av=0.60)+GradSplit(th=8.0)            | ✗ 1 fail
           └─ Failures: 00017(pred:horizontal,gt:single)
[6134/6590] HybridDet(gth=8.0,gw=0.7,ah=1.60,av=0.60)+HistoSplit(bins=16)          | ✗ 1 fail
           └─ Failures: 00017(pred:horizontal,gt:single)
[6135/6590] HybridDet(gth=8.0,gw=0.7,ah=1.60,av=0.67)+GradSplit(th=8.0)            | ✗ 1 fail
           └─ Failures: 00017(pred:horizontal,gt:single)
[6136/6590] HybridDet(gth=8.0,gw=0.7,ah=1.60,av=0.67)+HistoSplit(bins=16)          | ✗ 1 fail
           └─ Failures: 00017(pred:horizontal,gt:single)
[6137/6590] HybridDet(gth=8.0,gw=0.7,ah=1.60,av=0.75)+GradSplit(th=8.0)            | ✗ 1 fail
           └─ Failures: 00017(pred:horizontal,gt:single)
[6138/6590] HybridDet(gth=8.0,gw=0.7,ah=1.60,av=0.75)+HistoSplit(bins=16)          | ✗ 1 fail
           └─ Failures: 00017(pred:horizontal,gt:single)
[6139/6590] HybridDet(gth=8.0,gw=0.8,ah=1.40,av=0.60)+GradSplit(th=8.0)            | ✗ 1 fail
           └─ Failures: 00017(pred:horizontal,gt:single)
[6140/6590] HybridDet(gth=8.0,gw=0.8,ah=1.40,av=0.60)+HistoSplit(bins=16)          | ✗ 1 fail
           └─ Failures: 00017(pred:horizontal,gt:single)
[6141/6590] HybridDet(gth=8.0,gw=0.8,ah=1.40,av=0.67)+GradSplit(th=8.0)            | ✗ 1 fail
           └─ Failures: 00017(pred:horizontal,gt:single)
[6142/6590] HybridDet(gth=8.0,gw=0.8,ah=1.40,av=0.67)+HistoSplit(bins=16)          | ✗ 1 fail
           └─ Failures: 00017(pred:horizontal,gt:single)
[6143/6590] HybridDet(gth=8.0,gw=0.8,ah=1.40,av=0.75)+GradSplit(th=8.0)            | ✗ 1 fail
           └─ Failures: 00017(pred:horizontal,gt:single)
[6144/6590] HybridDet(gth=8.0,gw=0.8,ah=1.40,av=0.75)+HistoSplit(bins=16)          | ✗ 1 fail
           └─ Failures: 00017(pred:horizontal,gt:single)
[6145/6590] HybridDet(gth=8.0,gw=0.8,ah=1.50,av=0.60)+GradSplit(th=8.0)            | ✗ 1 fail
           └─ Failures: 00017(pred:horizontal,gt:single)
[6146/6590] HybridDet(gth=8.0,gw=0.8,ah=1.50,av=0.60)+HistoSplit(bins=16)          | ✗ 1 fail
           └─ Failures: 00017(pred:horizontal,gt:single)
[6147/6590] HybridDet(gth=8.0,gw=0.8,ah=1.50,av=0.67)+GradSplit(th=8.0)            | ✗ 1 fail
           └─ Failures: 00017(pred:horizontal,gt:single)
[6148/6590] HybridDet(gth=8.0,gw=0.8,ah=1.50,av=0.67)+HistoSplit(bins=16)          | ✗ 1 fail
           └─ Failures: 00017(pred:horizontal,gt:single)
[6149/6590] HybridDet(gth=8.0,gw=0.8,ah=1.50,av=0.75)+GradSplit(th=8.0)            | ✗ 1 fail
           └─ Failures: 00017(pred:horizontal,gt:single)
[6150/6590] HybridDet(gth=8.0,gw=0.8,ah=1.50,av=0.75)+HistoSplit(bins=16)          | ✗ 1 fail
           └─ Failures: 00017(pred:horizontal,gt:single)
[6151/6590] HybridDet(gth=8.0,gw=0.8,ah=1.60,av=0.60)+GradSplit(th=8.0)            | ✗ 1 fail
           └─ Failures: 00017(pred:horizontal,gt:single)
[6152/6590] HybridDet(gth=8.0,gw=0.8,ah=1.60,av=0.60)+HistoSplit(bins=16)          | ✗ 1 fail
           └─ Failures: 00017(pred:horizontal,gt:single)
[6153/6590] HybridDet(gth=8.0,gw=0.8,ah=1.60,av=0.67)+GradSplit(th=8.0)            | ✗ 1 fail
           └─ Failures: 00017(pred:horizontal,gt:single)
[6154/6590] HybridDet(gth=8.0,gw=0.8,ah=1.60,av=0.67)+HistoSplit(bins=16)          | ✗ 1 fail
           └─ Failures: 00017(pred:horizontal,gt:single)
[6155/6590] HybridDet(gth=8.0,gw=0.8,ah=1.60,av=0.75)+GradSplit(th=8.0)            | ✗ 1 fail
           └─ Failures: 00017(pred:horizontal,gt:single)
[6156/6590] HybridDet(gth=8.0,gw=0.8,ah=1.60,av=0.75)+HistoSplit(bins=16)          | ✗ 1 fail
           └─ Failures: 00017(pred:horizontal,gt:single)
[6157/6590] HybridDet(gth=8.0,gw=0.9,ah=1.40,av=0.60)+GradSplit(th=8.0)            | ✗ 1 fail
           └─ Failures: 00017(pred:horizontal,gt:single)
[6158/6590] HybridDet(gth=8.0,gw=0.9,ah=1.40,av=0.60)+HistoSplit(bins=16)          | ✗ 1 fail
           └─ Failures: 00017(pred:horizontal,gt:single)
[6159/6590] HybridDet(gth=8.0,gw=0.9,ah=1.40,av=0.67)+GradSplit(th=8.0)            | ✗ 1 fail
           └─ Failures: 00017(pred:horizontal,gt:single)
[6160/6590] HybridDet(gth=8.0,gw=0.9,ah=1.40,av=0.67)+HistoSplit(bins=16)          | ✗ 1 fail
           └─ Failures: 00017(pred:horizontal,gt:single)
[6161/6590] HybridDet(gth=8.0,gw=0.9,ah=1.40,av=0.75)+GradSplit(th=8.0)            | ✗ 1 fail
           └─ Failures: 00017(pred:horizontal,gt:single)
[6162/6590] HybridDet(gth=8.0,gw=0.9,ah=1.40,av=0.75)+HistoSplit(bins=16)          | ✗ 1 fail
           └─ Failures: 00017(pred:horizontal,gt:single)
[6163/6590] HybridDet(gth=8.0,gw=0.9,ah=1.50,av=0.60)+GradSplit(th=8.0)            | ✗ 1 fail
           └─ Failures: 00017(pred:horizontal,gt:single)
[6164/6590] HybridDet(gth=8.0,gw=0.9,ah=1.50,av=0.60)+HistoSplit(bins=16)          | ✗ 1 fail
           └─ Failures: 00017(pred:horizontal,gt:single)
[6165/6590] HybridDet(gth=8.0,gw=0.9,ah=1.50,av=0.67)+GradSplit(th=8.0)            | ✗ 1 fail
           └─ Failures: 00017(pred:horizontal,gt:single)
[6166/6590] HybridDet(gth=8.0,gw=0.9,ah=1.50,av=0.67)+HistoSplit(bins=16)          | ✗ 1 fail
           └─ Failures: 00017(pred:horizontal,gt:single)
[6167/6590] HybridDet(gth=8.0,gw=0.9,ah=1.50,av=0.75)+GradSplit(th=8.0)            | ✗ 1 fail
           └─ Failures: 00017(pred:horizontal,gt:single)
[6168/6590] HybridDet(gth=8.0,gw=0.9,ah=1.50,av=0.75)+HistoSplit(bins=16)          | ✗ 1 fail
           └─ Failures: 00017(pred:horizontal,gt:single)
[6169/6590] HybridDet(gth=8.0,gw=0.9,ah=1.60,av=0.60)+GradSplit(th=8.0)            | ✗ 1 fail
           └─ Failures: 00017(pred:horizontal,gt:single)
[6170/6590] HybridDet(gth=8.0,gw=0.9,ah=1.60,av=0.60)+HistoSplit(bins=16)          | ✗ 1 fail
           └─ Failures: 00017(pred:horizontal,gt:single)
[6171/6590] HybridDet(gth=8.0,gw=0.9,ah=1.60,av=0.67)+GradSplit(th=8.0)            | ✗ 1 fail
           └─ Failures: 00017(pred:horizontal,gt:single)
[6172/6590] HybridDet(gth=8.0,gw=0.9,ah=1.60,av=0.67)+HistoSplit(bins=16)          | ✗ 1 fail
           └─ Failures: 00017(pred:horizontal,gt:single)
[6173/6590] HybridDet(gth=8.0,gw=0.9,ah=1.60,av=0.75)+GradSplit(th=8.0)            | ✗ 1 fail
           └─ Failures: 00017(pred:horizontal,gt:single)
[6174/6590] HybridDet(gth=8.0,gw=0.9,ah=1.60,av=0.75)+HistoSplit(bins=16)          | ✗ 1 fail
           └─ Failures: 00017(pred:horizontal,gt:single)
[6175/6590] HybridDet(gth=8.5,gw=0.5,ah=1.40,av=0.60)+GradSplit(th=8.5)            | ✗ 1 fail
           └─ Failures: 00017(pred:horizontal,gt:single)
[6176/6590] HybridDet(gth=8.5,gw=0.5,ah=1.40,av=0.60)+HistoSplit(bins=16)          | ✗ 1 fail
           └─ Failures: 00017(pred:horizontal,gt:single)
[6177/6590] HybridDet(gth=8.5,gw=0.5,ah=1.40,av=0.67)+GradSplit(th=8.5)            | ✗ 1 fail
           └─ Failures: 00017(pred:horizontal,gt:single)
[6178/6590] HybridDet(gth=8.5,gw=0.5,ah=1.40,av=0.67)+HistoSplit(bins=16)          | ✗ 1 fail
           └─ Failures: 00017(pred:horizontal,gt:single)
[6179/6590] HybridDet(gth=8.5,gw=0.5,ah=1.40,av=0.75)+GradSplit(th=8.5)            | ✗ 1 fail
           └─ Failures: 00017(pred:horizontal,gt:single)
[6180/6590] HybridDet(gth=8.5,gw=0.5,ah=1.40,av=0.75)+HistoSplit(bins=16)          | ✗ 1 fail
           └─ Failures: 00017(pred:horizontal,gt:single)
[6181/6590] HybridDet(gth=8.5,gw=0.5,ah=1.50,av=0.60)+GradSplit(th=8.5)            | ✗ 1 fail
           └─ Failures: 00017(pred:horizontal,gt:single)
[6182/6590] HybridDet(gth=8.5,gw=0.5,ah=1.50,av=0.60)+HistoSplit(bins=16)          | ✗ 1 fail
           └─ Failures: 00017(pred:horizontal,gt:single)
[6183/6590] HybridDet(gth=8.5,gw=0.5,ah=1.50,av=0.67)+GradSplit(th=8.5)            | ✗ 1 fail
           └─ Failures: 00017(pred:horizontal,gt:single)
[6184/6590] HybridDet(gth=8.5,gw=0.5,ah=1.50,av=0.67)+HistoSplit(bins=16)          | ✗ 1 fail
           └─ Failures: 00017(pred:horizontal,gt:single)
[6185/6590] HybridDet(gth=8.5,gw=0.5,ah=1.50,av=0.75)+GradSplit(th=8.5)            | ✗ 1 fail
           └─ Failures: 00017(pred:horizontal,gt:single)
[6186/6590] HybridDet(gth=8.5,gw=0.5,ah=1.50,av=0.75)+HistoSplit(bins=16)          | ✗ 1 fail
           └─ Failures: 00017(pred:horizontal,gt:single)
[6187/6590] HybridDet(gth=8.5,gw=0.5,ah=1.60,av=0.60)+GradSplit(th=8.5)            | ✗ 1 fail
           └─ Failures: 00017(pred:horizontal,gt:single)
[6188/6590] HybridDet(gth=8.5,gw=0.5,ah=1.60,av=0.60)+HistoSplit(bins=16)          | ✗ 1 fail
           └─ Failures: 00017(pred:horizontal,gt:single)
[6189/6590] HybridDet(gth=8.5,gw=0.5,ah=1.60,av=0.67)+GradSplit(th=8.5)            | ✗ 1 fail
           └─ Failures: 00017(pred:horizontal,gt:single)
[6190/6590] HybridDet(gth=8.5,gw=0.5,ah=1.60,av=0.67)+HistoSplit(bins=16)          | ✗ 1 fail
           └─ Failures: 00017(pred:horizontal,gt:single)
[6191/6590] HybridDet(gth=8.5,gw=0.5,ah=1.60,av=0.75)+GradSplit(th=8.5)            | ✗ 1 fail
           └─ Failures: 00017(pred:horizontal,gt:single)
[6192/6590] HybridDet(gth=8.5,gw=0.5,ah=1.60,av=0.75)+HistoSplit(bins=16)          | ✗ 1 fail
           └─ Failures: 00017(pred:horizontal,gt:single)
[6193/6590] HybridDet(gth=8.5,gw=0.6,ah=1.40,av=0.60)+GradSplit(th=8.5)            | ✗ 1 fail
           └─ Failures: 00017(pred:horizontal,gt:single)
[6194/6590] HybridDet(gth=8.5,gw=0.6,ah=1.40,av=0.60)+HistoSplit(bins=16)          | ✗ 1 fail
           └─ Failures: 00017(pred:horizontal,gt:single)
[6195/6590] HybridDet(gth=8.5,gw=0.6,ah=1.40,av=0.67)+GradSplit(th=8.5)            | ✗ 1 fail
           └─ Failures: 00017(pred:horizontal,gt:single)
[6196/6590] HybridDet(gth=8.5,gw=0.6,ah=1.40,av=0.67)+HistoSplit(bins=16)          | ✗ 1 fail
           └─ Failures: 00017(pred:horizontal,gt:single)
[6197/6590] HybridDet(gth=8.5,gw=0.6,ah=1.40,av=0.75)+GradSplit(th=8.5)            | ✗ 1 fail
           └─ Failures: 00017(pred:horizontal,gt:single)
[6198/6590] HybridDet(gth=8.5,gw=0.6,ah=1.40,av=0.75)+HistoSplit(bins=16)          | ✗ 1 fail
           └─ Failures: 00017(pred:horizontal,gt:single)
[6199/6590] HybridDet(gth=8.5,gw=0.6,ah=1.50,av=0.60)+GradSplit(th=8.5)            | ✗ 1 fail
           └─ Failures: 00017(pred:horizontal,gt:single)
[6200/6590] HybridDet(gth=8.5,gw=0.6,ah=1.50,av=0.60)+HistoSplit(bins=16)          | ✗ 1 fail
           └─ Failures: 00017(pred:horizontal,gt:single)
[6201/6590] HybridDet(gth=8.5,gw=0.6,ah=1.50,av=0.67)+GradSplit(th=8.5)            | ✗ 1 fail
           └─ Failures: 00017(pred:horizontal,gt:single)
[6202/6590] HybridDet(gth=8.5,gw=0.6,ah=1.50,av=0.67)+HistoSplit(bins=16)          | ✗ 1 fail
           └─ Failures: 00017(pred:horizontal,gt:single)
[6203/6590] HybridDet(gth=8.5,gw=0.6,ah=1.50,av=0.75)+GradSplit(th=8.5)            | ✗ 1 fail
           └─ Failures: 00017(pred:horizontal,gt:single)
[6204/6590] HybridDet(gth=8.5,gw=0.6,ah=1.50,av=0.75)+HistoSplit(bins=16)          | ✗ 1 fail
           └─ Failures: 00017(pred:horizontal,gt:single)
[6205/6590] HybridDet(gth=8.5,gw=0.6,ah=1.60,av=0.60)+GradSplit(th=8.5)            | ✗ 1 fail
           └─ Failures: 00017(pred:horizontal,gt:single)
[6206/6590] HybridDet(gth=8.5,gw=0.6,ah=1.60,av=0.60)+HistoSplit(bins=16)          | ✗ 1 fail
           └─ Failures: 00017(pred:horizontal,gt:single)
[6207/6590] HybridDet(gth=8.5,gw=0.6,ah=1.60,av=0.67)+GradSplit(th=8.5)            | ✗ 1 fail
           └─ Failures: 00017(pred:horizontal,gt:single)
[6208/6590] HybridDet(gth=8.5,gw=0.6,ah=1.60,av=0.67)+HistoSplit(bins=16)          | ✗ 1 fail
           └─ Failures: 00017(pred:horizontal,gt:single)
[6209/6590] HybridDet(gth=8.5,gw=0.6,ah=1.60,av=0.75)+GradSplit(th=8.5)            | ✗ 1 fail
           └─ Failures: 00017(pred:horizontal,gt:single)
[6210/6590] HybridDet(gth=8.5,gw=0.6,ah=1.60,av=0.75)+HistoSplit(bins=16)          | ✗ 1 fail
           └─ Failures: 00017(pred:horizontal,gt:single)
[6211/6590] HybridDet(gth=8.5,gw=0.7,ah=1.40,av=0.60)+GradSplit(th=8.5)            | ✗ 1 fail
           └─ Failures: 00017(pred:horizontal,gt:single)
[6212/6590] HybridDet(gth=8.5,gw=0.7,ah=1.40,av=0.60)+HistoSplit(bins=16)          | ✗ 1 fail
           └─ Failures: 00017(pred:horizontal,gt:single)
[6213/6590] HybridDet(gth=8.5,gw=0.7,ah=1.40,av=0.67)+GradSplit(th=8.5)            | ✗ 1 fail
           └─ Failures: 00017(pred:horizontal,gt:single)
[6214/6590] HybridDet(gth=8.5,gw=0.7,ah=1.40,av=0.67)+HistoSplit(bins=16)          | ✗ 1 fail
           └─ Failures: 00017(pred:horizontal,gt:single)
[6215/6590] HybridDet(gth=8.5,gw=0.7,ah=1.40,av=0.75)+GradSplit(th=8.5)            | ✗ 1 fail
           └─ Failures: 00017(pred:horizontal,gt:single)
[6216/6590] HybridDet(gth=8.5,gw=0.7,ah=1.40,av=0.75)+HistoSplit(bins=16)          | ✗ 1 fail
           └─ Failures: 00017(pred:horizontal,gt:single)
[6217/6590] HybridDet(gth=8.5,gw=0.7,ah=1.50,av=0.60)+GradSplit(th=8.5)            | ✗ 1 fail
           └─ Failures: 00017(pred:horizontal,gt:single)
[6218/6590] HybridDet(gth=8.5,gw=0.7,ah=1.50,av=0.60)+HistoSplit(bins=16)          | ✗ 1 fail
           └─ Failures: 00017(pred:horizontal,gt:single)
[6219/6590] HybridDet(gth=8.5,gw=0.7,ah=1.50,av=0.67)+GradSplit(th=8.5)            | ✗ 1 fail
           └─ Failures: 00017(pred:horizontal,gt:single)
[6220/6590] HybridDet(gth=8.5,gw=0.7,ah=1.50,av=0.67)+HistoSplit(bins=16)          | ✗ 1 fail
           └─ Failures: 00017(pred:horizontal,gt:single)
[6221/6590] HybridDet(gth=8.5,gw=0.7,ah=1.50,av=0.75)+GradSplit(th=8.5)            | ✗ 1 fail
           └─ Failures: 00017(pred:horizontal,gt:single)
[6222/6590] HybridDet(gth=8.5,gw=0.7,ah=1.50,av=0.75)+HistoSplit(bins=16)          | ✗ 1 fail
           └─ Failures: 00017(pred:horizontal,gt:single)
[6223/6590] HybridDet(gth=8.5,gw=0.7,ah=1.60,av=0.60)+GradSplit(th=8.5)            | ✗ 1 fail
           └─ Failures: 00017(pred:horizontal,gt:single)
[6224/6590] HybridDet(gth=8.5,gw=0.7,ah=1.60,av=0.60)+HistoSplit(bins=16)          | ✗ 1 fail
           └─ Failures: 00017(pred:horizontal,gt:single)
[6225/6590] HybridDet(gth=8.5,gw=0.7,ah=1.60,av=0.67)+GradSplit(th=8.5)            | ✗ 1 fail
           └─ Failures: 00017(pred:horizontal,gt:single)
[6226/6590] HybridDet(gth=8.5,gw=0.7,ah=1.60,av=0.67)+HistoSplit(bins=16)          | ✗ 1 fail
           └─ Failures: 00017(pred:horizontal,gt:single)
[6227/6590] HybridDet(gth=8.5,gw=0.7,ah=1.60,av=0.75)+GradSplit(th=8.5)            | ✗ 1 fail
           └─ Failures: 00017(pred:horizontal,gt:single)
[6228/6590] HybridDet(gth=8.5,gw=0.7,ah=1.60,av=0.75)+HistoSplit(bins=16)          | ✗ 1 fail
           └─ Failures: 00017(pred:horizontal,gt:single)
[6229/6590] HybridDet(gth=8.5,gw=0.8,ah=1.40,av=0.60)+GradSplit(th=8.5)            | ✗ 1 fail
           └─ Failures: 00017(pred:horizontal,gt:single)
[6230/6590] HybridDet(gth=8.5,gw=0.8,ah=1.40,av=0.60)+HistoSplit(bins=16)          | ✗ 1 fail
           └─ Failures: 00017(pred:horizontal,gt:single)
[6231/6590] HybridDet(gth=8.5,gw=0.8,ah=1.40,av=0.67)+GradSplit(th=8.5)            | ✗ 1 fail
           └─ Failures: 00017(pred:horizontal,gt:single)
[6232/6590] HybridDet(gth=8.5,gw=0.8,ah=1.40,av=0.67)+HistoSplit(bins=16)          | ✗ 1 fail
           └─ Failures: 00017(pred:horizontal,gt:single)
[6233/6590] HybridDet(gth=8.5,gw=0.8,ah=1.40,av=0.75)+GradSplit(th=8.5)            | ✗ 1 fail
           └─ Failures: 00017(pred:horizontal,gt:single)
[6234/6590] HybridDet(gth=8.5,gw=0.8,ah=1.40,av=0.75)+HistoSplit(bins=16)          | ✗ 1 fail
           └─ Failures: 00017(pred:horizontal,gt:single)
[6235/6590] HybridDet(gth=8.5,gw=0.8,ah=1.50,av=0.60)+GradSplit(th=8.5)            | ✗ 1 fail
           └─ Failures: 00017(pred:horizontal,gt:single)
[6236/6590] HybridDet(gth=8.5,gw=0.8,ah=1.50,av=0.60)+HistoSplit(bins=16)          | ✗ 1 fail
           └─ Failures: 00017(pred:horizontal,gt:single)
[6237/6590] HybridDet(gth=8.5,gw=0.8,ah=1.50,av=0.67)+GradSplit(th=8.5)            | ✗ 1 fail
           └─ Failures: 00017(pred:horizontal,gt:single)
[6238/6590] HybridDet(gth=8.5,gw=0.8,ah=1.50,av=0.67)+HistoSplit(bins=16)          | ✗ 1 fail
           └─ Failures: 00017(pred:horizontal,gt:single)
[6239/6590] HybridDet(gth=8.5,gw=0.8,ah=1.50,av=0.75)+GradSplit(th=8.5)            | ✗ 1 fail
           └─ Failures: 00017(pred:horizontal,gt:single)
[6240/6590] HybridDet(gth=8.5,gw=0.8,ah=1.50,av=0.75)+HistoSplit(bins=16)          | ✗ 1 fail
           └─ Failures: 00017(pred:horizontal,gt:single)
[6241/6590] HybridDet(gth=8.5,gw=0.8,ah=1.60,av=0.60)+GradSplit(th=8.5)            | ✗ 1 fail
           └─ Failures: 00017(pred:horizontal,gt:single)
[6242/6590] HybridDet(gth=8.5,gw=0.8,ah=1.60,av=0.60)+HistoSplit(bins=16)          | ✗ 1 fail
           └─ Failures: 00017(pred:horizontal,gt:single)
[6243/6590] HybridDet(gth=8.5,gw=0.8,ah=1.60,av=0.67)+GradSplit(th=8.5)            | ✗ 1 fail
           └─ Failures: 00017(pred:horizontal,gt:single)
[6244/6590] HybridDet(gth=8.5,gw=0.8,ah=1.60,av=0.67)+HistoSplit(bins=16)          | ✗ 1 fail
           └─ Failures: 00017(pred:horizontal,gt:single)
[6245/6590] HybridDet(gth=8.5,gw=0.8,ah=1.60,av=0.75)+GradSplit(th=8.5)            | ✗ 1 fail
           └─ Failures: 00017(pred:horizontal,gt:single)
[6246/6590] HybridDet(gth=8.5,gw=0.8,ah=1.60,av=0.75)+HistoSplit(bins=16)          | ✗ 1 fail
           └─ Failures: 00017(pred:horizontal,gt:single)
[6247/6590] HybridDet(gth=8.5,gw=0.9,ah=1.40,av=0.60)+GradSplit(th=8.5)            | ✗ 1 fail
           └─ Failures: 00017(pred:horizontal,gt:single)
[6248/6590] HybridDet(gth=8.5,gw=0.9,ah=1.40,av=0.60)+HistoSplit(bins=16)          | ✗ 1 fail
           └─ Failures: 00017(pred:horizontal,gt:single)
[6249/6590] HybridDet(gth=8.5,gw=0.9,ah=1.40,av=0.67)+GradSplit(th=8.5)            | ✗ 1 fail
           └─ Failures: 00017(pred:horizontal,gt:single)
[6250/6590] HybridDet(gth=8.5,gw=0.9,ah=1.40,av=0.67)+HistoSplit(bins=16)          | ✗ 1 fail
           └─ Failures: 00017(pred:horizontal,gt:single)
[6251/6590] HybridDet(gth=8.5,gw=0.9,ah=1.40,av=0.75)+GradSplit(th=8.5)            | ✗ 1 fail
           └─ Failures: 00017(pred:horizontal,gt:single)
[6252/6590] HybridDet(gth=8.5,gw=0.9,ah=1.40,av=0.75)+HistoSplit(bins=16)          | ✗ 1 fail
           └─ Failures: 00017(pred:horizontal,gt:single)
[6253/6590] HybridDet(gth=8.5,gw=0.9,ah=1.50,av=0.60)+GradSplit(th=8.5)            | ✗ 1 fail
           └─ Failures: 00017(pred:horizontal,gt:single)
[6254/6590] HybridDet(gth=8.5,gw=0.9,ah=1.50,av=0.60)+HistoSplit(bins=16)          | ✗ 1 fail
           └─ Failures: 00017(pred:horizontal,gt:single)
[6255/6590] HybridDet(gth=8.5,gw=0.9,ah=1.50,av=0.67)+GradSplit(th=8.5)            | ✗ 1 fail
           └─ Failures: 00017(pred:horizontal,gt:single)
[6256/6590] HybridDet(gth=8.5,gw=0.9,ah=1.50,av=0.67)+HistoSplit(bins=16)          | ✗ 1 fail
           └─ Failures: 00017(pred:horizontal,gt:single)
[6257/6590] HybridDet(gth=8.5,gw=0.9,ah=1.50,av=0.75)+GradSplit(th=8.5)            | ✗ 1 fail
           └─ Failures: 00017(pred:horizontal,gt:single)
[6258/6590] HybridDet(gth=8.5,gw=0.9,ah=1.50,av=0.75)+HistoSplit(bins=16)          | ✗ 1 fail
           └─ Failures: 00017(pred:horizontal,gt:single)
[6259/6590] HybridDet(gth=8.5,gw=0.9,ah=1.60,av=0.60)+GradSplit(th=8.5)            | ✗ 1 fail
           └─ Failures: 00017(pred:horizontal,gt:single)
[6260/6590] HybridDet(gth=8.5,gw=0.9,ah=1.60,av=0.60)+HistoSplit(bins=16)          | ✗ 1 fail
           └─ Failures: 00017(pred:horizontal,gt:single)
[6261/6590] HybridDet(gth=8.5,gw=0.9,ah=1.60,av=0.67)+GradSplit(th=8.5)            | ✗ 1 fail
           └─ Failures: 00017(pred:horizontal,gt:single)
[6262/6590] HybridDet(gth=8.5,gw=0.9,ah=1.60,av=0.67)+HistoSplit(bins=16)          | ✗ 1 fail
           └─ Failures: 00017(pred:horizontal,gt:single)
[6263/6590] HybridDet(gth=8.5,gw=0.9,ah=1.60,av=0.75)+GradSplit(th=8.5)            | ✗ 1 fail
           └─ Failures: 00017(pred:horizontal,gt:single)
[6264/6590] HybridDet(gth=8.5,gw=0.9,ah=1.60,av=0.75)+HistoSplit(bins=16)          | ✗ 1 fail
           └─ Failures: 00017(pred:horizontal,gt:single)
[6265/6590] HybridDet(gth=9.0,gw=0.5,ah=1.40,av=0.60)+GradSplit(th=9.0)            | ✗ 1 fail
           └─ Failures: 00017(pred:horizontal,gt:single)
[6266/6590] HybridDet(gth=9.0,gw=0.5,ah=1.40,av=0.60)+HistoSplit(bins=16)          | ✗ 1 fail
           └─ Failures: 00017(pred:horizontal,gt:single)
[6267/6590] HybridDet(gth=9.0,gw=0.5,ah=1.40,av=0.67)+GradSplit(th=9.0)            | ✗ 1 fail
           └─ Failures: 00017(pred:horizontal,gt:single)
[6268/6590] HybridDet(gth=9.0,gw=0.5,ah=1.40,av=0.67)+HistoSplit(bins=16)          | ✗ 1 fail
           └─ Failures: 00017(pred:horizontal,gt:single)
[6269/6590] HybridDet(gth=9.0,gw=0.5,ah=1.40,av=0.75)+GradSplit(th=9.0)            | ✗ 1 fail
           └─ Failures: 00017(pred:horizontal,gt:single)
[6270/6590] HybridDet(gth=9.0,gw=0.5,ah=1.40,av=0.75)+HistoSplit(bins=16)          | ✗ 1 fail
           └─ Failures: 00017(pred:horizontal,gt:single)
[6271/6590] HybridDet(gth=9.0,gw=0.5,ah=1.50,av=0.60)+GradSplit(th=9.0)            | ✗ 1 fail
           └─ Failures: 00017(pred:horizontal,gt:single)
[6272/6590] HybridDet(gth=9.0,gw=0.5,ah=1.50,av=0.60)+HistoSplit(bins=16)          | ✗ 1 fail
           └─ Failures: 00017(pred:horizontal,gt:single)
[6273/6590] HybridDet(gth=9.0,gw=0.5,ah=1.50,av=0.67)+GradSplit(th=9.0)            | ✗ 1 fail
           └─ Failures: 00017(pred:horizontal,gt:single)
[6274/6590] HybridDet(gth=9.0,gw=0.5,ah=1.50,av=0.67)+HistoSplit(bins=16)          | ✗ 1 fail
           └─ Failures: 00017(pred:horizontal,gt:single)
[6275/6590] HybridDet(gth=9.0,gw=0.5,ah=1.50,av=0.75)+GradSplit(th=9.0)            | ✗ 1 fail
           └─ Failures: 00017(pred:horizontal,gt:single)
[6276/6590] HybridDet(gth=9.0,gw=0.5,ah=1.50,av=0.75)+HistoSplit(bins=16)          | ✗ 1 fail
           └─ Failures: 00017(pred:horizontal,gt:single)
[6277/6590] HybridDet(gth=9.0,gw=0.5,ah=1.60,av=0.60)+GradSplit(th=9.0)            | ✗ 1 fail
           └─ Failures: 00017(pred:horizontal,gt:single)
[6278/6590] HybridDet(gth=9.0,gw=0.5,ah=1.60,av=0.60)+HistoSplit(bins=16)          | ✗ 1 fail
           └─ Failures: 00017(pred:horizontal,gt:single)
[6279/6590] HybridDet(gth=9.0,gw=0.5,ah=1.60,av=0.67)+GradSplit(th=9.0)            | ✗ 1 fail
           └─ Failures: 00017(pred:horizontal,gt:single)
[6280/6590] HybridDet(gth=9.0,gw=0.5,ah=1.60,av=0.67)+HistoSplit(bins=16)          | ✗ 1 fail
           └─ Failures: 00017(pred:horizontal,gt:single)
[6281/6590] HybridDet(gth=9.0,gw=0.5,ah=1.60,av=0.75)+GradSplit(th=9.0)            | ✗ 1 fail
           └─ Failures: 00017(pred:horizontal,gt:single)
[6282/6590] HybridDet(gth=9.0,gw=0.5,ah=1.60,av=0.75)+HistoSplit(bins=16)          | ✗ 1 fail
           └─ Failures: 00017(pred:horizontal,gt:single)
[6283/6590] HybridDet(gth=9.0,gw=0.6,ah=1.40,av=0.60)+GradSplit(th=9.0)            | ✗ 1 fail
           └─ Failures: 00017(pred:horizontal,gt:single)
[6284/6590] HybridDet(gth=9.0,gw=0.6,ah=1.40,av=0.60)+HistoSplit(bins=16)          | ✗ 1 fail
           └─ Failures: 00017(pred:horizontal,gt:single)
[6285/6590] HybridDet(gth=9.0,gw=0.6,ah=1.40,av=0.67)+GradSplit(th=9.0)            | ✗ 1 fail
           └─ Failures: 00017(pred:horizontal,gt:single)
[6286/6590] HybridDet(gth=9.0,gw=0.6,ah=1.40,av=0.67)+HistoSplit(bins=16)          | ✗ 1 fail
           └─ Failures: 00017(pred:horizontal,gt:single)
[6287/6590] HybridDet(gth=9.0,gw=0.6,ah=1.40,av=0.75)+GradSplit(th=9.0)            | ✗ 1 fail
           └─ Failures: 00017(pred:horizontal,gt:single)
[6288/6590] HybridDet(gth=9.0,gw=0.6,ah=1.40,av=0.75)+HistoSplit(bins=16)          | ✗ 1 fail
           └─ Failures: 00017(pred:horizontal,gt:single)
[6289/6590] HybridDet(gth=9.0,gw=0.6,ah=1.50,av=0.60)+GradSplit(th=9.0)            | ✗ 1 fail
           └─ Failures: 00017(pred:horizontal,gt:single)
[6290/6590] HybridDet(gth=9.0,gw=0.6,ah=1.50,av=0.60)+HistoSplit(bins=16)          | ✗ 1 fail
           └─ Failures: 00017(pred:horizontal,gt:single)
[6291/6590] HybridDet(gth=9.0,gw=0.6,ah=1.50,av=0.67)+GradSplit(th=9.0)            | ✗ 1 fail
           └─ Failures: 00017(pred:horizontal,gt:single)
[6292/6590] HybridDet(gth=9.0,gw=0.6,ah=1.50,av=0.67)+HistoSplit(bins=16)          | ✗ 1 fail
           └─ Failures: 00017(pred:horizontal,gt:single)
[6293/6590] HybridDet(gth=9.0,gw=0.6,ah=1.50,av=0.75)+GradSplit(th=9.0)            | ✗ 1 fail
           └─ Failures: 00017(pred:horizontal,gt:single)
[6294/6590] HybridDet(gth=9.0,gw=0.6,ah=1.50,av=0.75)+HistoSplit(bins=16)          | ✗ 1 fail
           └─ Failures: 00017(pred:horizontal,gt:single)
[6295/6590] HybridDet(gth=9.0,gw=0.6,ah=1.60,av=0.60)+GradSplit(th=9.0)            | ✗ 1 fail
           └─ Failures: 00017(pred:horizontal,gt:single)
[6296/6590] HybridDet(gth=9.0,gw=0.6,ah=1.60,av=0.60)+HistoSplit(bins=16)          | ✗ 1 fail
           └─ Failures: 00017(pred:horizontal,gt:single)
[6297/6590] HybridDet(gth=9.0,gw=0.6,ah=1.60,av=0.67)+GradSplit(th=9.0)            | ✗ 1 fail
           └─ Failures: 00017(pred:horizontal,gt:single)
[6298/6590] HybridDet(gth=9.0,gw=0.6,ah=1.60,av=0.67)+HistoSplit(bins=16)          | ✗ 1 fail
           └─ Failures: 00017(pred:horizontal,gt:single)
[6299/6590] HybridDet(gth=9.0,gw=0.6,ah=1.60,av=0.75)+GradSplit(th=9.0)            | ✗ 1 fail
           └─ Failures: 00017(pred:horizontal,gt:single)
[6300/6590] HybridDet(gth=9.0,gw=0.6,ah=1.60,av=0.75)+HistoSplit(bins=16)          | ✗ 1 fail
           └─ Failures: 00017(pred:horizontal,gt:single)
[6301/6590] HybridDet(gth=9.0,gw=0.7,ah=1.40,av=0.60)+GradSplit(th=9.0)            | ✗ 1 fail
           └─ Failures: 00017(pred:horizontal,gt:single)
[6302/6590] HybridDet(gth=9.0,gw=0.7,ah=1.40,av=0.60)+HistoSplit(bins=16)          | ✗ 1 fail
           └─ Failures: 00017(pred:horizontal,gt:single)
[6303/6590] HybridDet(gth=9.0,gw=0.7,ah=1.40,av=0.67)+GradSplit(th=9.0)            | ✗ 1 fail
           └─ Failures: 00017(pred:horizontal,gt:single)
[6304/6590] HybridDet(gth=9.0,gw=0.7,ah=1.40,av=0.67)+HistoSplit(bins=16)          | ✗ 1 fail
           └─ Failures: 00017(pred:horizontal,gt:single)
[6305/6590] HybridDet(gth=9.0,gw=0.7,ah=1.40,av=0.75)+GradSplit(th=9.0)            | ✗ 1 fail
           └─ Failures: 00017(pred:horizontal,gt:single)
[6306/6590] HybridDet(gth=9.0,gw=0.7,ah=1.40,av=0.75)+HistoSplit(bins=16)          | ✗ 1 fail
           └─ Failures: 00017(pred:horizontal,gt:single)
[6307/6590] HybridDet(gth=9.0,gw=0.7,ah=1.50,av=0.60)+GradSplit(th=9.0)            | ✗ 1 fail
           └─ Failures: 00017(pred:horizontal,gt:single)
[6308/6590] HybridDet(gth=9.0,gw=0.7,ah=1.50,av=0.60)+HistoSplit(bins=16)          | ✗ 1 fail
           └─ Failures: 00017(pred:horizontal,gt:single)
[6309/6590] HybridDet(gth=9.0,gw=0.7,ah=1.50,av=0.67)+GradSplit(th=9.0)            | ✗ 1 fail
           └─ Failures: 00017(pred:horizontal,gt:single)
[6310/6590] HybridDet(gth=9.0,gw=0.7,ah=1.50,av=0.67)+HistoSplit(bins=16)          | ✗ 1 fail
           └─ Failures: 00017(pred:horizontal,gt:single)
[6311/6590] HybridDet(gth=9.0,gw=0.7,ah=1.50,av=0.75)+GradSplit(th=9.0)            | ✗ 1 fail
           └─ Failures: 00017(pred:horizontal,gt:single)
[6312/6590] HybridDet(gth=9.0,gw=0.7,ah=1.50,av=0.75)+HistoSplit(bins=16)          | ✗ 1 fail
           └─ Failures: 00017(pred:horizontal,gt:single)
[6313/6590] HybridDet(gth=9.0,gw=0.7,ah=1.60,av=0.60)+GradSplit(th=9.0)            | ✗ 1 fail
           └─ Failures: 00017(pred:horizontal,gt:single)
[6314/6590] HybridDet(gth=9.0,gw=0.7,ah=1.60,av=0.60)+HistoSplit(bins=16)          | ✗ 1 fail
           └─ Failures: 00017(pred:horizontal,gt:single)
[6315/6590] HybridDet(gth=9.0,gw=0.7,ah=1.60,av=0.67)+GradSplit(th=9.0)            | ✗ 1 fail
           └─ Failures: 00017(pred:horizontal,gt:single)
[6316/6590] HybridDet(gth=9.0,gw=0.7,ah=1.60,av=0.67)+HistoSplit(bins=16)          | ✗ 1 fail
           └─ Failures: 00017(pred:horizontal,gt:single)
[6317/6590] HybridDet(gth=9.0,gw=0.7,ah=1.60,av=0.75)+GradSplit(th=9.0)            | ✗ 1 fail
           └─ Failures: 00017(pred:horizontal,gt:single)
[6318/6590] HybridDet(gth=9.0,gw=0.7,ah=1.60,av=0.75)+HistoSplit(bins=16)          | ✗ 1 fail
           └─ Failures: 00017(pred:horizontal,gt:single)
[6319/6590] HybridDet(gth=9.0,gw=0.8,ah=1.40,av=0.60)+GradSplit(th=9.0)            | ✗ 1 fail
           └─ Failures: 00017(pred:horizontal,gt:single)
[6320/6590] HybridDet(gth=9.0,gw=0.8,ah=1.40,av=0.60)+HistoSplit(bins=16)          | ✗ 1 fail
           └─ Failures: 00017(pred:horizontal,gt:single)
[6321/6590] HybridDet(gth=9.0,gw=0.8,ah=1.40,av=0.67)+GradSplit(th=9.0)            | ✗ 1 fail
           └─ Failures: 00017(pred:horizontal,gt:single)
[6322/6590] HybridDet(gth=9.0,gw=0.8,ah=1.40,av=0.67)+HistoSplit(bins=16)          | ✗ 1 fail
           └─ Failures: 00017(pred:horizontal,gt:single)
[6323/6590] HybridDet(gth=9.0,gw=0.8,ah=1.40,av=0.75)+GradSplit(th=9.0)            | ✗ 1 fail
           └─ Failures: 00017(pred:horizontal,gt:single)
[6324/6590] HybridDet(gth=9.0,gw=0.8,ah=1.40,av=0.75)+HistoSplit(bins=16)          | ✗ 1 fail
           └─ Failures: 00017(pred:horizontal,gt:single)
[6325/6590] HybridDet(gth=9.0,gw=0.8,ah=1.50,av=0.60)+GradSplit(th=9.0)            | ✗ 1 fail
           └─ Failures: 00017(pred:horizontal,gt:single)
[6326/6590] HybridDet(gth=9.0,gw=0.8,ah=1.50,av=0.60)+HistoSplit(bins=16)          | ✗ 1 fail
           └─ Failures: 00017(pred:horizontal,gt:single)
[6327/6590] HybridDet(gth=9.0,gw=0.8,ah=1.50,av=0.67)+GradSplit(th=9.0)            | ✗ 1 fail
           └─ Failures: 00017(pred:horizontal,gt:single)
[6328/6590] HybridDet(gth=9.0,gw=0.8,ah=1.50,av=0.67)+HistoSplit(bins=16)          | ✗ 1 fail
           └─ Failures: 00017(pred:horizontal,gt:single)
[6329/6590] HybridDet(gth=9.0,gw=0.8,ah=1.50,av=0.75)+GradSplit(th=9.0)            | ✗ 1 fail
           └─ Failures: 00017(pred:horizontal,gt:single)
[6330/6590] HybridDet(gth=9.0,gw=0.8,ah=1.50,av=0.75)+HistoSplit(bins=16)          | ✗ 1 fail
           └─ Failures: 00017(pred:horizontal,gt:single)
[6331/6590] HybridDet(gth=9.0,gw=0.8,ah=1.60,av=0.60)+GradSplit(th=9.0)            | ✗ 1 fail
           └─ Failures: 00017(pred:horizontal,gt:single)
[6332/6590] HybridDet(gth=9.0,gw=0.8,ah=1.60,av=0.60)+HistoSplit(bins=16)          | ✗ 1 fail
           └─ Failures: 00017(pred:horizontal,gt:single)
[6333/6590] HybridDet(gth=9.0,gw=0.8,ah=1.60,av=0.67)+GradSplit(th=9.0)            | ✗ 1 fail
           └─ Failures: 00017(pred:horizontal,gt:single)
[6334/6590] HybridDet(gth=9.0,gw=0.8,ah=1.60,av=0.67)+HistoSplit(bins=16)          | ✗ 1 fail
           └─ Failures: 00017(pred:horizontal,gt:single)
[6335/6590] HybridDet(gth=9.0,gw=0.8,ah=1.60,av=0.75)+GradSplit(th=9.0)            | ✗ 1 fail
           └─ Failures: 00017(pred:horizontal,gt:single)
[6336/6590] HybridDet(gth=9.0,gw=0.8,ah=1.60,av=0.75)+HistoSplit(bins=16)          | ✗ 1 fail
           └─ Failures: 00017(pred:horizontal,gt:single)
[6337/6590] HybridDet(gth=9.0,gw=0.9,ah=1.40,av=0.60)+GradSplit(th=9.0)            | ✗ 1 fail
           └─ Failures: 00017(pred:horizontal,gt:single)
[6338/6590] HybridDet(gth=9.0,gw=0.9,ah=1.40,av=0.60)+HistoSplit(bins=16)          | ✗ 1 fail
           └─ Failures: 00017(pred:horizontal,gt:single)
[6339/6590] HybridDet(gth=9.0,gw=0.9,ah=1.40,av=0.67)+GradSplit(th=9.0)            | ✗ 1 fail
           └─ Failures: 00017(pred:horizontal,gt:single)
[6340/6590] HybridDet(gth=9.0,gw=0.9,ah=1.40,av=0.67)+HistoSplit(bins=16)          | ✗ 1 fail
           └─ Failures: 00017(pred:horizontal,gt:single)
[6341/6590] HybridDet(gth=9.0,gw=0.9,ah=1.40,av=0.75)+GradSplit(th=9.0)            | ✗ 1 fail
           └─ Failures: 00017(pred:horizontal,gt:single)
[6342/6590] HybridDet(gth=9.0,gw=0.9,ah=1.40,av=0.75)+HistoSplit(bins=16)          | ✗ 1 fail
           └─ Failures: 00017(pred:horizontal,gt:single)
[6343/6590] HybridDet(gth=9.0,gw=0.9,ah=1.50,av=0.60)+GradSplit(th=9.0)            | ✗ 1 fail
           └─ Failures: 00017(pred:horizontal,gt:single)
[6344/6590] HybridDet(gth=9.0,gw=0.9,ah=1.50,av=0.60)+HistoSplit(bins=16)          | ✗ 1 fail
           └─ Failures: 00017(pred:horizontal,gt:single)
[6345/6590] HybridDet(gth=9.0,gw=0.9,ah=1.50,av=0.67)+GradSplit(th=9.0)            | ✗ 1 fail
           └─ Failures: 00017(pred:horizontal,gt:single)
[6346/6590] HybridDet(gth=9.0,gw=0.9,ah=1.50,av=0.67)+HistoSplit(bins=16)          | ✗ 1 fail
           └─ Failures: 00017(pred:horizontal,gt:single)
[6347/6590] HybridDet(gth=9.0,gw=0.9,ah=1.50,av=0.75)+GradSplit(th=9.0)            | ✗ 1 fail
           └─ Failures: 00017(pred:horizontal,gt:single)
[6348/6590] HybridDet(gth=9.0,gw=0.9,ah=1.50,av=0.75)+HistoSplit(bins=16)          | ✗ 1 fail
           └─ Failures: 00017(pred:horizontal,gt:single)
[6349/6590] HybridDet(gth=9.0,gw=0.9,ah=1.60,av=0.60)+GradSplit(th=9.0)            | ✗ 1 fail
           └─ Failures: 00017(pred:horizontal,gt:single)
[6350/6590] HybridDet(gth=9.0,gw=0.9,ah=1.60,av=0.60)+HistoSplit(bins=16)          | ✗ 1 fail
           └─ Failures: 00017(pred:horizontal,gt:single)
[6351/6590] HybridDet(gth=9.0,gw=0.9,ah=1.60,av=0.67)+GradSplit(th=9.0)            | ✗ 1 fail
           └─ Failures: 00017(pred:horizontal,gt:single)
[6352/6590] HybridDet(gth=9.0,gw=0.9,ah=1.60,av=0.67)+HistoSplit(bins=16)          | ✗ 1 fail
           └─ Failures: 00017(pred:horizontal,gt:single)
[6353/6590] HybridDet(gth=9.0,gw=0.9,ah=1.60,av=0.75)+GradSplit(th=9.0)            | ✗ 1 fail
           └─ Failures: 00017(pred:horizontal,gt:single)
[6354/6590] HybridDet(gth=9.0,gw=0.9,ah=1.60,av=0.75)+HistoSplit(bins=16)          | ✗ 1 fail
           └─ Failures: 00017(pred:horizontal,gt:single)
[6355/6590] HybridDet(gth=10.0,gw=0.5,ah=1.40,av=0.60)+GradSplit(th=10.0)          | ✗ 1 fail
           └─ Failures: 00017(pred:horizontal,gt:single)
[6356/6590] HybridDet(gth=10.0,gw=0.5,ah=1.40,av=0.60)+HistoSplit(bins=16)         | ✗ 1 fail
           └─ Failures: 00017(pred:horizontal,gt:single)
[6357/6590] HybridDet(gth=10.0,gw=0.5,ah=1.40,av=0.67)+GradSplit(th=10.0)          | ✗ 1 fail
           └─ Failures: 00017(pred:horizontal,gt:single)
[6358/6590] HybridDet(gth=10.0,gw=0.5,ah=1.40,av=0.67)+HistoSplit(bins=16)         | ✗ 1 fail
           └─ Failures: 00017(pred:horizontal,gt:single)
[6359/6590] HybridDet(gth=10.0,gw=0.5,ah=1.40,av=0.75)+GradSplit(th=10.0)          | ✗ 1 fail
           └─ Failures: 00017(pred:horizontal,gt:single)
[6360/6590] HybridDet(gth=10.0,gw=0.5,ah=1.40,av=0.75)+HistoSplit(bins=16)         | ✗ 1 fail
           └─ Failures: 00017(pred:horizontal,gt:single)
[6361/6590] HybridDet(gth=10.0,gw=0.5,ah=1.50,av=0.60)+GradSplit(th=10.0)          | ✗ 1 fail
           └─ Failures: 00017(pred:horizontal,gt:single)
[6362/6590] HybridDet(gth=10.0,gw=0.5,ah=1.50,av=0.60)+HistoSplit(bins=16)         | ✗ 1 fail
           └─ Failures: 00017(pred:horizontal,gt:single)
[6363/6590] HybridDet(gth=10.0,gw=0.5,ah=1.50,av=0.67)+GradSplit(th=10.0)          | ✗ 1 fail
           └─ Failures: 00017(pred:horizontal,gt:single)
[6364/6590] HybridDet(gth=10.0,gw=0.5,ah=1.50,av=0.67)+HistoSplit(bins=16)         | ✗ 1 fail
           └─ Failures: 00017(pred:horizontal,gt:single)
[6365/6590] HybridDet(gth=10.0,gw=0.5,ah=1.50,av=0.75)+GradSplit(th=10.0)          | ✗ 1 fail
           └─ Failures: 00017(pred:horizontal,gt:single)
[6366/6590] HybridDet(gth=10.0,gw=0.5,ah=1.50,av=0.75)+HistoSplit(bins=16)         | ✗ 1 fail
           └─ Failures: 00017(pred:horizontal,gt:single)
[6367/6590] HybridDet(gth=10.0,gw=0.5,ah=1.60,av=0.60)+GradSplit(th=10.0)          | ✗ 1 fail
           └─ Failures: 00017(pred:horizontal,gt:single)
[6368/6590] HybridDet(gth=10.0,gw=0.5,ah=1.60,av=0.60)+HistoSplit(bins=16)         | ✗ 1 fail
           └─ Failures: 00017(pred:horizontal,gt:single)
[6369/6590] HybridDet(gth=10.0,gw=0.5,ah=1.60,av=0.67)+GradSplit(th=10.0)          | ✗ 1 fail
           └─ Failures: 00017(pred:horizontal,gt:single)
[6370/6590] HybridDet(gth=10.0,gw=0.5,ah=1.60,av=0.67)+HistoSplit(bins=16)         | ✗ 1 fail
           └─ Failures: 00017(pred:horizontal,gt:single)
[6371/6590] HybridDet(gth=10.0,gw=0.5,ah=1.60,av=0.75)+GradSplit(th=10.0)          | ✗ 1 fail
           └─ Failures: 00017(pred:horizontal,gt:single)
[6372/6590] HybridDet(gth=10.0,gw=0.5,ah=1.60,av=0.75)+HistoSplit(bins=16)         | ✗ 1 fail
           └─ Failures: 00017(pred:horizontal,gt:single)
[6373/6590] HybridDet(gth=10.0,gw=0.6,ah=1.40,av=0.60)+GradSplit(th=10.0)          | ✗ 1 fail
           └─ Failures: 00017(pred:horizontal,gt:single)
[6374/6590] HybridDet(gth=10.0,gw=0.6,ah=1.40,av=0.60)+HistoSplit(bins=16)         | ✗ 1 fail
           └─ Failures: 00017(pred:horizontal,gt:single)
[6375/6590] HybridDet(gth=10.0,gw=0.6,ah=1.40,av=0.67)+GradSplit(th=10.0)          | ✗ 1 fail
           └─ Failures: 00017(pred:horizontal,gt:single)
[6376/6590] HybridDet(gth=10.0,gw=0.6,ah=1.40,av=0.67)+HistoSplit(bins=16)         | ✗ 1 fail
           └─ Failures: 00017(pred:horizontal,gt:single)
[6377/6590] HybridDet(gth=10.0,gw=0.6,ah=1.40,av=0.75)+GradSplit(th=10.0)          | ✗ 1 fail
           └─ Failures: 00017(pred:horizontal,gt:single)
[6378/6590] HybridDet(gth=10.0,gw=0.6,ah=1.40,av=0.75)+HistoSplit(bins=16)         | ✗ 1 fail
           └─ Failures: 00017(pred:horizontal,gt:single)
[6379/6590] HybridDet(gth=10.0,gw=0.6,ah=1.50,av=0.60)+GradSplit(th=10.0)          | ✗ 1 fail
           └─ Failures: 00017(pred:horizontal,gt:single)
[6380/6590] HybridDet(gth=10.0,gw=0.6,ah=1.50,av=0.60)+HistoSplit(bins=16)         | ✗ 1 fail
           └─ Failures: 00017(pred:horizontal,gt:single)
[6381/6590] HybridDet(gth=10.0,gw=0.6,ah=1.50,av=0.67)+GradSplit(th=10.0)          | ✗ 1 fail
           └─ Failures: 00017(pred:horizontal,gt:single)
[6382/6590] HybridDet(gth=10.0,gw=0.6,ah=1.50,av=0.67)+HistoSplit(bins=16)         | ✗ 1 fail
           └─ Failures: 00017(pred:horizontal,gt:single)
[6383/6590] HybridDet(gth=10.0,gw=0.6,ah=1.50,av=0.75)+GradSplit(th=10.0)          | ✗ 1 fail
           └─ Failures: 00017(pred:horizontal,gt:single)
[6384/6590] HybridDet(gth=10.0,gw=0.6,ah=1.50,av=0.75)+HistoSplit(bins=16)         | ✗ 1 fail
           └─ Failures: 00017(pred:horizontal,gt:single)
[6385/6590] HybridDet(gth=10.0,gw=0.6,ah=1.60,av=0.60)+GradSplit(th=10.0)          | ✗ 1 fail
           └─ Failures: 00017(pred:horizontal,gt:single)
[6386/6590] HybridDet(gth=10.0,gw=0.6,ah=1.60,av=0.60)+HistoSplit(bins=16)         | ✗ 1 fail
           └─ Failures: 00017(pred:horizontal,gt:single)
[6387/6590] HybridDet(gth=10.0,gw=0.6,ah=1.60,av=0.67)+GradSplit(th=10.0)          | ✗ 1 fail
           └─ Failures: 00017(pred:horizontal,gt:single)
[6388/6590] HybridDet(gth=10.0,gw=0.6,ah=1.60,av=0.67)+HistoSplit(bins=16)         | ✗ 1 fail
           └─ Failures: 00017(pred:horizontal,gt:single)
[6389/6590] HybridDet(gth=10.0,gw=0.6,ah=1.60,av=0.75)+GradSplit(th=10.0)          | ✗ 1 fail
           └─ Failures: 00017(pred:horizontal,gt:single)
[6390/6590] HybridDet(gth=10.0,gw=0.6,ah=1.60,av=0.75)+HistoSplit(bins=16)         | ✗ 1 fail
           └─ Failures: 00017(pred:horizontal,gt:single)
[6391/6590] HybridDet(gth=10.0,gw=0.7,ah=1.40,av=0.60)+GradSplit(th=10.0)          | ✗ 1 fail
           └─ Failures: 00017(pred:horizontal,gt:single)
[6392/6590] HybridDet(gth=10.0,gw=0.7,ah=1.40,av=0.60)+HistoSplit(bins=16)         | ✗ 1 fail
           └─ Failures: 00017(pred:horizontal,gt:single)
[6393/6590] HybridDet(gth=10.0,gw=0.7,ah=1.40,av=0.67)+GradSplit(th=10.0)          | ✗ 1 fail
           └─ Failures: 00017(pred:horizontal,gt:single)
[6394/6590] HybridDet(gth=10.0,gw=0.7,ah=1.40,av=0.67)+HistoSplit(bins=16)         | ✗ 1 fail
           └─ Failures: 00017(pred:horizontal,gt:single)
[6395/6590] HybridDet(gth=10.0,gw=0.7,ah=1.40,av=0.75)+GradSplit(th=10.0)          | ✗ 1 fail
           └─ Failures: 00017(pred:horizontal,gt:single)
[6396/6590] HybridDet(gth=10.0,gw=0.7,ah=1.40,av=0.75)+HistoSplit(bins=16)         | ✗ 1 fail
           └─ Failures: 00017(pred:horizontal,gt:single)
[6397/6590] HybridDet(gth=10.0,gw=0.7,ah=1.50,av=0.60)+GradSplit(th=10.0)          | ✗ 1 fail
           └─ Failures: 00017(pred:horizontal,gt:single)
[6398/6590] HybridDet(gth=10.0,gw=0.7,ah=1.50,av=0.60)+HistoSplit(bins=16)         | ✗ 1 fail
           └─ Failures: 00017(pred:horizontal,gt:single)
[6399/6590] HybridDet(gth=10.0,gw=0.7,ah=1.50,av=0.67)+GradSplit(th=10.0)          | ✗ 1 fail
           └─ Failures: 00017(pred:horizontal,gt:single)
[6400/6590] HybridDet(gth=10.0,gw=0.7,ah=1.50,av=0.67)+HistoSplit(bins=16)         | ✗ 1 fail
           └─ Failures: 00017(pred:horizontal,gt:single)
[6401/6590] HybridDet(gth=10.0,gw=0.7,ah=1.50,av=0.75)+GradSplit(th=10.0)          | ✗ 1 fail
           └─ Failures: 00017(pred:horizontal,gt:single)
[6402/6590] HybridDet(gth=10.0,gw=0.7,ah=1.50,av=0.75)+HistoSplit(bins=16)         | ✗ 1 fail
           └─ Failures: 00017(pred:horizontal,gt:single)
[6403/6590] HybridDet(gth=10.0,gw=0.7,ah=1.60,av=0.60)+GradSplit(th=10.0)          | ✗ 1 fail
           └─ Failures: 00017(pred:horizontal,gt:single)
[6404/6590] HybridDet(gth=10.0,gw=0.7,ah=1.60,av=0.60)+HistoSplit(bins=16)         | ✗ 1 fail
           └─ Failures: 00017(pred:horizontal,gt:single)
[6405/6590] HybridDet(gth=10.0,gw=0.7,ah=1.60,av=0.67)+GradSplit(th=10.0)          | ✗ 1 fail
           └─ Failures: 00017(pred:horizontal,gt:single)
[6406/6590] HybridDet(gth=10.0,gw=0.7,ah=1.60,av=0.67)+HistoSplit(bins=16)         | ✗ 1 fail
           └─ Failures: 00017(pred:horizontal,gt:single)
[6407/6590] HybridDet(gth=10.0,gw=0.7,ah=1.60,av=0.75)+GradSplit(th=10.0)          | ✗ 1 fail
           └─ Failures: 00017(pred:horizontal,gt:single)
[6408/6590] HybridDet(gth=10.0,gw=0.7,ah=1.60,av=0.75)+HistoSplit(bins=16)         | ✗ 1 fail
           └─ Failures: 00017(pred:horizontal,gt:single)
[6409/6590] HybridDet(gth=10.0,gw=0.8,ah=1.40,av=0.60)+GradSplit(th=10.0)          | ✗ 1 fail
           └─ Failures: 00017(pred:horizontal,gt:single)
[6410/6590] HybridDet(gth=10.0,gw=0.8,ah=1.40,av=0.60)+HistoSplit(bins=16)         | ✗ 1 fail
           └─ Failures: 00017(pred:horizontal,gt:single)
[6411/6590] HybridDet(gth=10.0,gw=0.8,ah=1.40,av=0.67)+GradSplit(th=10.0)          | ✗ 1 fail
           └─ Failures: 00017(pred:horizontal,gt:single)
[6412/6590] HybridDet(gth=10.0,gw=0.8,ah=1.40,av=0.67)+HistoSplit(bins=16)         | ✗ 1 fail
           └─ Failures: 00017(pred:horizontal,gt:single)
[6413/6590] HybridDet(gth=10.0,gw=0.8,ah=1.40,av=0.75)+GradSplit(th=10.0)          | ✗ 1 fail
           └─ Failures: 00017(pred:horizontal,gt:single)
[6414/6590] HybridDet(gth=10.0,gw=0.8,ah=1.40,av=0.75)+HistoSplit(bins=16)         | ✗ 1 fail
           └─ Failures: 00017(pred:horizontal,gt:single)
[6415/6590] HybridDet(gth=10.0,gw=0.8,ah=1.50,av=0.60)+GradSplit(th=10.0)          | ✗ 1 fail
           └─ Failures: 00017(pred:horizontal,gt:single)
[6416/6590] HybridDet(gth=10.0,gw=0.8,ah=1.50,av=0.60)+HistoSplit(bins=16)         | ✗ 1 fail
           └─ Failures: 00017(pred:horizontal,gt:single)
[6417/6590] HybridDet(gth=10.0,gw=0.8,ah=1.50,av=0.67)+GradSplit(th=10.0)          | ✗ 1 fail
           └─ Failures: 00017(pred:horizontal,gt:single)
[6418/6590] HybridDet(gth=10.0,gw=0.8,ah=1.50,av=0.67)+HistoSplit(bins=16)         | ✗ 1 fail
           └─ Failures: 00017(pred:horizontal,gt:single)
[6419/6590] HybridDet(gth=10.0,gw=0.8,ah=1.50,av=0.75)+GradSplit(th=10.0)          | ✗ 1 fail
           └─ Failures: 00017(pred:horizontal,gt:single)
[6420/6590] HybridDet(gth=10.0,gw=0.8,ah=1.50,av=0.75)+HistoSplit(bins=16)         | ✗ 1 fail
           └─ Failures: 00017(pred:horizontal,gt:single)
[6421/6590] HybridDet(gth=10.0,gw=0.8,ah=1.60,av=0.60)+GradSplit(th=10.0)          | ✗ 1 fail
           └─ Failures: 00017(pred:horizontal,gt:single)
[6422/6590] HybridDet(gth=10.0,gw=0.8,ah=1.60,av=0.60)+HistoSplit(bins=16)         | ✗ 1 fail
           └─ Failures: 00017(pred:horizontal,gt:single)
[6423/6590] HybridDet(gth=10.0,gw=0.8,ah=1.60,av=0.67)+GradSplit(th=10.0)          | ✗ 1 fail
           └─ Failures: 00017(pred:horizontal,gt:single)
[6424/6590] HybridDet(gth=10.0,gw=0.8,ah=1.60,av=0.67)+HistoSplit(bins=16)         | ✗ 1 fail
           └─ Failures: 00017(pred:horizontal,gt:single)
[6425/6590] HybridDet(gth=10.0,gw=0.8,ah=1.60,av=0.75)+GradSplit(th=10.0)          | ✗ 1 fail
           └─ Failures: 00017(pred:horizontal,gt:single)
[6426/6590] HybridDet(gth=10.0,gw=0.8,ah=1.60,av=0.75)+HistoSplit(bins=16)         | ✗ 1 fail
           └─ Failures: 00017(pred:horizontal,gt:single)
[6427/6590] HybridDet(gth=10.0,gw=0.9,ah=1.40,av=0.60)+GradSplit(th=10.0)          | ✗ 1 fail
           └─ Failures: 00017(pred:horizontal,gt:single)
[6428/6590] HybridDet(gth=10.0,gw=0.9,ah=1.40,av=0.60)+HistoSplit(bins=16)         | ✗ 1 fail
           └─ Failures: 00017(pred:horizontal,gt:single)
[6429/6590] HybridDet(gth=10.0,gw=0.9,ah=1.40,av=0.67)+GradSplit(th=10.0)          | ✗ 1 fail
           └─ Failures: 00017(pred:horizontal,gt:single)
[6430/6590] HybridDet(gth=10.0,gw=0.9,ah=1.40,av=0.67)+HistoSplit(bins=16)         | ✗ 1 fail
           └─ Failures: 00017(pred:horizontal,gt:single)
[6431/6590] HybridDet(gth=10.0,gw=0.9,ah=1.40,av=0.75)+GradSplit(th=10.0)          | ✗ 1 fail
           └─ Failures: 00017(pred:horizontal,gt:single)
[6432/6590] HybridDet(gth=10.0,gw=0.9,ah=1.40,av=0.75)+HistoSplit(bins=16)         | ✗ 1 fail
           └─ Failures: 00017(pred:horizontal,gt:single)
[6433/6590] HybridDet(gth=10.0,gw=0.9,ah=1.50,av=0.60)+GradSplit(th=10.0)          | ✗ 1 fail
           └─ Failures: 00017(pred:horizontal,gt:single)
[6434/6590] HybridDet(gth=10.0,gw=0.9,ah=1.50,av=0.60)+HistoSplit(bins=16)         | ✗ 1 fail
           └─ Failures: 00017(pred:horizontal,gt:single)
[6435/6590] HybridDet(gth=10.0,gw=0.9,ah=1.50,av=0.67)+GradSplit(th=10.0)          | ✗ 1 fail
           └─ Failures: 00017(pred:horizontal,gt:single)
[6436/6590] HybridDet(gth=10.0,gw=0.9,ah=1.50,av=0.67)+HistoSplit(bins=16)         | ✗ 1 fail
           └─ Failures: 00017(pred:horizontal,gt:single)
[6437/6590] HybridDet(gth=10.0,gw=0.9,ah=1.50,av=0.75)+GradSplit(th=10.0)          | ✗ 1 fail
           └─ Failures: 00017(pred:horizontal,gt:single)
[6438/6590] HybridDet(gth=10.0,gw=0.9,ah=1.50,av=0.75)+HistoSplit(bins=16)         | ✗ 1 fail
           └─ Failures: 00017(pred:horizontal,gt:single)
[6439/6590] HybridDet(gth=10.0,gw=0.9,ah=1.60,av=0.60)+GradSplit(th=10.0)          | ✗ 1 fail
           └─ Failures: 00017(pred:horizontal,gt:single)
[6440/6590] HybridDet(gth=10.0,gw=0.9,ah=1.60,av=0.60)+HistoSplit(bins=16)         | ✗ 1 fail
           └─ Failures: 00017(pred:horizontal,gt:single)
[6441/6590] HybridDet(gth=10.0,gw=0.9,ah=1.60,av=0.67)+GradSplit(th=10.0)          | ✗ 1 fail
           └─ Failures: 00017(pred:horizontal,gt:single)
[6442/6590] HybridDet(gth=10.0,gw=0.9,ah=1.60,av=0.67)+HistoSplit(bins=16)         | ✗ 1 fail
           └─ Failures: 00017(pred:horizontal,gt:single)
[6443/6590] HybridDet(gth=10.0,gw=0.9,ah=1.60,av=0.75)+GradSplit(th=10.0)          | ✗ 1 fail
           └─ Failures: 00017(pred:horizontal,gt:single)
[6444/6590] HybridDet(gth=10.0,gw=0.9,ah=1.60,av=0.75)+HistoSplit(bins=16)         | ✗ 1 fail
           └─ Failures: 00017(pred:horizontal,gt:single)
[6445/6590] HybridDet(gth=11.0,gw=0.5,ah=1.40,av=0.60)+GradSplit(th=11.0)          | ✗ 1 fail
           └─ Failures: 00017(pred:horizontal,gt:single)
[6446/6590] HybridDet(gth=11.0,gw=0.5,ah=1.40,av=0.60)+HistoSplit(bins=16)         | ✗ 1 fail
           └─ Failures: 00017(pred:horizontal,gt:single)
[6447/6590] HybridDet(gth=11.0,gw=0.5,ah=1.40,av=0.67)+GradSplit(th=11.0)          | ✗ 1 fail
           └─ Failures: 00017(pred:horizontal,gt:single)
[6448/6590] HybridDet(gth=11.0,gw=0.5,ah=1.40,av=0.67)+HistoSplit(bins=16)         | ✗ 1 fail
           └─ Failures: 00017(pred:horizontal,gt:single)
[6449/6590] HybridDet(gth=11.0,gw=0.5,ah=1.40,av=0.75)+GradSplit(th=11.0)          | ✗ 1 fail
           └─ Failures: 00017(pred:horizontal,gt:single)
[6450/6590] HybridDet(gth=11.0,gw=0.5,ah=1.40,av=0.75)+HistoSplit(bins=16)         | ✗ 1 fail
           └─ Failures: 00017(pred:horizontal,gt:single)
[6451/6590] HybridDet(gth=11.0,gw=0.5,ah=1.50,av=0.60)+GradSplit(th=11.0)          | ✗ 1 fail
           └─ Failures: 00017(pred:horizontal,gt:single)
[6452/6590] HybridDet(gth=11.0,gw=0.5,ah=1.50,av=0.60)+HistoSplit(bins=16)         | ✗ 1 fail
           └─ Failures: 00017(pred:horizontal,gt:single)
[6453/6590] HybridDet(gth=11.0,gw=0.5,ah=1.50,av=0.67)+GradSplit(th=11.0)          | ✗ 1 fail
           └─ Failures: 00017(pred:horizontal,gt:single)
[6454/6590] HybridDet(gth=11.0,gw=0.5,ah=1.50,av=0.67)+HistoSplit(bins=16)         | ✗ 1 fail
           └─ Failures: 00017(pred:horizontal,gt:single)
[6455/6590] HybridDet(gth=11.0,gw=0.5,ah=1.50,av=0.75)+GradSplit(th=11.0)          | ✗ 1 fail
           └─ Failures: 00017(pred:horizontal,gt:single)
[6456/6590] HybridDet(gth=11.0,gw=0.5,ah=1.50,av=0.75)+HistoSplit(bins=16)         | ✗ 1 fail
           └─ Failures: 00017(pred:horizontal,gt:single)
[6457/6590] HybridDet(gth=11.0,gw=0.5,ah=1.60,av=0.60)+GradSplit(th=11.0)          | ✗ 1 fail
           └─ Failures: 00017(pred:horizontal,gt:single)
[6458/6590] HybridDet(gth=11.0,gw=0.5,ah=1.60,av=0.60)+HistoSplit(bins=16)         | ✗ 1 fail
           └─ Failures: 00017(pred:horizontal,gt:single)
[6459/6590] HybridDet(gth=11.0,gw=0.5,ah=1.60,av=0.67)+GradSplit(th=11.0)          | ✗ 1 fail
           └─ Failures: 00017(pred:horizontal,gt:single)
[6460/6590] HybridDet(gth=11.0,gw=0.5,ah=1.60,av=0.67)+HistoSplit(bins=16)         | ✗ 1 fail
           └─ Failures: 00017(pred:horizontal,gt:single)
[6461/6590] HybridDet(gth=11.0,gw=0.5,ah=1.60,av=0.75)+GradSplit(th=11.0)          | ✗ 1 fail
           └─ Failures: 00017(pred:horizontal,gt:single)
[6462/6590] HybridDet(gth=11.0,gw=0.5,ah=1.60,av=0.75)+HistoSplit(bins=16)         | ✗ 1 fail
           └─ Failures: 00017(pred:horizontal,gt:single)
[6463/6590] HybridDet(gth=11.0,gw=0.6,ah=1.40,av=0.60)+GradSplit(th=11.0)          | ✗ 1 fail
           └─ Failures: 00017(pred:horizontal,gt:single)
[6464/6590] HybridDet(gth=11.0,gw=0.6,ah=1.40,av=0.60)+HistoSplit(bins=16)         | ✗ 1 fail
           └─ Failures: 00017(pred:horizontal,gt:single)
[6465/6590] HybridDet(gth=11.0,gw=0.6,ah=1.40,av=0.67)+GradSplit(th=11.0)          | ✗ 1 fail
           └─ Failures: 00017(pred:horizontal,gt:single)
[6466/6590] HybridDet(gth=11.0,gw=0.6,ah=1.40,av=0.67)+HistoSplit(bins=16)         | ✗ 1 fail
           └─ Failures: 00017(pred:horizontal,gt:single)
[6467/6590] HybridDet(gth=11.0,gw=0.6,ah=1.40,av=0.75)+GradSplit(th=11.0)          | ✗ 1 fail
           └─ Failures: 00017(pred:horizontal,gt:single)
[6468/6590] HybridDet(gth=11.0,gw=0.6,ah=1.40,av=0.75)+HistoSplit(bins=16)         | ✗ 1 fail
           └─ Failures: 00017(pred:horizontal,gt:single)
[6469/6590] HybridDet(gth=11.0,gw=0.6,ah=1.50,av=0.60)+GradSplit(th=11.0)          | ✗ 1 fail
           └─ Failures: 00017(pred:horizontal,gt:single)
[6470/6590] HybridDet(gth=11.0,gw=0.6,ah=1.50,av=0.60)+HistoSplit(bins=16)         | ✗ 1 fail
           └─ Failures: 00017(pred:horizontal,gt:single)
[6471/6590] HybridDet(gth=11.0,gw=0.6,ah=1.50,av=0.67)+GradSplit(th=11.0)          | ✗ 1 fail
           └─ Failures: 00017(pred:horizontal,gt:single)
[6472/6590] HybridDet(gth=11.0,gw=0.6,ah=1.50,av=0.67)+HistoSplit(bins=16)         | ✗ 1 fail
           └─ Failures: 00017(pred:horizontal,gt:single)
[6473/6590] HybridDet(gth=11.0,gw=0.6,ah=1.50,av=0.75)+GradSplit(th=11.0)          | ✗ 1 fail
           └─ Failures: 00017(pred:horizontal,gt:single)
[6474/6590] HybridDet(gth=11.0,gw=0.6,ah=1.50,av=0.75)+HistoSplit(bins=16)         | ✗ 1 fail
           └─ Failures: 00017(pred:horizontal,gt:single)
[6475/6590] HybridDet(gth=11.0,gw=0.6,ah=1.60,av=0.60)+GradSplit(th=11.0)          | ✗ 1 fail
           └─ Failures: 00017(pred:horizontal,gt:single)
[6476/6590] HybridDet(gth=11.0,gw=0.6,ah=1.60,av=0.60)+HistoSplit(bins=16)         | ✗ 1 fail
           └─ Failures: 00017(pred:horizontal,gt:single)
[6477/6590] HybridDet(gth=11.0,gw=0.6,ah=1.60,av=0.67)+GradSplit(th=11.0)          | ✗ 1 fail
           └─ Failures: 00017(pred:horizontal,gt:single)
[6478/6590] HybridDet(gth=11.0,gw=0.6,ah=1.60,av=0.67)+HistoSplit(bins=16)         | ✗ 1 fail
           └─ Failures: 00017(pred:horizontal,gt:single)
[6479/6590] HybridDet(gth=11.0,gw=0.6,ah=1.60,av=0.75)+GradSplit(th=11.0)          | ✗ 1 fail
           └─ Failures: 00017(pred:horizontal,gt:single)
[6480/6590] HybridDet(gth=11.0,gw=0.6,ah=1.60,av=0.75)+HistoSplit(bins=16)         | ✗ 1 fail
           └─ Failures: 00017(pred:horizontal,gt:single)
[6481/6590] HybridDet(gth=11.0,gw=0.7,ah=1.40,av=0.60)+GradSplit(th=11.0)          | ✗ 1 fail
           └─ Failures: 00017(pred:horizontal,gt:single)
[6482/6590] HybridDet(gth=11.0,gw=0.7,ah=1.40,av=0.60)+HistoSplit(bins=16)         | ✗ 1 fail
           └─ Failures: 00017(pred:horizontal,gt:single)
[6483/6590] HybridDet(gth=11.0,gw=0.7,ah=1.40,av=0.67)+GradSplit(th=11.0)          | ✗ 1 fail
           └─ Failures: 00017(pred:horizontal,gt:single)
[6484/6590] HybridDet(gth=11.0,gw=0.7,ah=1.40,av=0.67)+HistoSplit(bins=16)         | ✗ 1 fail
           └─ Failures: 00017(pred:horizontal,gt:single)
[6485/6590] HybridDet(gth=11.0,gw=0.7,ah=1.40,av=0.75)+GradSplit(th=11.0)          | ✗ 1 fail
           └─ Failures: 00017(pred:horizontal,gt:single)
[6486/6590] HybridDet(gth=11.0,gw=0.7,ah=1.40,av=0.75)+HistoSplit(bins=16)         | ✗ 1 fail
           └─ Failures: 00017(pred:horizontal,gt:single)
[6487/6590] HybridDet(gth=11.0,gw=0.7,ah=1.50,av=0.60)+GradSplit(th=11.0)          | ✗ 1 fail
           └─ Failures: 00017(pred:horizontal,gt:single)
[6488/6590] HybridDet(gth=11.0,gw=0.7,ah=1.50,av=0.60)+HistoSplit(bins=16)         | ✗ 1 fail
           └─ Failures: 00017(pred:horizontal,gt:single)
[6489/6590] HybridDet(gth=11.0,gw=0.7,ah=1.50,av=0.67)+GradSplit(th=11.0)          | ✗ 1 fail
           └─ Failures: 00017(pred:horizontal,gt:single)
[6490/6590] HybridDet(gth=11.0,gw=0.7,ah=1.50,av=0.67)+HistoSplit(bins=16)         | ✗ 1 fail
           └─ Failures: 00017(pred:horizontal,gt:single)
[6491/6590] HybridDet(gth=11.0,gw=0.7,ah=1.50,av=0.75)+GradSplit(th=11.0)          | ✗ 1 fail
           └─ Failures: 00017(pred:horizontal,gt:single)
[6492/6590] HybridDet(gth=11.0,gw=0.7,ah=1.50,av=0.75)+HistoSplit(bins=16)         | ✗ 1 fail
           └─ Failures: 00017(pred:horizontal,gt:single)
[6493/6590] HybridDet(gth=11.0,gw=0.7,ah=1.60,av=0.60)+GradSplit(th=11.0)          | ✗ 1 fail
           └─ Failures: 00017(pred:horizontal,gt:single)
[6494/6590] HybridDet(gth=11.0,gw=0.7,ah=1.60,av=0.60)+HistoSplit(bins=16)         | ✗ 1 fail
           └─ Failures: 00017(pred:horizontal,gt:single)
[6495/6590] HybridDet(gth=11.0,gw=0.7,ah=1.60,av=0.67)+GradSplit(th=11.0)          | ✗ 1 fail
           └─ Failures: 00017(pred:horizontal,gt:single)
[6496/6590] HybridDet(gth=11.0,gw=0.7,ah=1.60,av=0.67)+HistoSplit(bins=16)         | ✗ 1 fail
           └─ Failures: 00017(pred:horizontal,gt:single)
[6497/6590] HybridDet(gth=11.0,gw=0.7,ah=1.60,av=0.75)+GradSplit(th=11.0)          | ✗ 1 fail
           └─ Failures: 00017(pred:horizontal,gt:single)
[6498/6590] HybridDet(gth=11.0,gw=0.7,ah=1.60,av=0.75)+HistoSplit(bins=16)         | ✗ 1 fail
           └─ Failures: 00017(pred:horizontal,gt:single)
[6499/6590] HybridDet(gth=11.0,gw=0.8,ah=1.40,av=0.60)+GradSplit(th=11.0)          | ✗ 1 fail
           └─ Failures: 00017(pred:horizontal,gt:single)
[6500/6590] HybridDet(gth=11.0,gw=0.8,ah=1.40,av=0.60)+HistoSplit(bins=16)         | ✗ 1 fail
           └─ Failures: 00017(pred:horizontal,gt:single)
[6501/6590] HybridDet(gth=11.0,gw=0.8,ah=1.40,av=0.67)+GradSplit(th=11.0)          | ✗ 1 fail
           └─ Failures: 00017(pred:horizontal,gt:single)
[6502/6590] HybridDet(gth=11.0,gw=0.8,ah=1.40,av=0.67)+HistoSplit(bins=16)         | ✗ 1 fail
           └─ Failures: 00017(pred:horizontal,gt:single)
[6503/6590] HybridDet(gth=11.0,gw=0.8,ah=1.40,av=0.75)+GradSplit(th=11.0)          | ✗ 1 fail
           └─ Failures: 00017(pred:horizontal,gt:single)
[6504/6590] HybridDet(gth=11.0,gw=0.8,ah=1.40,av=0.75)+HistoSplit(bins=16)         | ✗ 1 fail
           └─ Failures: 00017(pred:horizontal,gt:single)
[6505/6590] HybridDet(gth=11.0,gw=0.8,ah=1.50,av=0.60)+GradSplit(th=11.0)          | ✗ 1 fail
           └─ Failures: 00017(pred:horizontal,gt:single)
[6506/6590] HybridDet(gth=11.0,gw=0.8,ah=1.50,av=0.60)+HistoSplit(bins=16)         | ✗ 1 fail
           └─ Failures: 00017(pred:horizontal,gt:single)
[6507/6590] HybridDet(gth=11.0,gw=0.8,ah=1.50,av=0.67)+GradSplit(th=11.0)          | ✗ 1 fail
           └─ Failures: 00017(pred:horizontal,gt:single)
[6508/6590] HybridDet(gth=11.0,gw=0.8,ah=1.50,av=0.67)+HistoSplit(bins=16)         | ✗ 1 fail
           └─ Failures: 00017(pred:horizontal,gt:single)
[6509/6590] HybridDet(gth=11.0,gw=0.8,ah=1.50,av=0.75)+GradSplit(th=11.0)          | ✗ 1 fail
           └─ Failures: 00017(pred:horizontal,gt:single)
[6510/6590] HybridDet(gth=11.0,gw=0.8,ah=1.50,av=0.75)+HistoSplit(bins=16)         | ✗ 1 fail
           └─ Failures: 00017(pred:horizontal,gt:single)
[6511/6590] HybridDet(gth=11.0,gw=0.8,ah=1.60,av=0.60)+GradSplit(th=11.0)          | ✗ 1 fail
           └─ Failures: 00017(pred:horizontal,gt:single)
[6512/6590] HybridDet(gth=11.0,gw=0.8,ah=1.60,av=0.60)+HistoSplit(bins=16)         | ✗ 1 fail
           └─ Failures: 00017(pred:horizontal,gt:single)
[6513/6590] HybridDet(gth=11.0,gw=0.8,ah=1.60,av=0.67)+GradSplit(th=11.0)          | ✗ 1 fail
           └─ Failures: 00017(pred:horizontal,gt:single)
[6514/6590] HybridDet(gth=11.0,gw=0.8,ah=1.60,av=0.67)+HistoSplit(bins=16)         | ✗ 1 fail
           └─ Failures: 00017(pred:horizontal,gt:single)
[6515/6590] HybridDet(gth=11.0,gw=0.8,ah=1.60,av=0.75)+GradSplit(th=11.0)          | ✗ 1 fail
           └─ Failures: 00017(pred:horizontal,gt:single)
[6516/6590] HybridDet(gth=11.0,gw=0.8,ah=1.60,av=0.75)+HistoSplit(bins=16)         | ✗ 1 fail
           └─ Failures: 00017(pred:horizontal,gt:single)
[6517/6590] HybridDet(gth=11.0,gw=0.9,ah=1.40,av=0.60)+GradSplit(th=11.0)          | ✗ 1 fail
           └─ Failures: 00017(pred:horizontal,gt:single)
[6518/6590] HybridDet(gth=11.0,gw=0.9,ah=1.40,av=0.60)+HistoSplit(bins=16)         | ✗ 1 fail
           └─ Failures: 00017(pred:horizontal,gt:single)
[6519/6590] HybridDet(gth=11.0,gw=0.9,ah=1.40,av=0.67)+GradSplit(th=11.0)          | ✗ 1 fail
           └─ Failures: 00017(pred:horizontal,gt:single)
[6520/6590] HybridDet(gth=11.0,gw=0.9,ah=1.40,av=0.67)+HistoSplit(bins=16)         | ✗ 1 fail
           └─ Failures: 00017(pred:horizontal,gt:single)
[6521/6590] HybridDet(gth=11.0,gw=0.9,ah=1.40,av=0.75)+GradSplit(th=11.0)          | ✗ 1 fail
           └─ Failures: 00017(pred:horizontal,gt:single)
[6522/6590] HybridDet(gth=11.0,gw=0.9,ah=1.40,av=0.75)+HistoSplit(bins=16)         | ✗ 1 fail
           └─ Failures: 00017(pred:horizontal,gt:single)
[6523/6590] HybridDet(gth=11.0,gw=0.9,ah=1.50,av=0.60)+GradSplit(th=11.0)          | ✗ 1 fail
           └─ Failures: 00017(pred:horizontal,gt:single)
[6524/6590] HybridDet(gth=11.0,gw=0.9,ah=1.50,av=0.60)+HistoSplit(bins=16)         | ✗ 1 fail
           └─ Failures: 00017(pred:horizontal,gt:single)
[6525/6590] HybridDet(gth=11.0,gw=0.9,ah=1.50,av=0.67)+GradSplit(th=11.0)          | ✗ 1 fail
           └─ Failures: 00017(pred:horizontal,gt:single)
[6526/6590] HybridDet(gth=11.0,gw=0.9,ah=1.50,av=0.67)+HistoSplit(bins=16)         | ✗ 1 fail
           └─ Failures: 00017(pred:horizontal,gt:single)
[6527/6590] HybridDet(gth=11.0,gw=0.9,ah=1.50,av=0.75)+GradSplit(th=11.0)          | ✗ 1 fail
           └─ Failures: 00017(pred:horizontal,gt:single)
[6528/6590] HybridDet(gth=11.0,gw=0.9,ah=1.50,av=0.75)+HistoSplit(bins=16)         | ✗ 1 fail
           └─ Failures: 00017(pred:horizontal,gt:single)
[6529/6590] HybridDet(gth=11.0,gw=0.9,ah=1.60,av=0.60)+GradSplit(th=11.0)          | ✗ 1 fail
           └─ Failures: 00017(pred:horizontal,gt:single)
[6530/6590] HybridDet(gth=11.0,gw=0.9,ah=1.60,av=0.60)+HistoSplit(bins=16)         | ✗ 1 fail
           └─ Failures: 00017(pred:horizontal,gt:single)
[6531/6590] HybridDet(gth=11.0,gw=0.9,ah=1.60,av=0.67)+GradSplit(th=11.0)          | ✗ 1 fail
           └─ Failures: 00017(pred:horizontal,gt:single)
[6532/6590] HybridDet(gth=11.0,gw=0.9,ah=1.60,av=0.67)+HistoSplit(bins=16)         | ✗ 1 fail
           └─ Failures: 00017(pred:horizontal,gt:single)
[6533/6590] HybridDet(gth=11.0,gw=0.9,ah=1.60,av=0.75)+GradSplit(th=11.0)          | ✗ 1 fail
           └─ Failures: 00017(pred:horizontal,gt:single)
[6534/6590] HybridDet(gth=11.0,gw=0.9,ah=1.60,av=0.75)+HistoSplit(bins=16)         | ✗ 1 fail
           └─ Failures: 00017(pred:horizontal,gt:single)
[6535/6590] GradDet(th=6.0)+HistoSplit(bins=8)                                     | ✗ 2 fail
           └─ Failures: 00017(pred:horizontal,gt:single), 00024(pred:single,gt:horizontal)
[6536/6590] GradDet(th=6.0)+HistoSplit(bins=12)                                    | ✗ 2 fail
           └─ Failures: 00017(pred:horizontal,gt:single), 00024(pred:single,gt:horizontal)
[6537/6590] GradDet(th=6.0)+HistoSplit(bins=16)                                    | ✗ 2 fail
           └─ Failures: 00017(pred:horizontal,gt:single), 00024(pred:single,gt:horizontal)
[6538/6590] GradDet(th=6.0)+HistoSplit(bins=20)                                    | ✗ 2 fail
           └─ Failures: 00017(pred:horizontal,gt:single), 00024(pred:single,gt:horizontal)
[6539/6590] GradDet(th=6.0)+EdgeSplit(low=30,high=100)                             | ✗ 2 fail
           └─ Failures: 00017(pred:horizontal,gt:single), 00024(pred:single,gt:horizontal)
[6540/6590] GradDet(th=6.0)+EdgeSplit(low=40,high=120)                             | ✗ 2 fail
           └─ Failures: 00017(pred:horizontal,gt:single), 00024(pred:single,gt:horizontal)
[6541/6590] GradDet(th=6.0)+EdgeSplit(low=50,high=150)                             | ✗ 2 fail
           └─ Failures: 00017(pred:horizontal,gt:single), 00024(pred:single,gt:horizontal)
[6542/6590] GradDet(th=6.0)+EdgeSplit(low=60,high=180)                             | ✗ 2 fail
           └─ Failures: 00017(pred:horizontal,gt:single), 00024(pred:single,gt:horizontal)
[6543/6590] GradDet(th=7.0)+HistoSplit(bins=8)                                     | ✗ 1 fail
           └─ Failures: 00017(pred:horizontal,gt:single)
[6544/6590] GradDet(th=7.0)+HistoSplit(bins=12)                                    | ✗ 1 fail
           └─ Failures: 00017(pred:horizontal,gt:single)
[6545/6590] GradDet(th=7.0)+HistoSplit(bins=16)                                    | ✗ 1 fail
           └─ Failures: 00017(pred:horizontal,gt:single)
[6546/6590] GradDet(th=7.0)+HistoSplit(bins=20)                                    | ✗ 1 fail
           └─ Failures: 00017(pred:horizontal,gt:single)
[6547/6590] GradDet(th=7.0)+EdgeSplit(low=30,high=100)                             | ✗ 1 fail
           └─ Failures: 00017(pred:horizontal,gt:single)
[6548/6590] GradDet(th=7.0)+EdgeSplit(low=40,high=120)                             | ✗ 1 fail
           └─ Failures: 00017(pred:horizontal,gt:single)
[6549/6590] GradDet(th=7.0)+EdgeSplit(low=50,high=150)                             | ✗ 1 fail
           └─ Failures: 00017(pred:horizontal,gt:single)
[6550/6590] GradDet(th=7.0)+EdgeSplit(low=60,high=180)                             | ✗ 1 fail
           └─ Failures: 00017(pred:horizontal,gt:single)
[6551/6590] GradDet(th=8.0)+HistoSplit(bins=8)                                     | ✗ 1 fail
           └─ Failures: 00017(pred:horizontal,gt:single)
[6552/6590] GradDet(th=8.0)+HistoSplit(bins=12)                                    | ✗ 1 fail
           └─ Failures: 00017(pred:horizontal,gt:single)
[6553/6590] GradDet(th=8.0)+HistoSplit(bins=16)                                    | ✗ 1 fail
           └─ Failures: 00017(pred:horizontal,gt:single)
[6554/6590] GradDet(th=8.0)+HistoSplit(bins=20)                                    | ✗ 1 fail
           └─ Failures: 00017(pred:horizontal,gt:single)
[6555/6590] GradDet(th=8.0)+EdgeSplit(low=30,high=100)                             | ✗ 1 fail
           └─ Failures: 00017(pred:horizontal,gt:single)
[6556/6590] GradDet(th=8.0)+EdgeSplit(low=40,high=120)                             | ✗ 1 fail
           └─ Failures: 00017(pred:horizontal,gt:single)
[6557/6590] GradDet(th=8.0)+EdgeSplit(low=50,high=150)                             | ✗ 1 fail
           └─ Failures: 00017(pred:horizontal,gt:single)
[6558/6590] GradDet(th=8.0)+EdgeSplit(low=60,high=180)                             | ✗ 1 fail
           └─ Failures: 00017(pred:horizontal,gt:single)
[6559/6590] GradDet(th=8.5)+HistoSplit(bins=8)                                     | ✗ 1 fail
           └─ Failures: 00017(pred:horizontal,gt:single)
[6560/6590] GradDet(th=8.5)+HistoSplit(bins=12)                                    | ✗ 1 fail
           └─ Failures: 00017(pred:horizontal,gt:single)
[6561/6590] GradDet(th=8.5)+HistoSplit(bins=16)                                    | ✗ 1 fail
           └─ Failures: 00017(pred:horizontal,gt:single)
[6562/6590] GradDet(th=8.5)+HistoSplit(bins=20)                                    | ✗ 1 fail
           └─ Failures: 00017(pred:horizontal,gt:single)
[6563/6590] GradDet(th=8.5)+EdgeSplit(low=30,high=100)                             | ✗ 1 fail
           └─ Failures: 00017(pred:horizontal,gt:single)
[6564/6590] GradDet(th=8.5)+EdgeSplit(low=40,high=120)                             | ✗ 1 fail
           └─ Failures: 00017(pred:horizontal,gt:single)
[6565/6590] GradDet(th=8.5)+EdgeSplit(low=50,high=150)                             | ✗ 1 fail
           └─ Failures: 00017(pred:horizontal,gt:single)
[6566/6590] GradDet(th=8.5)+EdgeSplit(low=60,high=180)                             | ✗ 1 fail
           └─ Failures: 00017(pred:horizontal,gt:single)
[6567/6590] GradDet(th=9.0)+HistoSplit(bins=8)                                     | ✗ 1 fail
           └─ Failures: 00017(pred:horizontal,gt:single)
[6568/6590] GradDet(th=9.0)+HistoSplit(bins=12)                                    | ✗ 1 fail
           └─ Failures: 00017(pred:horizontal,gt:single)
[6569/6590] GradDet(th=9.0)+HistoSplit(bins=16)                                    | ✗ 1 fail
           └─ Failures: 00017(pred:horizontal,gt:single)
[6570/6590] GradDet(th=9.0)+HistoSplit(bins=20)                                    | ✗ 1 fail
           └─ Failures: 00017(pred:horizontal,gt:single)
[6571/6590] GradDet(th=9.0)+EdgeSplit(low=30,high=100)                             | ✗ 1 fail
           └─ Failures: 00017(pred:horizontal,gt:single)
[6572/6590] GradDet(th=9.0)+EdgeSplit(low=40,high=120)                             | ✗ 1 fail
           └─ Failures: 00017(pred:horizontal,gt:single)
[6573/6590] GradDet(th=9.0)+EdgeSplit(low=50,high=150)                             | ✗ 1 fail
           └─ Failures: 00017(pred:horizontal,gt:single)
[6574/6590] GradDet(th=9.0)+EdgeSplit(low=60,high=180)                             | ✗ 1 fail
           └─ Failures: 00017(pred:horizontal,gt:single)
[6575/6590] GradDet(th=10.0)+HistoSplit(bins=8)                                    | ✗ 1 fail
           └─ Failures: 00017(pred:horizontal,gt:single)
[6576/6590] GradDet(th=10.0)+HistoSplit(bins=12)                                   | ✗ 1 fail
           └─ Failures: 00017(pred:horizontal,gt:single)
[6577/6590] GradDet(th=10.0)+HistoSplit(bins=16)                                   | ✗ 1 fail
           └─ Failures: 00017(pred:horizontal,gt:single)
[6578/6590] GradDet(th=10.0)+HistoSplit(bins=20)                                   | ✗ 1 fail
           └─ Failures: 00017(pred:horizontal,gt:single)
[6579/6590] GradDet(th=10.0)+EdgeSplit(low=30,high=100)                            | ✗ 1 fail
           └─ Failures: 00017(pred:horizontal,gt:single)
[6580/6590] GradDet(th=10.0)+EdgeSplit(low=40,high=120)                            | ✗ 1 fail
           └─ Failures: 00017(pred:horizontal,gt:single)
[6581/6590] GradDet(th=10.0)+EdgeSplit(low=50,high=150)                            | ✗ 1 fail
           └─ Failures: 00017(pred:horizontal,gt:single)
[6582/6590] GradDet(th=10.0)+EdgeSplit(low=60,high=180)                            | ✗ 1 fail
           └─ Failures: 00017(pred:horizontal,gt:single)
[6583/6590] GradDet(th=11.0)+HistoSplit(bins=8)                                    | ✗ 1 fail
           └─ Failures: 00017(pred:horizontal,gt:single)
[6584/6590] GradDet(th=11.0)+HistoSplit(bins=12)                                   | ✗ 1 fail
           └─ Failures: 00017(pred:horizontal,gt:single)
[6585/6590] GradDet(th=11.0)+HistoSplit(bins=16)                                   | ✗ 1 fail
           └─ Failures: 00017(pred:horizontal,gt:single)
[6586/6590] GradDet(th=11.0)+HistoSplit(bins=20)                                   | ✗ 1 fail
           └─ Failures: 00017(pred:horizontal,gt:single)
[6587/6590] GradDet(th=11.0)+EdgeSplit(low=30,high=100)                            | ✗ 1 fail
           └─ Failures: 00017(pred:horizontal,gt:single)
[6588/6590] GradDet(th=11.0)+EdgeSplit(low=40,high=120)                            | ✗ 1 fail
           └─ Failures: 00017(pred:horizontal,gt:single)
[6589/6590] GradDet(th=11.0)+EdgeSplit(low=50,high=150)                            | ✗ 1 fail
           └─ Failures: 00017(pred:horizontal,gt:single)
[6590/6590] GradDet(th=11.0)+EdgeSplit(low=60,high=180)                            | ✗ 1 fail
           └─ Failures: 00017(pred:horizontal,gt:single)

====================================================================================================
SUMMARY
====================================================================================================

✓ PERFECT CONFIGURATIONS (100% accuracy): 2430
----------------------------------------------------------------------------------------------------
  1. GradDet(th=7.0,vf=0.03)+GradSplit(th=6.0,vf=0.03)                      | 30/30
  2. GradDet(th=7.0,vf=0.03)+GradSplit(th=6.0,vf=0.04)                      | 30/30
  3. GradDet(th=7.0,vf=0.03)+GradSplit(th=6.0,vf=0.05)                      | 30/30
  4. GradDet(th=7.0,vf=0.03)+GradSplit(th=6.0,vf=0.06)                      | 30/30
  5. GradDet(th=7.0,vf=0.03)+GradSplit(th=6.0,vf=0.07)                      | 30/30
  6. GradDet(th=7.0,vf=0.03)+GradSplit(th=6.0,vf=0.08)                      | 30/30
  7. GradDet(th=7.0,vf=0.03)+GradSplit(th=7.0,vf=0.03)                      | 30/30
  8. GradDet(th=7.0,vf=0.03)+GradSplit(th=7.0,vf=0.04)                      | 30/30
  9. GradDet(th=7.0,vf=0.03)+GradSplit(th=7.0,vf=0.05)                      | 30/30
 10. GradDet(th=7.0,vf=0.03)+GradSplit(th=7.0,vf=0.06)                      | 30/30
 11. GradDet(th=7.0,vf=0.03)+GradSplit(th=7.0,vf=0.07)                      | 30/30
 12. GradDet(th=7.0,vf=0.03)+GradSplit(th=7.0,vf=0.08)                      | 30/30
 13. GradDet(th=7.0,vf=0.03)+GradSplit(th=8.0,vf=0.03)                      | 30/30
 14. GradDet(th=7.0,vf=0.03)+GradSplit(th=8.0,vf=0.04)                      | 30/30
 15. GradDet(th=7.0,vf=0.03)+GradSplit(th=8.0,vf=0.05)                      | 30/30
 16. GradDet(th=7.0,vf=0.03)+GradSplit(th=8.0,vf=0.06)                      | 30/30
 17. GradDet(th=7.0,vf=0.03)+GradSplit(th=8.0,vf=0.07)                      | 30/30
 18. GradDet(th=7.0,vf=0.03)+GradSplit(th=8.0,vf=0.08)                      | 30/30
 19. GradDet(th=7.0,vf=0.03)+GradSplit(th=8.5,vf=0.03)                      | 30/30
 20. GradDet(th=7.0,vf=0.03)+GradSplit(th=8.5,vf=0.04)                      | 30/30
     ... and 2410 more perfect configurations

TOP 20 CONFIGURATIONS (sorted by accuracy):
----------------------------------------------------------------------------------------------------
Rank  Configuration                                                  Accuracy   Correct/Total   Failures
----------------------------------------------------------------------------------------------------
1     GradDet(th=7.0,vf=0.03)+GradSplit(th=6.0,vf=0.03)                1.0000           30/30          0
2     GradDet(th=7.0,vf=0.03)+GradSplit(th=6.0,vf=0.04)                1.0000           30/30          0
3     GradDet(th=7.0,vf=0.03)+GradSplit(th=6.0,vf=0.05)                1.0000           30/30          0
4     GradDet(th=7.0,vf=0.03)+GradSplit(th=6.0,vf=0.06)                1.0000           30/30          0
5     GradDet(th=7.0,vf=0.03)+GradSplit(th=6.0,vf=0.07)                1.0000           30/30          0
6     GradDet(th=7.0,vf=0.03)+GradSplit(th=6.0,vf=0.08)                1.0000           30/30          0
7     GradDet(th=7.0,vf=0.03)+GradSplit(th=7.0,vf=0.03)                1.0000           30/30          0
8     GradDet(th=7.0,vf=0.03)+GradSplit(th=7.0,vf=0.04)                1.0000           30/30          0
9     GradDet(th=7.0,vf=0.03)+GradSplit(th=7.0,vf=0.05)                1.0000           30/30          0
10    GradDet(th=7.0,vf=0.03)+GradSplit(th=7.0,vf=0.06)                1.0000           30/30          0
11    GradDet(th=7.0,vf=0.03)+GradSplit(th=7.0,vf=0.07)                1.0000           30/30          0
12    GradDet(th=7.0,vf=0.03)+GradSplit(th=7.0,vf=0.08)                1.0000           30/30          0
13    GradDet(th=7.0,vf=0.03)+GradSplit(th=8.0,vf=0.03)                1.0000           30/30          0
14    GradDet(th=7.0,vf=0.03)+GradSplit(th=8.0,vf=0.04)                1.0000           30/30          0
15    GradDet(th=7.0,vf=0.03)+GradSplit(th=8.0,vf=0.05)                1.0000           30/30          0
16    GradDet(th=7.0,vf=0.03)+GradSplit(th=8.0,vf=0.06)                1.0000           30/30          0
17    GradDet(th=7.0,vf=0.03)+GradSplit(th=8.0,vf=0.07)                1.0000           30/30          0
18    GradDet(th=7.0,vf=0.03)+GradSplit(th=8.0,vf=0.08)                1.0000           30/30          0
19    GradDet(th=7.0,vf=0.03)+GradSplit(th=8.5,vf=0.03)                1.0000           30/30          0
20    GradDet(th=7.0,vf=0.03)+GradSplit(th=8.5,vf=0.04)                1.0000           30/30          0

✅ Full results saved to: split_detection_grid_search_results.csv
✅ Perfect configurations saved to: split_detection_perfect_configs.csv

====================================================================================================
Grid search complete!
Total configurations tested: 6590
Perfect configurations found: 2430
====================================================================================================
